"last_name, first_name",pitcher,n_ff,n_si,n_fc,n_sl,n_ch,n_cu,n_fs,n_kn,n_st,n_sv
"Alcantara, Sandy",645261,18.0,26.4,14.8,6.6,20.8,4.4,,,8.9,
"Sánchez, Cristopher",650911,,43.6,,18.8,37.6,,,,,
"Luzardo, Jesús",666200,26.2,17.3,,,18.3,,,,38.2,
"Gausman, Kevin",592332,51.4,,,8.8,1.0,,38.4,,0.4,
"Bradley, Taj",671737,46.7,,24.4,,,8.9,20.0,,,
"Gore, MacKenzie",669022,47.0,5.4,6.5,9.9,13.1,18.1,,,,
"Schlittler, Cam",693645,44.2,19.8,25.4,1.0,,9.6,,,,
"Rodriguez, Eduardo",593958,39.6,8.5,13.1,,26.9,12.0,,,,
"Nola, Aaron",605400,24.0,18.3,7.7,0.8,16.4,32.9,,,,
"McLean, Nolan",690997,20.0,33.9,10.4,3.9,6.3,14.4,,,11.1,
"Baz, Shane",669358,34.4,8.9,14.9,,9.0,32.8,,,,
"Gilbert, Logan",669302,40.1,0.4,5.5,25.0,7.4,0.1,14.5,,7.1,
"Cease, Dylan",656302,36.8,7.9,,30.3,11.5,9.8,,,3.7,
"Wacha, Michael",608379,27.4,13.9,14.9,8.6,25.1,10.1,,,,
"Lugo, Seth",607625,16.3,19.4,15.9,9.3,9.2,17.5,,,11.1,1.3
"Cavalli, Cade",676917,32.5,12.5,6.2,,7.6,26.7,,,14.4,
"Messick, Parker",800048,41.3,15.2,5.2,6.2,23.2,8.9,,,,
"King, Michael",650633,19.9,28.1,,5.4,27.1,,,,19.5,
"Soriano, José",667755,21.7,29.4,,5.0,,25.5,18.4,,,
"Detmers, Reid",672282,45.5,1.1,,32.9,9.5,11.0,,,,
"Williams, Gavin",668909,26.9,16.1,6.2,,,22.5,,,28.3,
"Bibee, Tanner",676440,23.4,20.9,24.3,,15.2,11.1,,,5.1,
"Peralta, Freddy",642547,52.8,,,4.4,23.0,14.1,,,5.7,
"Ray, Robbie",592662,32.3,13.6,,23.1,19.2,11.9,,,,
"Griffin, Foster",656492,16.3,10.2,32.8,,11.4,9.3,5.9,,14.1,
"Abbott, Andrew",671096,44.9,,2.9,,19.4,13.3,,,19.6,
"Roupp, Landen",694738,5.7,34.0,13.9,,20.6,25.7,,,,
"Skenes, Paul",694973,40.8,11.9,,7.6,12.8,0.4,10.8,,15.7,
"Cameron, Noah",702070,24.3,4.5,21.1,12.7,20.9,16.5,,,,
"Imanaga, Shota",684007,40.7,6.0,,2.1,,2.8,33.7,,14.7,
"Burke, Sean",680732,36.9,14.4,9.7,17.0,1.9,20.1,,,,
"Valdez, Framber",664285,3.7,44.5,0.0,4.4,18.3,29.1,,,,
"Kay, Anthony",641743,22.4,17.4,17.0,6.3,14.2,,,,22.8,
"Bradish, Kyle",680694,16.9,36.5,,24.3,0.5,21.8,,,,
"Kirby, George",669923,28.5,20.9,4.3,,5.4,10.3,2.4,,28.1,
"Yamamoto, Yoshinobu",808967,27.0,12.5,14.8,5.9,,13.0,26.7,,,
"Singer, Brady",663903,2.1,50.1,6.8,27.1,,,,,13.8,
"Cantillo, Joey",676282,33.3,,7.6,4.4,24.5,30.1,,,,
"McGreevy, Michael",700241,24.4,16.7,11.5,4.5,19.7,12.6,,,10.6,
"Sale, Chris",519242,40.9,8.8,,39.8,10.5,,,,,
"deGrom, Jacob",594798,41.9,2.9,,35.7,13.3,6.2,,,,
"Rasmussen, Drew",656876,28.3,23.4,28.9,,13.1,3.5,,,2.7,
"Misiorowski, Jacob",694819,63.1,,14.3,11.4,1.1,10.1,,,,
"Liberatore, Matthew",669461,30.1,8.0,4.0,26.6,12.9,17.6,0.4,,0.5,
"Kelly, Merrill",518876,27.7,9.8,13.0,10.1,27.8,11.6,,,,
"Burns, Chase",695505,55.6,0.4,,38.7,5.2,0.0,,,,
"Rogers, Trevor",669432,46.3,10.1,8.7,,20.8,,,,14.1,
"Chandler, Bubba",696149,48.3,8.2,,20.3,14.6,4.3,,,4.3,
"Warren, Will",701542,36.2,25.7,,0.3,13.1,5.3,,,19.4,
"Ashcraft, Braxton",677952,30.6,16.5,,22.2,,26.4,4.2,,,
"Webb, Logan",657277,13.6,29.3,13.1,,24.1,,,,19.9,
"Woo, Bryan",693433,46.7,19.4,,14.7,6.3,1.8,,,11.0,
"Lambert, Peter",663567,31.1,9.6,10.5,12.1,23.7,0.4,,,7.8,4.9
"Pallante, Andre",669467,33.0,17.4,,29.4,,17.4,2.8,,,
"Pérez, Eury",691587,37.9,17.9,,16.6,8.6,5.9,,,13.2,
"Wheeler, Zack",554430,35.6,15.9,10.3,,,8.5,15.4,,14.4,
"Buehler, Walker",621111,19.6,19.7,25.1,10.2,9.9,8.5,,,7.1,
"Lorenzen, Michael",547179,19.1,19.9,14.5,7.6,20.6,10.8,,,7.6,
"Springs, Jeffrey",605488,43.5,,3.1,22.9,24.8,,,,5.7,
"Martinez, Nick",607259,12.6,31.2,21.6,3.6,26.5,4.5,,,,
"Gray, Sonny",543243,17.2,21.6,19.0,,5.5,16.6,,,20.2,
"Rocker, Kumar",677958,13.5,29.6,14.2,38.2,3.6,,0.9,,,
"Weathers, Ryan",677960,22.2,20.8,,11.7,25.3,,,,20.1,
"Castillo, Luis",622491,41.7,18.7,0.0,24.8,14.7,,,,,
"Sugano, Tomoyuki",608372,20.6,18.8,11.2,9.2,,7.7,21.6,,10.8,
"Fedde, Erick",607200,1.2,30.2,19.2,,11.7,,,,37.7,
"Young, Brandon",687064,40.6,13.3,,15.4,,11.8,18.9,,,
"Elder, Bryce",693821,22.4,27.9,15.0,22.4,12.3,,,,,
"May, Dustin",669160,25.0,19.2,23.5,,6.5,7.3,,,18.5,
"Manaea, Sean",640455,37.9,19.5,7.6,,4.4,,,,30.6,
"Peterson, David",656849,23.6,30.3,,22.2,13.4,10.4,,,,
"Ureña, Walbert",700712,20.2,31.9,,,33.6,,,,14.3,
"Leahy, Kyle",681517,26.1,13.0,,16.4,14.5,16.5,,,13.6,
"Rea, Colin",607067,42.3,8.2,5.7,10.9,18.4,5.6,,,8.9,
"Ginn, J.T.",669372,11.3,36.8,16.2,12.8,20.0,2.9,,,,
"Hancock, Emerson",676106,39.5,23.4,11.6,,5.0,4.5,,,16.1,
"Holmes, Grant",656550,29.0,11.5,8.5,36.7,6.7,7.7,,,,
"Montero, Keider",672456,30.7,22.5,,19.1,13.8,13.9,,,,
"Ryan, Joe",657746,45.3,9.5,,6.4,,11.6,12.4,,14.7,
"Martin, Davis",663436,26.8,19.1,12.8,12.9,14.1,14.3,,,,
"Mahle, Tyler",641816,48.5,0.8,16.0,6.2,,,28.5,,,
"Skubal, Tarik",669373,36.8,18.3,,13.7,26.3,4.9,,,,
"Suarez, Ranger",624133,22.8,23.5,19.3,4.6,13.2,16.6,,,,
"Tolle, Payton",801139,44.9,23.2,19.5,,3.0,9.5,,,,
"Pérez, Martín",527048,4.6,35.1,21.8,,31.0,7.5,,,,
"Lowder, Rhett",695076,21.2,28.8,,26.6,20.6,2.6,,,0.1,
"Vásquez, Randy",681190,31.2,16.4,23.6,6.9,8.5,8.1,,,5.4,
"Sasaki, Roki",808963,41.9,,,21.5,,,28.8,,,
"Wrobleski, Justin",680736,49.3,7.8,1.2,28.3,5.3,4.7,0.0,,3.4,
"Eovaldi, Nathan",543135,13.7,7.1,19.3,0.8,,22.4,36.7,,,
"Freeland, Kyle",607536,23.6,9.1,21.7,,13.4,21.5,,,10.6,
"Lopez, Jacob",682052,34.1,3.2,20.3,34.2,8.3,,,,,
"Harrison, Kyle",690986,56.9,1.9,,,9.2,,,,,32.0
"Littell, Zack",641793,25.5,14.5,,28.3,,,23.1,,8.7,
"Cecconi, Slade",677944,26.6,20.2,25.5,4.7,2.1,14.6,0.1,,6.1,
"Mlodzinski, Carmen",669387,27.4,17.7,3.5,3.7,,11.3,25.7,,10.7,
"Matthews, Zebby",805673,36.0,4.9,12.3,22.0,13.0,11.7,,,,
"Seymour, Ian",693855,27.3,15.4,0.6,6.3,29.3,0.7,,,20.3,
"Keller, Mitch",656605,32.0,17.1,7.4,9.5,9.0,9.1,,,16.0,
"Ober, Bailey",641927,32.1,2.8,,17.8,34.0,1.5,,,11.8,
"Mize, Casey",663554,34.6,9.8,,27.7,,,23.5,,,4.5
"Feltner, Ryan",663372,29.0,14.3,,22.9,18.0,5.5,,,10.3,
"Painter, Andrew",691725,32.0,9.3,,18.4,8.6,6.3,8.8,,16.5,
"Phillips, Tyler",663969,7.8,25.8,,1.5,,16.8,23.7,,24.4,
"Drohan, Shane",675660,27.6,20.9,12.0,21.0,5.3,13.2,,,,
"McClanahan, Shane",663556,38.5,,,18.4,28.2,14.9,,,,
"Mikolas, Miles",571945,24.6,23.9,,23.2,8.0,15.0,,,5.3,
"Prielipp, Connor",687570,27.2,14.2,,30.5,10.3,17.8,,,,
"Lauer, Eric",641778,41.8,,22.9,8.2,14.8,12.3,,,,
"Perkins, Jack",678022,31.0,4.7,14.3,2.9,18.4,,,,28.7,
"Scott, Christian",681035,47.8,1.8,18.3,0.1,,5.4,3.4,,23.1,
"Arrighetti, Spencer",681293,28.7,10.2,7.0,0.9,7.4,33.8,,,12.1,
"Meyer, Max",676974,24.0,9.7,,26.0,10.2,,,,30.0,
"Sheehan, Emmet",686218,42.7,,,29.7,16.1,11.5,,,,
"Pfaadt, Brandon",694297,26.3,16.6,11.7,,16.2,15.2,,,13.9,
"Junk, Janson",676083,33.8,4.2,,20.4,18.3,8.9,,,14.4,
"Civale, Aaron",650644,11.0,16.8,37.1,3.3,,25.3,6.5,,,
"Bello, Brayan",678394,7.7,39.9,15.5,,20.2,3.7,,,13.1,
"Houser, Adrian",605288,21.7,45.8,,9.8,15.9,6.9,,,,
"Sproat, Brandon",687075,24.9,26.1,21.1,,7.9,9.8,,,10.1,
"Jump, Gage",695611,46.6,5.3,,22.5,9.3,10.6,,,5.8,
"Boyd, Matthew",571510,43.7,1.3,,15.2,26.8,12.9,,,,
"Gallen, Zac",668678,36.0,5.6,,22.2,17.5,18.7,,,,
"Irvin, Jake",663623,29.8,19.0,10.8,,8.2,23.5,,,8.7,
"Cole, Gerrit",543037,49.3,3.5,0.4,19.6,13.5,13.8,,,,
"Flaherty, Jack",656427,49.2,4.5,,24.2,2.6,19.6,,,,
"Patrick, Chad",694477,25.5,23.3,42.3,,0.6,,,,,8.4
"Melton, Troy",675512,32.5,9.0,21.9,17.1,11.6,7.9,,,,
"Lodolo, Nick",666157,26.8,25.8,,,22.8,24.6,,,,
"Miller, Bryce",682243,40.0,7.5,6.2,10.7,,4.5,24.4,,6.7,
"Anderson, Drew",623454,40.3,1.6,,4.8,30.9,22.3,,,,
"Brown, Hunter",686613,31.8,29.7,,9.8,9.5,19.1,,,,
"Soroka, Michael",647336,32.3,10.4,11.8,,12.4,,,,0.8,32.3
"Quantrill, Cal",615698,23.3,25.4,20.5,3.5,,4.4,22.9,,,
"Burrows, Mike",681347,28.5,13.5,,16.5,27.1,14.4,,,,
"Alvarez, Andrew",674841,27.6,15.0,,21.6,5.2,30.6,,,,
"Yesavage, Trey",702056,46.6,,,24.6,,,28.8,,,
"Bassitt, Chris",605135,7.9,37.6,19.1,2.7,4.6,21.9,,,6.2,
"Gasser, Robert",688107,23.6,22.9,18.4,0.6,9.2,,,,25.4,
"Jax, Griffin",643377,17.8,21.9,3.3,,22.8,9.1,,,25.1,
"Early, Connelly",813349,35.1,19.9,,8.0,18.3,10.9,,,7.9,
"Blubaugh, AJ",805123,50.9,,4.5,,21.2,0.9,,,22.5,
"Fried, Max",608331,18.0,21.8,22.4,1.1,12.2,13.4,,,11.2,
"Rodriguez, Grayson",680570,53.1,,,10.6,25.5,10.8,,,,
"Bennett, Jake",687562,35.3,24.5,4.1,,26.3,2.7,,,7.1,
"Johnson, Ryan",696270,,19.2,37.7,0.3,,,21.6,,21.2,
"Taillon, Jameson",592791,27.4,9.6,19.0,1.0,15.7,11.0,,,16.4,
"Suter, Brent",608718,25.6,33.7,,12.9,27.8,,,,,
"Ashby, Aaron",676879,1.8,52.3,,12.7,11.5,21.6,,,,
"Gordon, Tanner",685299,42.9,2.7,2.5,21.9,21.9,8.2,,,,
"Corbin, Patrick",571578,11.3,27.1,15.2,27.4,17.5,1.6,,,,
"Assad, Javier",665871,18.7,42.3,12.7,4.0,8.0,7.3,,,7.0,
"Canning, Griffin",656288,24.3,9.8,6.1,23.5,24.7,8.6,,,3.1,
"Jones, Jared",683003,46.2,,,35.0,11.4,7.3,,,,
"Imai, Tatsuya",837227,44.0,4.4,,45.6,2.6,0.4,3.0,,,
"Leiter, Jack",683004,38.5,7.3,9.8,18.3,17.4,8.7,,,,
"Lord, Brad",695418,38.1,23.1,,20.1,4.9,,,,13.8,
"Agnos, Zach",688642,25.5,13.3,21.9,12.8,,,10.9,,15.6,
"Miles, Spencer",693686,14.8,44.0,,16.2,0.1,24.9,,,,
"Holmes, Clay",605280,0.9,49.9,10.4,,14.3,7.0,,,17.5,
"Ohtani, Shohei",660271,45.1,5.2,0.7,1.1,,10.0,8.5,,29.4,
"Henderson, Logan",701656,45.9,,16.2,,34.8,,,,3.2,
"Newcomb, Sean",656794,38.1,21.5,1.8,,3.2,3.9,,,,31.5
"López, Reynaldo",625643,54.2,,,31.4,3.8,10.6,,,,
"Bachar, Lake",669199,29.7,4.7,,23.3,,18.9,7.9,,15.6,
"Ramírez, Yohan",670990,22.1,24.3,,,0.4,11.5,,,41.7,
"Avila, Luinder",679883,26.0,27.4,,21.7,10.3,14.7,,,,
"Nelson, Ryne",669194,56.8,3.7,9.9,20.0,,9.5,,,,
"Cabrera, Edward",665795,17.0,21.2,,11.7,30.5,19.7,,,,
"Gusto, Ryan",687473,28.1,12.5,12.7,11.3,13.8,8.5,,,13.0,
"Teng, Kai-Wei",678906,27.3,16.7,,1.7,9.9,9.2,,,35.4,
"Matz, Steven",571927,,49.5,0.2,8.5,29.5,12.3,,,,
"Rodón, Carlos",607074,45.9,13.3,,24.8,14.7,1.4,,,,
"Morejon, Adrian",670970,14.0,46.9,,15.8,23.2,,,,,
"Harris, Hogan",663687,60.6,,1.2,6.6,4.2,27.0,,,,0.3
"Bruihl, Justin",677865,5.9,43.6,1.0,,9.0,,,,40.5,
"Kremer, Dean",665152,27.1,13.8,17.9,1.4,,13.4,26.4,,,
"Headrick, Brent",687396,48.7,8.9,,30.2,,,12.1,,,
"Taylor, Grant",691799,45.5,11.7,0.3,15.2,,27.2,,,,
"Fisher, Braydon",680755,18.7,0.2,2.6,48.7,,29.8,,,,
"Scherzer, Max",453286,47.0,,5.7,17.5,15.3,14.5,,,,
"Medina, Luis",665622,29.7,25.6,,17.3,14.7,12.7,,,,
"Zeferjahn, Ryan",666171,33.7,15.9,,9.7,,2.4,,,38.3,
"Mejia, Juan",675848,53.6,5.2,,2.1,2.3,,,,36.8,
"Woods Richardson, Simeon",680573,43.4,0.1,,22.1,,9.6,24.7,,,
"Blackburn, Paul",621112,2.9,33.4,20.4,0.5,21.1,14.6,,,7.0,
"Morris, Andrew",702193,45.8,11.6,21.4,,10.8,1.5,,,9.0,
"Varland, Louis",686973,41.1,2.3,,8.2,17.8,30.5,,,,
"Schultz, Noah",702273,22.6,25.9,21.0,,10.0,2.3,,,18.2,
"Richards, Trevor",670950,62.8,0.5,,8.6,28.0,,,,,
"McDonald, Trevor",686790,1.0,57.6,0.8,25.9,14.7,,,,,
"Smith, Cade",671922,64.4,,,,,,24.4,,11.2,
"Hoffman, Jeff",656546,31.1,4.4,,43.9,,,20.6,,,
"Burke, Brock",656271,40.6,13.7,,28.1,17.6,,,,,
"Peralta, Wandy",593974,9.4,41.8,,15.3,33.5,,,,,
"Fuentes, Didier",800311,68.8,,,23.7,,0.7,6.8,,,
"Kochanowicz, Jack",686799,22.2,38.3,,16.3,23.2,,,,,
"Graceffo, Gordon",700669,38.0,7.1,15.9,17.1,12.8,9.1,,,,
"Severino, Luis",622663,21.2,23.8,20.7,4.2,5.4,,,,24.6,
"Holton, Tyler",663947,12.6,20.2,31.4,,16.9,3.4,,,15.6,
"Lynch IV, Daniel",663738,15.2,31.7,,19.9,24.4,8.8,,,,
"Moll, Sam",594580,11.6,36.5,,,15.8,,,,36.1,
"De Los Santos, Enyel",660853,43.6,,,30.5,25.9,,,,,
"Senzatela, Antonio",622608,32.0,19.3,33.4,2.0,5.0,8.4,,,,
"Watson, Ryan",670245,19.3,15.2,25.3,,,16.7,0.9,,22.7,
"Suarez, José",660761,36.3,9.7,0.7,26.2,24.1,,,,3.0,
"Soriano, George",666277,29.3,7.4,,23.5,30.6,,,,9.2,
"Dobnak, Randy",677976,9.4,39.3,,5.4,21.0,,,,24.9,
"Rodriguez, Bradgley",699134,25.4,25.0,,6.7,42.9,,,,,
"Bednar, David",670280,40.9,,,,,18.4,40.8,,,
"Bazardo, Eduard",660825,0.4,62.5,,,,,2.3,,34.9,
"Alexander, Tyler",641302,17.7,19.2,21.2,,23.7,0.1,,,18.1,
"Wells, Tyler",669330,28.1,,30.3,14.9,22.3,4.4,,,,
"Faucher, Calvin",676534,9.5,15.9,33.3,2.6,,14.0,,,24.8,
"Webb, Jacob",657097,43.0,,,9.0,38.4,7.2,,,2.5,
"Okert, Steven",595345,27.5,5.4,,66.9,0.2,,,,,
"Montgomery, Mason",682254,48.7,20.5,,14.5,2.2,14.2,,,,
"Senga, Kodai",673540,42.4,3.4,13.8,6.4,,0.2,,,8.5,
"Marinaccio, Ron",676760,42.6,,20.8,,27.3,,,,9.3,
"Abreu, Bryan",650556,44.7,,10.7,44.5,0.1,,,,,
"Lange, Alex",656638,9.8,23.5,12.7,32.3,21.6,,,,,
"Miller, Mason",695243,47.6,0.1,,50.2,2.1,,,,,
"Soto, Gregory",642397,16.8,38.1,,28.1,,,0.1,,16.9,
"Ritchie, JR",702275,18.0,20.7,9.7,6.9,17.3,27.4,,,,
"Alvarado, José",621237,2.1,62.6,32.5,,,2.8,,,,
"Finnegan, Kyle",640448,51.2,,,16.1,,,32.7,,,
"Festa, Matt",670036,48.6,6.3,5.2,,,,,,39.9,
"Paddack, Chris",663978,34.5,6.1,13.1,0.1,27.2,11.3,,,7.7,
"Gómez, Yoendrys",672782,46.4,9.5,15.0,,5.6,,,,23.6,
"Legumina, Casey",668984,42.3,22.3,,11.9,11.3,,,,12.3,
"Domínguez, Seranthony",622554,42.5,16.9,,,,1.5,11.5,,27.6,
"Stanek, Ryne",592773,51.7,9.5,,22.8,,,15.8,,0.2,
"Thornton, Zac",804267,25.0,9.5,30.5,9.5,4.3,4.5,,,16.7,
"Morán, Jovani",663558,39.3,8.6,12.0,,35.3,0.2,,,4.6,
"Brown, Ben",676962,37.0,20.6,,,6.0,36.5,,,,
"Latz, Jacob",656641,55.7,,,17.9,18.8,7.6,,,,
"Kerkering, Orion",689147,33.8,17.9,,,,,5.5,,42.8,
"Brubaker, JT",664141,6.0,45.1,,26.4,13.8,8.7,,,,
"Hart, Kyle",606996,8.8,30.8,,14.8,,,20.2,,25.4,
"Silseth, Chase",681217,41.5,13.4,,,,,24.8,,20.3,
"Lee, Dylan",669276,32.1,,,52.3,15.6,,,,,
"O'Brien, Riley",676617,,59.2,,7.7,1.1,,,,32.0,
"Ferrer, José A.",678606,0.2,70.5,,12.4,16.9,,,,,
"Ginkel, Kevin",656464,47.1,4.8,,48.2,,,,,,
"Petersen, Michael",656848,60.8,0.2,,27.0,12.1,,,,,
"Brazobán, Huascar",623211,6.2,51.1,3.0,0.6,39.1,,,,,
"Mayza, Tim",641835,9.9,56.9,,30.8,,,2.3,,,
"Javier, Cristian",664299,47.1,1.2,7.3,0.5,16.5,1.6,,,25.8,
"Hughes, Gabriel",687312,51.8,9.4,,9.3,11.3,11.1,,,7.2,
"Matsui, Yuki",673513,37.2,2.9,,30.5,,,26.2,,3.2,
"Hudson, Bryan",663542,67.2,4.4,1.3,,,,,,27.1,
"King, Bryan",687911,56.1,15.4,,,0.9,0.1,,,27.4,
"Doval, Camilo",666808,,40.2,27.1,30.0,2.7,,,,,
"Fluharty, Mason",689254,,,49.6,,9.8,,,,40.6,
"Morillo, Juan",666661,48.3,17.8,,12.8,21.2,,,,,
"Sandoval, Patrick",663776,21.6,19.0,,23.1,26.0,4.8,,,5.5,
"Rogers, Tyler",643511,,76.7,,23.3,,,,,,
"Henriquez, Edgardo",683618,34.4,24.6,14.4,22.3,,4.3,,,,
"Cruz, Fernando",518585,31.9,3.0,,,,,51.3,,13.9,
"Rogers, Taylor",573124,,35.9,13.1,0.7,,,,,50.2,
"Clarke, Taylor",664199,1.5,20.9,19.2,29.9,28.5,,,,,
"Bowlan, Jonathan",680742,47.8,11.5,,18.2,13.5,0.9,,,8.2,
"Dobbins, Hunter",690928,32.2,13.1,,17.0,,11.4,11.7,,14.7,
"Bieber, Shane",669456,36.6,4.4,12.2,10.0,18.4,18.5,,,,
"Gray, Peyton",682608,41.4,,,18.7,39.8,,,,,
"Garcia, Rico",670329,33.6,,,15.9,27.4,23.1,,,,
"Dreyer, Jack",676263,46.9,,,37.2,,15.9,,,,
"Kikuchi, Yusei",579328,40.9,,7.0,24.2,,10.5,17.4,,,
"Schreiber, John",670167,28.8,23.9,13.0,,7.0,,,,27.2,
"Fermin, José",820862,7.0,30.5,,57.7,4.9,,,,,
"Márquez, Germán",608566,38.1,13.9,,13.0,3.2,31.8,,,,
"Weissert, Greg",669711,28.7,34.7,,8.4,12.8,2.2,,,13.2,
"Kelly, Kevin",687330,7.1,57.4,0.3,,27.7,,,,7.4,
"Anderson, Grant",681982,35.4,23.9,,,3.4,,,,37.3,
"Suárez, Albert",544150,53.6,,20.7,,16.8,8.8,,,,0.1
"Vesia, Alex",681911,54.2,,,31.4,14.4,,,,,
"Bernardino, Brennan",657514,5.1,40.4,11.9,,7.1,34.5,,,1.0,
"Yarbrough, Ryan",642232,17.1,13.1,28.1,,21.6,,,,20.1,
"Muñoz, Andrés",662253,41.9,7.9,,43.5,6.8,,,,,
"Baker, Bryan",641329,51.9,,,3.1,44.9,,,,,
"Vodnik, Victor",680767,46.2,3.0,1.6,29.1,15.3,,,,,4.9
"Nunez, Anthony",689296,29.6,12.5,5.5,,22.3,,,,30.1,
"Nance, Tommy",667297,0.3,27.3,,43.8,,28.5,,,,
"Cruz, Steven",674444,55.1,,29.3,15.3,,,,,0.3,
"Scott, Tanner",656945,47.5,,,52.5,,,,,,
"Miller, Erik",669062,6.7,47.6,,41.7,4.0,,,,,
"Rolison, Ryan",669020,40.9,12.3,,14.0,1.0,17.4,,,14.4,
"Glasnow, Tyler",607192,33.1,22.3,,17.7,,26.8,,,,
"Loáisiga, Jonathan",642528,16.2,34.3,7.1,,27.3,15.1,,,,
"Herrin, Tim",682120,21.3,24.2,,25.3,0.5,28.7,,,,
"Gaddis, Hunter",683769,28.1,,,50.9,20.2,,0.8,,,
"Duran, Jhoan",661395,26.5,,,,5.0,9.3,48.1,,11.1,
"Holderman, Colin",670059,4.7,51.0,0.1,,,10.5,,,33.7,
"Iglesias, Raisel",628452,37.4,19.5,,6.8,36.3,,,,,
"Santana, Dennis",642701,28.0,12.6,9.8,35.1,14.4,,,,,
"Alvarado, Elvis",665660,59.8,13.2,,20.4,,,6.5,,,
"Hall, DL",669084,13.8,34.9,1.0,9.4,16.1,16.3,,,8.6,
"Kolek, Stephen",663568,28.3,21.7,12.3,16.4,11.9,,,,9.3,
"Weaver, Luke",596133,50.5,0.1,14.5,0.1,34.7,,,,,
"Herget, Jimmy",623474,8.8,22.1,,31.7,8.4,,,,29.0,
"Erceg, Lucas",668674,28.9,28.3,0.7,28.4,13.7,,,,,
"Sulser, Cole",642121,45.1,,12.2,,38.9,,,,3.9,
"Warren, Austin",681810,16.1,26.9,1.5,,2.1,7.6,,,45.9,
"Antone, Tejay",622088,5.0,11.2,17.1,1.0,,11.7,,,54.0,
"Uribe, Abner",682842,0.2,61.8,,37.6,0.4,,,,,
"Romero, JoJo",668941,1.8,45.0,,,17.3,,,,35.9,
"Farris, Mitch",815083,47.9,,14.3,12.7,25.1,,,,,
"Kinley, Tyler",641755,15.5,1.2,,66.6,0.4,16.3,,,,
"Funderburk, Kody",681892,,34.4,34.9,4.4,5.7,,,,20.5,
"Bubic, Kris",663460,41.2,12.7,,8.9,20.0,,,,17.3,
"Adams, Travis",701519,25.2,5.6,19.9,23.5,25.9,,,,,
"Tidwell, Blade",694918,33.0,16.9,,8.6,4.5,3.7,,,33.5,
"Wolfram, Grant",664991,23.4,39.6,1.1,11.4,,15.7,,,8.8,
"Megill, Trevor",656730,63.7,,,,,36.3,,,,
"Beeter, Clayton",690925,49.5,,,50.5,,,,,,
"McCullers Jr., Lance",621121,3.7,21.9,27.6,,14.9,14.6,,,17.3,
"Sisk, Evan",681895,17.1,31.5,,,8.8,26.2,,,16.4,
"Thielbar, Caleb",573204,39.4,,,21.3,,25.9,,,13.4,
"Svanson, Matt",694335,1.1,44.9,21.7,,,,,,32.2,
"Chapman, Aroldis",547973,36.7,33.8,,17.9,,,11.7,,,
"Winn, Cole",668390,31.6,1.5,28.6,23.8,,0.1,14.4,,,
"Hicks, Jordan",663855,18.6,47.1,,,,,3.6,,30.8,
"Kilian, Caleb",668873,49.9,13.5,,12.8,,23.8,,,,
"Raley, Brooks",548384,,21.0,28.9,,13.0,,,,37.1,
"Sewald, Paul",623149,56.2,,1.8,,,,,,42.0,
"Gibson, Cade",806188,4.3,21.9,,16.1,7.5,22.3,,,27.9,
"Shugart, Chase",663767,10.1,28.8,30.9,,8.9,,,,21.3,
"Klein, Will",694361,50.9,,,4.6,,16.1,,,28.3,
"Bachman, Sam",696147,3.2,31.0,,50.9,14.5,,,,0.5,
"Junis, Jakob",596001,19.5,17.6,,,19.0,,,,43.9,
"Ribalta, Orlando",687377,28.0,16.7,,38.9,16.4,,,,,
"Hill, Tim",657612,6.4,82.6,,11.0,,,,,,
"Myers, Tobias",668964,47.0,,12.1,15.3,,,24.1,,1.5,
"Barnett, Mason",686930,48.7,,,19.5,7.0,10.0,,,14.8,
"Dollander, Chase",801403,37.7,24.0,,14.5,10.5,7.9,,,5.4,
"Kimbrel, Craig",518886,65.9,7.5,,,3.1,9.6,,,13.9,
