"last_name, first_name",pitcher,ff_avg_spin,si_avg_spin,fc_avg_spin,sl_avg_spin,ch_avg_spin,cu_avg_spin,fs_avg_spin,kn_avg_spin,st_avg_spin,sv_avg_spin
"Webb, Logan",657277,2054.0,1940.0,2235.0,,1460.0,,,,2605.0,
"Nola, Aaron",605400,2307.0,2240.0,2288.0,,1558.0,2604.0,,,,
"Cease, Dylan",656302,2557.0,2655.0,2658.0,2780.0,1554.0,2723.0,,,2891.0,
"Wheeler, Zack",554430,2431.0,2271.0,2531.0,,,2716.0,1555.0,,2571.0,
"Ragans, Cole",666142,2553.0,2567.0,2503.0,2542.0,2161.0,2471.0,,,,
"Lugo, Seth",607625,2367.0,2410.0,2445.0,2652.0,1854.0,3283.0,1431.0,,2843.0,3115.0
"Rodón, Carlos",607074,2384.0,1890.0,2399.0,2628.0,1656.0,2677.0,,,,
"Peralta, Freddy",642547,2436.0,2554.0,,2349.0,1731.0,2201.0,,,2329.0,
"Irvin, Jake",663623,2377.0,2299.0,2551.0,2579.0,2225.0,2534.0,,,,
"Gilbert, Logan",669302,2034.0,1958.0,2247.0,1910.0,,,640.0,,2283.0,
"Manaea, Sean",640455,2014.0,2038.0,2041.0,2054.0,1502.0,,,,2169.0,
"Burnes, Corbin",669203,1805.0,2520.0,2738.0,2982.0,2037.0,2877.0,,,2970.0,
"Gore, MacKenzie",669022,2309.0,,2026.0,2157.0,2018.0,2399.0,,,2256.0,
"López, Pablo",641154,2206.0,2104.0,,,2108.0,2647.0,,,2453.0,
"Kirby, George",669923,2232.0,2220.0,2301.0,,,2469.0,946.0,155.0,2364.0,
"Singer, Brady",663903,2364.0,2276.0,2450.0,2407.0,2072.0,,,,2425.0,
"Bassitt, Chris",605135,2162.0,2101.0,2240.0,2376.0,1930.0,2290.0,1267.0,,2341.0,
"Kikuchi, Yusei",579328,2289.0,,,2396.0,1655.0,2471.0,,,,
"Berríos, José",621244,2164.0,2049.0,2257.0,,1588.0,,,,,2336.0
"Anderson, Tyler",542881,2196.0,2194.0,2325.0,2380.0,1886.0,2146.0,,,,
"King, Michael",650633,2286.0,2263.0,,2425.0,2045.0,,,,2700.0,
"Fedde, Erick",607200,2076.0,1987.0,2150.0,,1730.0,,,,2356.0,
"Brown, Hunter",686613,2298.0,2150.0,2322.0,2163.0,1463.0,2486.0,,,,
"Severino, Luis",622663,2220.0,2090.0,2296.0,2544.0,1583.0,,,,2592.0,
"Corbin, Patrick",571578,2149.0,2084.0,2296.0,2202.0,1574.0,1935.0,1133.0,,,
"Canning, Griffin",656288,2118.0,1975.0,,2672.0,1770.0,2377.0,,,,
"Gausman, Kevin",592332,2287.0,2189.0,,2239.0,,,1764.0,,,
"Castillo, Luis",622491,2155.0,2008.0,,2296.0,1894.0,,,,,
"Sears, JP",676664,2087.0,1889.0,,2385.0,1675.0,2431.0,,,2427.0,
"Bibee, Tanner",676440,2361.0,2081.0,2738.0,,1992.0,2680.0,,,2683.0,
"Keller, Mitch",656605,2404.0,2443.0,2490.0,2496.0,2104.0,2652.0,,,2786.0,
"Cortes, Nestor",641482,2309.0,2239.0,2411.0,2434.0,1406.0,,,,2577.0,
"Skubal, Tarik",669373,2226.0,2116.0,,2105.0,1689.0,2322.0,930.0,,,
"Crawford, Kutter",676710,2505.0,,2493.0,,,2198.0,1102.0,,2271.0,
"Quintana, Jose",500779,2073.0,2065.0,,,1323.0,2227.0,,,,2258.0
"Sale, Chris",519242,2240.0,2088.0,,2334.0,1881.0,,,,,
"Sánchez, Cristopher",650911,,2111.0,2012.0,2019.0,2018.0,,,,,
"Flexen, Chris",623167,2143.0,2241.0,2401.0,2563.0,1319.0,2576.0,,,2601.0,
"Pfaadt, Brandon",694297,2557.0,2398.0,,,2074.0,2599.0,1641.0,,2838.0,
"Morton, Charlie",450203,2249.0,2130.0,2445.0,,2172.0,3085.0,,,,
"Gibson, Kyle",502043,2232.0,2027.0,2336.0,,1712.0,2387.0,,,2402.0,
"Fried, Max",608331,2225.0,2040.0,2355.0,2619.0,1421.0,2840.0,,,2821.0,
"Blanco, Ronel",669854,2228.0,,,2091.0,1485.0,2258.0,,,,
"Miller, Bryce",682243,2484.0,2406.0,2552.0,2541.0,,2332.0,912.0,,2258.0,
"Houck, Tanner",656557,2274.0,2191.0,2347.0,,,,1836.0,,2534.0,
"Heaney, Andrew",571760,2401.0,2426.0,2373.0,2509.0,2105.0,2536.0,,,,2703.0
"Bello, Brayan",678394,2192.0,2046.0,,2276.0,1810.0,,,,2364.0,
"Mikolas, Miles",571945,2253.0,2153.0,,2322.0,1676.0,2520.0,,,2385.0,
"Civale, Aaron",650644,2389.0,2242.0,2608.0,2789.0,,3124.0,1973.0,,2997.0,
"Ober, Bailey",641927,2303.0,,,2071.0,2038.0,2094.0,,,2018.0,
"Gil, Luis",661563,2438.0,,,2506.0,1721.0,,,,,
"Stroman, Marcus",573186,2300.0,2244.0,2531.0,2654.0,,2511.0,1917.0,,,2660.0
"Rea, Colin",607067,2174.0,2144.0,2191.0,,1413.0,2138.0,,,2205.0,
"Quantrill, Cal",615698,2215.0,2156.0,2369.0,2453.0,1569.0,2431.0,1045.0,,,
"Montas, Frankie",593423,2387.0,2256.0,2427.0,2556.0,,,1515.0,,2478.0,
"Eovaldi, Nathan",543135,2189.0,2121.0,2275.0,2121.0,,1933.0,1599.0,,,
"Gomber, Austin",596295,2180.0,2082.0,,2409.0,1664.0,2555.0,,,,
"Wacha, Michael",608379,2135.0,2029.0,2091.0,2041.0,1549.0,2261.0,,,,
"Valdez, Framber",664285,2160.0,2153.0,,2564.0,1677.0,2905.0,,,,
"Imanaga, Shota",684007,2442.0,1867.0,2387.0,,1678.0,2414.0,1119.0,,2512.0,
"Feltner, Ryan",663372,2354.0,2264.0,,2461.0,1590.0,2662.0,,,2453.0,
"Flaherty, Jack",656427,2258.0,2081.0,,2469.0,1610.0,2440.0,,,,
"Greene, Hunter",668881,2379.0,,,2378.0,,2377.0,1202.0,,,
"Assad, Javier",665871,2036.0,1894.0,2047.0,2335.0,1434.0,2440.0,,,2398.0,
"Gallen, Zac",668678,2293.0,1795.0,2409.0,2448.0,1533.0,2419.0,,,,
"Arrighetti, Spencer",681293,2306.0,2298.0,2498.0,2562.0,1675.0,2811.0,,,2800.0,
"Littell, Zack",641793,2023.0,2031.0,,2255.0,,,862.0,,2244.0,
"Taillon, Jameson",592791,2283.0,2249.0,2526.0,,1899.0,2692.0,,,2733.0,
"Gray, Sonny",543243,2515.0,2382.0,2708.0,,1704.0,2646.0,,,2690.0,
"Spence, Mitch",687765,,1731.0,2590.0,2762.0,1448.0,2805.0,,,,
"Waldron, Matt",663362,2063.0,1972.0,2194.0,,,,,244.0,2188.0,
"Eflin, Zach",621107,2204.0,2095.0,2215.0,2385.0,1596.0,2496.0,,,2434.0,
"Nelson, Ryne",669194,2216.0,,2200.0,2463.0,1960.0,2441.0,,,2551.0,
"Lively, Ben",594902,2006.0,1966.0,2020.0,1978.0,1701.0,2001.0,,,2003.0,
"Parker, Mitchell",680730,2191.0,,,2295.0,,2266.0,1000.0,,,
"Crochet, Garrett",676979,2500.0,2518.0,2603.0,,2082.0,,,,2455.0,
"Pivetta, Nick",601713,2311.0,2236.0,2341.0,2425.0,,2814.0,,,2477.0,
"Suarez, Ranger",624133,2010.0,1901.0,2065.0,2016.0,1231.0,2174.0,,,,
"Abbott, Andrew",671096,2254.0,,,2613.0,2115.0,2790.0,,,2730.0,
"Woods Richardson, Simeon",680573,2186.0,,,2308.0,2271.0,2590.0,,,,
"Bradley, Taj",671737,2304.0,,2265.0,,,2524.0,1485.0,,,
"Rogers, Trevor",669432,2431.0,2366.0,2251.0,,1619.0,,,,,
"Suárez, Albert",544150,2385.0,,2198.0,,2017.0,2359.0,,,,2128.0
"Pérez, Martín",527048,2089.0,1969.0,2206.0,2243.0,1672.0,2454.0,,,,
"Kremer, Dean",665152,2278.0,2104.0,2395.0,,,2780.0,1017.0,,,
"Marsh, Alec",679525,2499.0,2389.0,,2464.0,1748.0,2509.0,,,2478.0,
"Stone, Gavin",694813,2238.0,2093.0,2341.0,2084.0,1665.0,2319.0,,,2242.0,
"Myers, Tobias",668964,2227.0,1096.0,2213.0,2102.0,1856.0,2367.0,,,,
"Pepiot, Ryan",686752,2379.0,2192.0,2472.0,2527.0,2477.0,2583.0,,,,
"Ortiz, Luis",682847,2277.0,2279.0,2403.0,2441.0,1791.0,,,,,
"Falter, Bailey",663559,2039.0,1897.0,,1978.0,,1888.0,1493.0,,,
"Hendricks, Kyle",543294,2086.0,2010.0,,,2170.0,2976.0,,,,
"Martinez, Nick",607259,2342.0,2309.0,2375.0,2426.0,2105.0,2595.0,,,,
"Skenes, Paul",694973,2244.0,,,2323.0,2044.0,2510.0,1760.0,,2348.0,
"López, Reynaldo",625643,2073.0,,,2358.0,1561.0,2426.0,,,,
"Ryan, Joe",657746,2277.0,1952.0,,2416.0,,,2006.0,,2728.0,
"Lorenzen, Michael",547179,2386.0,2250.0,2571.0,2669.0,2020.0,2609.0,,,2630.0,
"Harrison, Kyle",690986,2203.0,2918.0,2165.0,,1946.0,1784.0,,,,1978.0
"Steele, Justin",657006,2419.0,2387.0,,2718.0,1625.0,2726.0,,,,
"Lynn, Lance",458681,2455.0,2378.0,2647.0,,1761.0,2527.0,,,2694.0,
"Cannon, Jonathan",686563,2195.0,2084.0,2300.0,,1710.0,,,,2594.0,
"Estes, Joey",683155,2374.0,2209.0,2579.0,2481.0,1655.0,,,,2605.0,
"Glasnow, Tyler",607192,2556.0,2509.0,,2714.0,,2748.0,,,,
"Maeda, Kenta",628317,2284.0,2289.0,2478.0,2566.0,,2778.0,1361.0,,2637.0,
"Hicks, Jordan",663855,2126.0,1927.0,,,,,925.0,,2240.0,
"Pallante, Andre",669467,2248.0,2123.0,,2371.0,,2817.0,,,,
"Montgomery, Jordan",656756,2294.0,2133.0,,2372.0,1606.0,2312.0,,,,
"Jones, Jared",683003,2537.0,1602.0,,2584.0,1733.0,2686.0,,,,
"Schwellenbach, Spencer",680885,2265.0,2012.0,2368.0,2473.0,,2398.0,1349.0,,,
"Rodriguez, Grayson",680570,2286.0,,,2467.0,1740.0,2730.0,,,,
"Peterson, David",656849,2142.0,2150.0,,2338.0,1637.0,2366.0,,,,
"Lodolo, Nick",666157,2331.0,2349.0,,,2005.0,2629.0,,,,
"Olson, Reese",681857,2230.0,2105.0,,2767.0,1978.0,2548.0,,,,
"Mize, Casey",663554,2260.0,2164.0,2148.0,2233.0,,2123.0,1258.0,,,2254.0
"Snell, Blake",605483,2435.0,1120.0,,2320.0,1816.0,2517.0,,,,
"Freeland, Kyle",607536,2355.0,2273.0,2331.0,,1546.0,2432.0,,,,
"Irvin, Cole",608344,2026.0,2035.0,2129.0,,1562.0,2223.0,,,,2211.0
"Ureña, José",570632,2139.0,2140.0,,2286.0,1801.0,,,,,
"Criswell, Cooper",681867,,2024.0,2214.0,2442.0,1516.0,,,,2498.0,
"Soriano, José",667755,2181.0,1887.0,,2295.0,,2454.0,1441.0,,,
"Cabrera, Edward",665795,2249.0,2180.0,,2357.0,1632.0,2509.0,,,,
"Woo, Bryan",693433,2280.0,2212.0,,2224.0,1928.0,,,,2463.0,
"Paxton, James",572020,2090.0,2053.0,1960.0,,1995.0,1938.0,,,,
"Carrasco, Carlos",471911,2181.0,2113.0,,2472.0,1342.0,2742.0,,,2489.0,
"Dunning, Dane",641540,2152.0,2086.0,2179.0,2267.0,1903.0,2299.0,,,,
"Vásquez, Randy",681190,2420.0,2392.0,2648.0,2913.0,2193.0,3155.0,,,3062.0,
"Alexander, Tyler",641302,2294.0,2135.0,2373.0,2304.0,1582.0,,,,2450.0,
"Allen, Logan",671106,2139.0,2051.0,2197.0,,871.0,,,,2246.0,
"Wilson, Bryse",669060,2100.0,2091.0,2075.0,,1698.0,2418.0,,,,
"Gray, Jon",592351,2029.0,,,2303.0,1517.0,2384.0,,,,
"Herz, DJ",687792,2325.0,,,2217.0,2272.0,2150.0,,,,
"Musgrove, Joe",605397,2652.0,2508.0,2723.0,2687.0,2115.0,2879.0,,,2869.0,
"Verlander, Justin",434378,2395.0,2444.0,,2442.0,1779.0,2685.0,,,,
"Francis, Bowden",670102,2363.0,2113.0,,2493.0,,2339.0,1059.0,,,
"Detmers, Reid",672282,2133.0,2038.0,,2243.0,1522.0,2469.0,,,,
"Spiers, Carson",686730,2325.0,2167.0,2461.0,2476.0,1658.0,,,,2739.0,
"Montero, Keider",672456,2165.0,2163.0,,2755.0,1762.0,2911.0,,,,
"Cole, Gerrit",543037,2362.0,2257.0,2486.0,2547.0,1457.0,2749.0,,,,
"Yarbrough, Ryan",642232,1875.0,1829.0,2009.0,,1871.0,,,,2178.0,2185.0
"Hudson, Dakota",641712,2115.0,2054.0,2665.0,2542.0,1782.0,2591.0,,,,
"Rodríguez, Yariel",684320,2360.0,2296.0,,2719.0,,2762.0,1530.0,,,
"Muñoz, Roddery",682610,2269.0,2230.0,2339.0,2324.0,1720.0,,,,,
"Fulmer, Carson",608334,2273.0,2228.0,,2492.0,1413.0,2669.0,,,2640.0,
"Yamamoto, Yoshinobu",808967,2158.0,2216.0,2363.0,2721.0,,2700.0,1326.0,,2765.0,
"Paddack, Chris",663978,2214.0,,,2032.0,1895.0,2133.0,,,,
"Schmidt, Clarke",657376,2599.0,2536.0,2713.0,3063.0,2456.0,3068.0,,,3032.0,
"Sandoval, Patrick",663776,2035.0,1961.0,,2545.0,1699.0,2751.0,,,2779.0,
"Soroka, Michael",647336,2527.0,2293.0,,2812.0,2211.0,,,,,2884.0
"Walker, Taijuan",592836,2070.0,1932.0,2326.0,2422.0,,2429.0,1377.0,,2475.0,
"Avila, Pedro",658648,2247.0,2306.0,,2743.0,1728.0,2725.0,,,2696.0,
"Tonkin, Michael",543859,2344.0,2281.0,,2272.0,,,,,2377.0,
"Weathers, Ryan",677960,2318.0,2243.0,,2405.0,1817.0,,,,2472.0,
"Povich, Cade",700249,2320.0,2113.0,2485.0,2381.0,1718.0,2449.0,,,2298.0,
"Birdsong, Hayden",806185,2291.0,,,2485.0,1248.0,2867.0,,,,
"Weaver, Luke",596133,2462.0,2453.0,2503.0,2344.0,1870.0,2555.0,,,,
"Law, Derek",571882,2111.0,2097.0,2288.0,2294.0,1829.0,2137.0,,,,
"Williams, Gavin",668909,2311.0,,2324.0,2324.0,2043.0,2381.0,,,,
"Megill, Tylor",656731,2218.0,2136.0,2149.0,2279.0,1580.0,2384.0,702.0,,2489.0,
"Stripling, Ross",548389,2144.0,2032.0,2245.0,2347.0,1668.0,2476.0,,,,
"Liberatore, Matthew",669461,2116.0,2140.0,2537.0,2705.0,1672.0,2865.0,,,,
"Ashcraft, Graham",668933,,2373.0,2414.0,2830.0,1980.0,,,,,
"Vodnik, Victor",680767,2279.0,2369.0,,2268.0,1828.0,,,,,
"Holton, Tyler",663947,2294.0,2226.0,2363.0,,1663.0,2664.0,,,2649.0,
"Buehler, Walker",621111,2279.0,2140.0,2417.0,2569.0,1564.0,2566.0,,,2698.0,
"McKenzie, Triston",663474,2229.0,,,2167.0,,2212.0,,,,
"Abreu, Bryan",650556,2356.0,2175.0,,2914.0,1675.0,,,,,
"Shuster, Jared",694363,2191.0,2141.0,,2259.0,1665.0,,,,,
"Cecconi, Slade",677944,2356.0,,2321.0,2435.0,1913.0,2445.0,,,2675.0,
"Miller, Erik",669062,2272.0,,,,1782.0,,,,2643.0,
"Darvish, Yu",506433,2317.0,2210.0,2484.0,2722.0,1525.0,2619.0,1272.0,,2732.0,
"Akin, Keegan",669211,2419.0,,,2529.0,2039.0,,,,,
"Winckowski, Josh",670174,2144.0,2005.0,2187.0,2362.0,1692.0,,,,,
"Wentz, Joey",666214,2236.0,,2456.0,,2042.0,2603.0,,,,
"Buttó, José",676130,2404.0,2174.0,,2614.0,1837.0,,,,2541.0,
"Walker, Ryan",676254,2215.0,2279.0,,2623.0,,,,,,
"Harris, Hogan",663687,2256.0,2273.0,2134.0,,2065.0,2574.0,,,2403.0,
"Blackburn, Paul",621112,2181.0,2026.0,2423.0,,1746.0,2551.0,,,2622.0,
"Robertson, David",502085,,2367.0,2618.0,2734.0,2216.0,2707.0,,,,
"Hjelle, Sean",663546,,2222.0,2259.0,,,1968.0,,,,
"Baz, Shane",669358,2419.0,,,2256.0,1787.0,2684.0,,,,
"Leclerc, José",600917,2534.0,2394.0,2607.0,2567.0,2038.0,2832.0,,,,
"Scott, Tayler",605463,2128.0,2172.0,,,,,1508.0,,2832.0,
"Ross, Joe",605452,2122.0,2160.0,,1974.0,1880.0,2221.0,,,,
"Fernandez, Ryan",681676,2172.0,2037.0,2319.0,2571.0,,,,,,
"Beeks, Jalen",656222,2178.0,1626.0,2200.0,,2029.0,2540.0,,,,
"Kinley, Tyler",641755,2364.0,2442.0,,2614.0,1825.0,,,,,
"Ginkel, Kevin",656464,2420.0,2283.0,,2485.0,,,,,,
"Richards, Trevor",670950,2248.0,2298.0,,2175.0,2600.0,,,,,
"Martinez, Justin",679885,2229.0,2080.0,,2361.0,,,845.0,,,
"Bradford, Cody",674003,2099.0,,2030.0,2072.0,1787.0,2029.0,,,,
"Banks, Tanner",621383,2257.0,2097.0,,2380.0,1850.0,,,,2356.0,
"Puk, A.J.",640462,2266.0,2155.0,,2268.0,1960.0,,1102.0,,2289.0,
"Farmer, Buck",571656,2362.0,2356.0,,2790.0,1792.0,,,,,
"Hader, Josh",623352,2365.0,2264.0,,2444.0,1635.0,,,,,
"Smith, Cade",671922,2280.0,,,,,,863.0,,2046.0,
"Scott, Tanner",656945,2567.0,2163.0,,2675.0,,,,,,
"Vest, Will",676684,2162.0,2016.0,,2381.0,1631.0,,,,,
"Strickland, Hunter",519326,2317.0,2238.0,2810.0,2724.0,1812.0,,,,2875.0,
"Sands, Cole",663485,2295.0,2210.0,2468.0,,,2785.0,1426.0,,,
"Brieske, Beau",689225,2504.0,2488.0,,2449.0,2105.0,,,,,
"Knack, Landon",689017,2448.0,,,2628.0,1722.0,2916.0,,,2702.0,
"Kelly, Merrill",518876,2381.0,2254.0,2387.0,2384.0,2175.0,2652.0,,,,
"Kopech, Michael",656629,2620.0,,2508.0,2499.0,,,,,,
"Thornton, Trent",663423,2502.0,2347.0,2744.0,2803.0,2103.0,3137.0,,,2942.0,
"Cruz, Fernando",518585,2281.0,2261.0,2446.0,2721.0,,,870.0,,,
"Blach, Ty",621389,,2048.0,2292.0,,1966.0,2317.0,,,,
"Houser, Adrian",605288,2213.0,2073.0,,2202.0,1541.0,1987.0,,,,
"Chapman, Aroldis",547973,2368.0,2368.0,,2247.0,,,1235.0,,,
"De Los Santos, Enyel",660853,2203.0,2362.0,,2219.0,1909.0,,,,,
"Barnes, Jacob",606930,2465.0,,2375.0,2190.0,,,,,,
"Doval, Camilo",666808,2455.0,2343.0,2425.0,2486.0,,,,,,
"Vesia, Alex",681911,2399.0,2630.0,,2409.0,1568.0,,,,,
"Armstrong, Shawn",542888,2311.0,2124.0,2463.0,,,,,,2597.0,2634.0
"Adam, Jason",592094,2653.0,2096.0,2634.0,2716.0,2166.0,,,,2687.0,
"Santana, Dennis",642701,2510.0,2437.0,2586.0,2552.0,2082.0,2902.0,,,,
"Festa, David",701581,2349.0,,,2564.0,1839.0,,,,,
"Cronin, Declan",686539,2650.0,2581.0,,2770.0,,,,,2261.0,
"Bellozo, Valente",678368,2089.0,,2470.0,,2029.0,2704.0,1801.0,,2681.0,
"Jiménez, Joe",641729,2398.0,,,2186.0,2201.0,,,,,
"Kerkering, Orion",689147,2355.0,2219.0,,,,,,,2899.0,
"Holmes, Clay",605280,2304.0,2194.0,,2611.0,,,,,2800.0,
"Luzardo, Jesús",666200,2213.0,2142.0,,2329.0,1929.0,,,,,
"Rogers, Taylor",573124,,2097.0,,,,,,,2762.0,
"Lawrence, Justin",664875,2420.0,2349.0,,,,,,,2945.0,
"Maton, Phil",664208,,2263.0,2535.0,2734.0,,3165.0,,,2692.0,
"Wesneski, Hayden",669713,2114.0,2066.0,2499.0,,1583.0,,,,2647.0,
"Gaddis, Hunter",683769,2327.0,,,2375.0,2154.0,,,,,
"Contreras, Roansy",672710,2328.0,2257.0,,2421.0,1975.0,2639.0,,,2523.0,
"Jax, Griffin",643377,2486.0,2451.0,,,1884.0,3079.0,,,3063.0,
"Finnegan, Kyle",640448,2085.0,,,2027.0,,,1004.0,,,
"Baumann, Mike",657508,2285.0,1986.0,,2371.0,2130.0,2342.0,,,,
"Domínguez, Seranthony",622554,2400.0,2306.0,,2438.0,1908.0,,,,2486.0,
"Morejon, Adrian",670970,2487.0,2418.0,,2752.0,,2710.0,,843.0,2708.0,
"Williams, Trevor",592866,2191.0,1896.0,,2174.0,1637.0,,,,2196.0,
"Pearson, Nate",663878,2254.0,2124.0,,2521.0,,2672.0,617.0,,,
"Cleavinger, Garrett",664076,2342.0,2398.0,2519.0,2604.0,,,,,2841.0,
"Bido, Osvaldo",674370,2386.0,2275.0,2190.0,2175.0,2098.0,,,,,
"Miller, Bobby",676272,2296.0,2256.0,,2383.0,2248.0,2651.0,,,,
"Alvarado, José",621237,2078.0,2070.0,2099.0,,,2587.0,,,,
"Matsui, Yuki",673513,2439.0,2540.0,,2713.0,,2730.0,1452.0,,2830.0,
"Molina, Anthony",683627,2114.0,,2096.0,2020.0,1841.0,2358.0,,,,
"Chavez, Jesse",445926,,1988.0,2201.0,2412.0,1882.0,2558.0,,,,
"Milner, Hoby",571948,2017.0,1973.0,,,1708.0,,,,1924.0,1928.0
"Lambert, Peter",663567,2234.0,2235.0,2325.0,2391.0,1462.0,2367.0,,,,2620.0
"Kelly, Kevin",687330,2179.0,2167.0,2306.0,,,,,,2574.0,
"Cabrera, Génesis",650893,2263.0,2238.0,2089.0,,1736.0,2184.0,,,,
"Weissert, Greg",669711,2292.0,2085.0,2329.0,2477.0,1852.0,,,,2931.0,
"Kittredge, Andrew",552640,2520.0,2286.0,2661.0,2634.0,2228.0,,,,,
"Mears, Nick",683232,2318.0,,,2534.0,,2537.0,,,,
"Yates, Kirby",489446,2357.0,,,2294.0,,,1288.0,,,
"Holmes, Grant",656550,2308.0,,2446.0,2736.0,1892.0,2843.0,,,,
"Miller, Mason",695243,2508.0,,,2260.0,1891.0,,2264.0,,,
"Bednar, David",670280,2468.0,,,,,2433.0,1681.0,,,
"Barlow, Scott",605130,2386.0,2274.0,,2719.0,,2598.0,,,2552.0,
"Suter, Brent",608718,2223.0,2131.0,,2251.0,1596.0,,,,,
"Floro, Dylan",571670,2169.0,2085.0,,1963.0,1813.0,,,,,
"Koenig, Jared",657649,2374.0,2311.0,2455.0,,1640.0,2520.0,,,,
"Anderson, Chase",502624,2242.0,2298.0,2439.0,,2301.0,2188.0,,,2472.0,
"Smyly, Drew",592767,2220.0,2160.0,2148.0,,,2283.0,,,,
"Leiter Jr., Mark",643410,1982.0,1974.0,2133.0,2277.0,1773.0,2322.0,769.0,,2299.0,
"Hancock, Emerson",676106,2386.0,2323.0,2196.0,2209.0,1880.0,,,,2297.0,
"Herrin, Tim",682120,2405.0,2221.0,,2276.0,,2393.0,,,,
"Neris, Héctor",593576,2401.0,2277.0,,2032.0,,,1098.0,,,
"Cano, Yennier",666974,2297.0,2081.0,,2454.0,1738.0,,,,2451.0,
"Faedo, Alex",656412,2459.0,2202.0,,2677.0,1873.0,,,,,
"Jarvis, Bryce",686826,2107.0,2074.0,2484.0,2621.0,1993.0,2375.0,,,,
"Sandlin, Nick",680704,2356.0,2179.0,,2543.0,,,1588.0,,,
"Estrada, Jeremiah",669093,2224.0,2066.0,,2279.0,,,1374.0,,,
"Ottavino, Adam",493603,2366.0,2199.0,2667.0,2840.0,1745.0,2910.0,,,2721.0,
"Rogers, Tyler",643511,1961.0,1948.0,,2369.0,,,,,,
"Hoffman, Jeff",656546,2609.0,2523.0,,2830.0,,,1719.0,,,
"Hudson, Daniel",543339,2494.0,2430.0,,2567.0,2399.0,,,,,
"Brebbia, John",605154,2283.0,,,2650.0,,,,,,
"Stratton, Chris",608717,2405.0,2315.0,,2802.0,2064.0,3106.0,,,3094.0,
"Suarez, José",660761,2341.0,2145.0,2511.0,2634.0,1546.0,2787.0,,,2738.0,
"Faucher, Calvin",676534,2324.0,,2838.0,,,2918.0,,,2896.0,
"Clase, Emmanuel",661403,,2520.0,2583.0,2571.0,,,,,,
"Hill, Tim",657612,2157.0,2096.0,,2060.0,,,,,,
"Strahm, Matt",621381,2496.0,2425.0,2533.0,2720.0,1375.0,,,,,
"Garrett, Reed",657585,2342.0,2264.0,2464.0,,,,1542.0,,2764.0,
"Kuhl, Chad",641771,2191.0,2110.0,2255.0,2495.0,1679.0,,,,2667.0,
"Suarez, Robert",663158,2424.0,2373.0,2244.0,,1751.0,,,,,
"Díaz, Alexis",664747,2613.0,,,2627.0,,,,,,
"Thompson, Ryan",657044,2184.0,2027.0,,2158.0,,,,,,
"Stanek, Ryne",592773,2330.0,2262.0,,2435.0,,,967.0,,,
"Voth, Austin",608723,2303.0,,2374.0,,,2853.0,,,2700.0,
"Bummer, Aaron",607481,2302.0,2188.0,2369.0,,1762.0,2461.0,,,2503.0,
"Pressly, Ryan",519151,2557.0,2411.0,,2743.0,2071.0,3258.0,,,,
"Meyer, Max",676974,2386.0,2360.0,,2588.0,1700.0,,,,2671.0,
"Chafin, Andrew",605177,2170.0,2131.0,,2566.0,,,,,,
"Boyle, Joe",671212,2506.0,,,2594.0,,2474.0,,,2631.0,
"Kimbrel, Craig",518886,2316.0,,,,1686.0,2596.0,,,2639.0,
"Soto, Gregory",642397,2276.0,2305.0,2372.0,2465.0,,,,,2561.0,
"Kelly, Zack",677161,2168.0,,2486.0,,2177.0,,,,2793.0,
"Bender, Anthony",669622,2337.0,2261.0,2310.0,2655.0,1799.0,,,,2700.0,
"Muñoz, Andrés",662253,2256.0,2007.0,,2247.0,,,,,,
"Zerpa, Angel",672582,2037.0,2092.0,,2546.0,1574.0,2609.0,,,,
"Nicolas, Kyle",693312,2377.0,,,2476.0,,2526.0,,,,
"Erceg, Lucas",668674,2173.0,1907.0,,2060.0,2012.0,,,,,
"Garcia, Robert",676395,2226.0,2202.0,,2324.0,1680.0,,,,,
"Anderson, Justin",605121,2271.0,1978.0,2473.0,2437.0,,,,,,
"Junis, Jakob",596001,2221.0,2160.0,2383.0,,1396.0,,,,2545.0,
"Ferguson, Caleb",657571,2218.0,2148.0,2544.0,,,,,,2962.0,2946.0
"Rainey, Tanner",663432,2399.0,,,2295.0,1401.0,,,,,
"Miller, Tyson",668338,2169.0,2075.0,,,1978.0,2562.0,,,2513.0,
"Webb, Jacob",657097,2466.0,,,,2190.0,,,,2390.0,
"Helsley, Ryan",664854,2551.0,,,2404.0,,2487.0,,,,
"Alcala, Jorge",660896,2472.0,2140.0,,2504.0,2384.0,,,,,
"Iglesias, Raisel",628452,2296.0,2320.0,,2644.0,2044.0,,,,,
"Hudson, Bryan",663542,2287.0,,2206.0,,,,,,2042.0,
"Romero, JoJo",668941,2253.0,2113.0,2467.0,,1575.0,,,,2736.0,
"Phillips, Evan",623465,2399.0,2256.0,2428.0,,,,,,2643.0,
"Jackson, Luke",592426,2295.0,,2294.0,2264.0,,2403.0,,,,
"Johnson, Pierce",572955,2330.0,,2602.0,,,2980.0,,,,
"Turnbull, Spencer",605513,2499.0,2255.0,,2654.0,1982.0,2744.0,,,2717.0,
"Díaz, Edwin",621242,2349.0,,,2296.0,,,,,,
"Nardi, Andrew",677053,2294.0,,,2225.0,1759.0,,,,2310.0,
"Harvey, Hunter",640451,2045.0,,,2381.0,,2041.0,1018.0,,,
"Roupp, Landen",694738,2014.0,2086.0,,2742.0,1819.0,2964.0,,,,
"Foley, Jason",671345,2208.0,2029.0,,2215.0,1771.0,,,,,
"McArthur, James",663704,2402.0,2285.0,,2264.0,,2783.0,,,,
"Varland, Louis",686973,2157.0,2017.0,,2468.0,1680.0,2403.0,,,,
"Payamps, Joel",606303,2451.0,2271.0,,2749.0,2137.0,,,,2595.0,
"Brazobán, Huascar",623211,2199.0,2235.0,2362.0,,1956.0,,,,,
"García, Luis",472610,2192.0,2165.0,2222.0,2329.0,,,1369.0,,2411.0,
"Smith, Burch",572143,2283.0,2147.0,2315.0,,1810.0,2405.0,,,2310.0,
"Schreiber, John",670167,2111.0,2122.0,2321.0,,1659.0,,,,2497.0,
"Martin, Davis",663436,2384.0,,,2581.0,2017.0,2630.0,,,2760.0,
"Thielbar, Caleb",573204,2275.0,,,2288.0,,2487.0,,,2465.0,
"Sims, Lucas",608371,2613.0,2603.0,2740.0,2994.0,,3223.0,1939.0,,3150.0,
"Duran, Jhoan",661395,2035.0,,,,,2571.0,1681.0,,2440.0,
"Rodríguez, Randy",678495,2518.0,2560.0,,2762.0,1957.0,,,,,
"Holderman, Colin",670059,2374.0,2275.0,2467.0,2616.0,,,,,2520.0,
"Mantiply, Joe",573009,2147.0,2196.0,,,1674.0,2467.0,,,,
"Mlodzinski, Carmen",669387,2289.0,,2437.0,2574.0,1959.0,,,,2651.0,
"Rodriguez, Eduardo",593958,2266.0,2300.0,2260.0,2147.0,1953.0,,,,,
"Elder, Bryce",693821,2154.0,2001.0,2512.0,2438.0,2219.0,,,,,
"Pérez, Cionel",672335,2134.0,2140.0,,,,2497.0,,,,2575.0
"Bernardino, Brennan",657514,,2171.0,2329.0,2427.0,,2751.0,,,,
"Kochanowicz, Jack",686799,2164.0,2044.0,,2725.0,2058.0,,,,2784.0,
"Lee, Dylan",669276,2251.0,,,2067.0,1634.0,,,,,
"King, John",667463,2225.0,2184.0,,2706.0,1635.0,,,,,
"Moore, Matt",519043,2249.0,,2243.0,,1924.0,2216.0,,,,
"Wicks, Jordan",696136,2315.0,2151.0,,2605.0,1513.0,2797.0,,,2740.0,
"Miller, Shelby",571946,2418.0,,,2283.0,,,1827.0,,,
"Brown, Ben",676962,2222.0,,,,1666.0,2268.0,,,,
"Winn, Keaton",676775,2303.0,2270.0,,2267.0,,,1596.0,,,
"Dubin, Shawn",681869,2343.0,2244.0,2744.0,,1591.0,2695.0,,,2922.0,
"Green, Chad",643338,2460.0,2103.0,2398.0,2278.0,,,,,,
"Martinez, Seth",661527,2112.0,2019.0,,,1625.0,,,,2416.0,
"McFarland, T.J.",519008,,1966.0,2089.0,,1736.0,,,,2379.0,
"Ruiz, José",614179,2316.0,2164.0,,2337.0,1829.0,2146.0,,,,
"Peguero, Elvis",665625,,1871.0,,2618.0,,1928.0,,,,
"Grove, Michael",675627,2429.0,2302.0,2415.0,2380.0,,2593.0,,,,
"Estévez, Carlos",608032,2124.0,,,2222.0,1634.0,2229.0,,,,
"Ferguson, Tyler",621053,2350.0,2127.0,2419.0,,1733.0,,,,2491.0,
"Wilson, Justin",458677,2213.0,,2382.0,2347.0,,,1414.0,,,
"Latz, Jacob",656641,2337.0,,,2694.0,2025.0,2686.0,,,,
"Priester, Quinn",682990,2219.0,2065.0,2456.0,2462.0,1500.0,2657.0,,,,
"Slaten, Justin",686580,2394.0,,2427.0,,,2675.0,,,2599.0,
