"last_name, first_name",pitcher,ff_avg_speed,si_avg_speed,fc_avg_speed,sl_avg_speed,ch_avg_speed,cu_avg_speed,fs_avg_speed,kn_avg_speed,st_avg_speed,sv_avg_speed
"Alcantara, Sandy",645261,97.4,97.3,89.9,85.1,90.8,82.8,,,84.2,
"Sánchez, Cristopher",650911,,95.0,,86.3,87.0,,,,,
"Luzardo, Jesús",666200,96.8,95.8,,,86.0,,,,86.1,
"Gausman, Kevin",592332,93.9,,,84.0,83.8,,84.1,,79.6,
"Bradley, Taj",671737,97.2,,89.7,,,82.7,91.5,,,
"Gore, MacKenzie",669022,95.2,95.1,89.9,85.6,86.3,81.5,,,,
"Schlittler, Cam",693645,98.0,97.8,94.7,89.6,,86.3,,,,
"Rodriguez, Eduardo",593958,92.0,91.5,88.7,,85.4,79.6,,,,
"Nola, Aaron",605400,92.3,91.6,86.3,83.2,85.6,78.4,,,,
"McLean, Nolan",690997,96.0,95.0,92.1,86.0,88.2,81.9,,,84.9,
"Baz, Shane",669358,95.9,95.3,89.6,,87.7,85.3,,,,
"Gilbert, Logan",669302,96.3,93.0,91.2,86.8,85.8,76.5,81.9,,81.2,
"Cease, Dylan",656302,97.0,95.9,,88.8,81.6,81.9,,,83.4,
"Wacha, Michael",608379,93.1,93.2,89.5,84.9,80.7,76.0,,,,
"Lugo, Seth",607625,91.6,91.4,89.8,84.2,85.1,76.2,,,79.1,77.3
"Cavalli, Cade",676917,96.8,96.1,93.5,,89.1,86.2,,,86.3,
"Messick, Parker",800048,94.3,92.7,90.5,86.9,85.9,79.2,,,,
"King, Michael",650633,94.2,93.1,,85.3,86.5,,,,82.0,
"Soriano, José",667755,97.1,96.3,,90.2,,85.4,92.3,,,
"Detmers, Reid",672282,94.1,93.5,,86.0,83.8,72.3,,,,
"Williams, Gavin",668909,97.6,97.0,92.3,,,82.6,,,87.5,
"Bibee, Tanner",676440,94.0,93.2,85.7,,80.8,78.0,,,82.4,
"Peralta, Freddy",642547,94.2,,,83.1,87.2,79.0,,,82.1,
"Ray, Robbie",592662,93.1,92.5,,86.0,86.2,79.5,,,,
"Griffin, Foster",656492,91.5,91.4,88.5,,82.4,77.8,81.3,,80.1,
"Abbott, Andrew",671096,92.4,,88.8,,86.1,79.7,,,82.1,
"Roupp, Landen",694738,92.9,93.4,89.3,,87.1,76.7,,,,
"Skenes, Paul",694973,96.9,96.7,,86.7,88.7,81.8,93.2,,84.3,
"Cameron, Noah",702070,92.5,91.5,89.8,85.2,81.0,81.8,,,,
"Imanaga, Shota",684007,91.6,90.1,,86.4,,74.4,82.8,,81.0,
"Burke, Sean",680732,94.8,94.7,89.9,86.5,86.0,79.2,,,,
"Valdez, Framber",664285,94.8,93.8,93.2,85.8,89.1,78.4,,,,
"Kay, Anthony",641743,95.8,95.2,91.7,86.3,86.1,,,,82.7,
"Bradish, Kyle",680694,94.2,94.7,,87.4,90.4,84.8,,,,
"Kirby, George",669923,96.7,96.8,92.9,,88.8,84.1,87.2,,87.4,
"Yamamoto, Yoshinobu",808967,96.1,95.5,91.6,86.9,,76.9,91.5,,,
"Singer, Brady",663903,90.7,91.2,87.3,82.7,,,,,82.0,
"Cantillo, Joey",676282,92.2,,87.0,82.8,80.9,79.9,,,,
"McGreevy, Michael",700241,91.8,90.8,87.5,83.5,86.9,78.5,,,81.7,
"Sale, Chris",519242,96.1,95.6,,79.7,88.5,,,,,
"deGrom, Jacob",594798,97.4,96.6,,91.3,89.7,80.7,,,,
"Rasmussen, Drew",656876,95.9,95.3,90.0,,89.7,80.2,,,84.5,
"Misiorowski, Jacob",694819,100.6,,95.8,91.9,92.5,88.0,,,,
"Liberatore, Matthew",669461,94.3,94.3,90.5,86.1,88.6,79.6,87.0,,85.2,
"Kelly, Merrill",518876,92.1,92.4,91.0,86.3,88.5,82.5,,,,
"Burns, Chase",695505,97.6,97.1,,90.2,90.1,81.9,,,,
"Rogers, Trevor",669432,93.8,93.4,83.1,,87.0,,,,78.1,
"Chandler, Bubba",696149,98.4,97.8,,91.0,91.6,86.6,,,87.7,
"Warren, Will",701542,93.7,93.3,,86.7,87.2,81.3,,,84.0,
"Ashcraft, Braxton",677952,97.3,97.1,,91.8,,85.0,91.8,,,
"Webb, Logan",657277,92.3,92.1,89.8,,85.9,,,,84.2,
"Woo, Bryan",693433,96.1,95.9,,87.1,89.6,83.1,,,84.5,
"Lambert, Peter",663567,93.9,93.4,91.6,85.6,87.0,77.9,,,82.8,80.2
"Pallante, Andre",669467,95.2,95.4,,87.7,,78.5,88.7,,,
"Pérez, Eury",691587,98.2,97.7,,88.4,90.0,80.8,,,83.7,
"Wheeler, Zack",554430,95.2,94.8,90.8,,,79.9,87.4,,81.3,
"Buehler, Walker",621111,94.1,94.2,90.4,87.1,89.3,78.3,,,82.7,
"Lorenzen, Michael",547179,94.0,93.4,90.2,86.3,84.6,82.7,,,82.6,
"Springs, Jeffrey",605488,91.3,,87.7,84.2,79.5,,,,77.4,
"Martinez, Nick",607259,92.7,92.4,89.2,85.2,78.2,80.0,,,,
"Gray, Sonny",543243,91.6,92.0,88.3,,86.2,79.6,,,84.8,
"Rocker, Kumar",677958,94.5,94.3,90.2,83.1,88.7,,88.0,,,
"Weathers, Ryan",677960,95.8,94.1,,86.9,85.7,,,,81.2,
"Castillo, Luis",622491,95.3,95.4,92.3,85.6,87.4,,,,,
"Sugano, Tomoyuki",608372,92.5,92.5,89.0,85.4,,79.9,86.9,,83.7,
"Fedde, Erick",607200,94.4,94.0,91.2,,88.8,,,,82.1,
"Young, Brandon",687064,94.4,93.8,,84.4,,75.1,84.4,,,
"Elder, Bryce",693821,92.4,91.0,88.5,83.1,85.7,,,,,
"May, Dustin",669160,96.9,96.6,93.3,,90.2,83.5,,,86.0,
"Manaea, Sean",640455,91.3,90.4,84.5,,84.0,,,,75.8,
"Peterson, David",656849,92.5,92.1,,86.3,85.7,80.5,,,,
"Ureña, Walbert",700712,97.9,98.0,,,90.9,,,,87.0,
"Leahy, Kyle",681517,94.2,94.2,,89.3,88.6,83.0,,,84.8,
"Rea, Colin",607067,93.8,92.5,87.2,86.2,87.7,80.1,,,82.9,
"Ginn, J.T.",669372,93.5,93.4,90.3,85.9,87.8,84.2,,,,
"Hancock, Emerson",676106,95.4,94.8,85.8,,87.1,76.1,,,77.2,
"Holmes, Grant",656550,94.2,93.0,92.1,85.3,89.3,82.8,,,,
"Montero, Keider",672456,94.3,94.7,,86.0,87.0,80.4,,,,
"Ryan, Joe",657746,93.5,93.1,,86.2,,79.0,87.9,,80.5,
"Martin, Davis",663436,93.9,92.8,89.6,87.1,90.1,81.7,,,,
"Mahle, Tyler",641816,92.8,91.9,87.8,84.9,,,86.2,,,
"Skubal, Tarik",669373,96.8,96.7,,89.7,87.6,80.4,,,,
"Suarez, Ranger",624133,91.5,90.3,88.0,78.8,81.1,75.6,,,,
"Tolle, Payton",801139,96.1,95.0,88.6,,88.6,83.0,,,,
"Pérez, Martín",527048,89.9,89.3,85.1,,81.8,76.8,,,,
"Lowder, Rhett",695076,93.6,93.0,,85.1,86.5,80.7,,,83.2,
"Vásquez, Randy",681190,95.1,95.1,91.0,86.1,88.6,84.0,,,84.3,
"Sasaki, Roki",808963,97.8,,,86.6,,,90.2,,,
"Wrobleski, Justin",680736,94.6,93.7,90.7,86.5,85.6,75.1,83.3,,84.8,
"Eovaldi, Nathan",543135,94.5,93.5,90.3,86.4,,76.4,88.5,,,
"Freeland, Kyle",607536,91.4,91.3,87.7,,86.3,82.5,,,82.7,
"Lopez, Jacob",682052,90.4,89.7,86.2,76.2,82.6,,,,,
"Harrison, Kyle",690986,94.7,94.3,,,85.8,,,,,81.9
"Littell, Zack",641793,91.7,91.4,,88.2,,,84.1,,79.3,
"Cecconi, Slade",677944,93.5,93.5,88.5,83.4,83.1,75.9,84.4,,83.1,
"Mlodzinski, Carmen",669387,95.1,94.4,92.4,90.3,,83.9,85.8,,83.5,
"Matthews, Zebby",805673,95.2,95.2,90.8,87.2,86.8,79.9,,,,
"Seymour, Ian",693855,91.4,90.0,87.1,83.2,83.4,72.7,,,81.6,
"Keller, Mitch",656605,93.3,92.3,89.7,87.2,88.7,77.8,,,82.0,
"Ober, Bailey",641927,88.0,88.5,,82.4,82.7,72.8,,,76.0,
"Mize, Casey",663554,93.4,93.6,,87.5,,,87.8,,,81.3
"Feltner, Ryan",663372,94.7,94.2,,89.1,85.1,79.3,,,81.9,
"Painter, Andrew",691725,96.5,95.1,,88.0,90.5,81.2,87.4,,82.7,
"Phillips, Tyler",663969,96.1,95.5,,87.2,,83.5,87.0,,84.2,
"Drohan, Shane",675660,94.9,94.8,90.9,86.4,86.2,80.6,,,,
"McClanahan, Shane",663556,95.6,,,88.2,86.9,82.2,,,,
"Mikolas, Miles",571945,93.2,92.8,,87.9,85.6,76.8,,,82.0,
"Prielipp, Connor",687570,95.6,95.1,,87.8,86.6,83.0,,,,
"Lauer, Eric",641778,91.1,,87.6,82.8,84.6,75.9,,,,
"Perkins, Jack",678022,95.7,94.7,92.5,86.1,89.4,,,,86.2,
"Scott, Christian",681035,95.5,92.2,89.6,82.4,,81.9,84.8,,81.3,
"Arrighetti, Spencer",681293,92.4,92.2,87.8,82.2,84.2,76.5,,,79.7,
"Meyer, Max",676974,95.1,93.6,,90.1,87.2,,,,89.0,
"Sheehan, Emmet",686218,94.4,,,86.6,85.5,77.6,,,,
"Pfaadt, Brandon",694297,93.2,93.1,90.3,,87.1,82.3,,,84.2,
"Junk, Janson",676083,94.0,93.5,,86.2,87.3,80.7,,,80.1,
"Civale, Aaron",650644,91.5,91.5,87.9,82.5,,77.3,84.5,,,
"Bello, Brayan",678394,95.4,95.3,87.5,,89.0,83.4,,,85.9,
"Houser, Adrian",605288,95.7,94.9,,88.4,85.3,82.3,,,,
"Sproat, Brandon",687075,96.8,96.1,92.9,,91.3,83.0,,,86.2,
"Jump, Gage",695611,96.3,95.1,,87.2,87.6,82.3,,,83.8,
"Boyd, Matthew",571510,92.7,91.9,,83.0,78.6,73.1,,,,
"Gallen, Zac",668678,93.4,92.7,,88.8,86.6,81.6,,,,
"Irvin, Jake",663623,93.1,92.1,89.4,,85.8,77.7,,,82.1,
"Cole, Gerrit",543037,96.9,96.1,92.9,89.6,86.1,83.3,,,,
"Flaherty, Jack",656427,92.7,90.9,,85.0,85.4,78.1,,,,
"Patrick, Chad",694477,95.6,95.5,89.9,,90.8,,,,,86.0
"Melton, Troy",675512,96.4,95.7,92.2,86.8,89.2,79.4,,,,
"Lodolo, Nick",666157,93.9,93.7,,,88.1,82.4,,,,
"Miller, Bryce",682243,96.0,95.2,91.0,87.3,,83.0,84.7,,83.7,
"Anderson, Drew",623454,95.4,94.9,,88.0,90.0,80.1,,,,
"Brown, Hunter",686613,96.2,96.0,,90.8,87.5,83.4,,,,
"Soroka, Michael",647336,93.6,93.2,88.9,,85.9,,,,83.2,80.6
"Quantrill, Cal",615698,93.8,94.0,88.7,86.0,,79.3,84.7,,,
"Burrows, Mike",681347,95.0,94.5,,89.5,86.7,79.0,,,,
"Alvarez, Andrew",674841,92.3,91.8,,84.2,86.3,82.9,,,,
"Yesavage, Trey",702056,94.3,,,87.6,,,82.9,,,
"Bassitt, Chris",605135,92.2,92.2,89.8,80.6,85.3,71.2,,,73.5,
"Gasser, Robert",688107,92.9,92.6,88.5,83.8,88.0,,,,80.5,
"Jax, Griffin",643377,96.0,95.4,92.8,,91.0,84.9,,,87.6,
"Early, Connelly",813349,94.0,92.4,,87.1,83.7,80.0,,,82.5,
"Blubaugh, AJ",805123,95.8,,89.0,,85.8,80.5,,,84.6,
"Fried, Max",608331,94.9,93.2,91.9,85.9,85.6,73.6,,,79.9,
"Rodriguez, Grayson",680570,96.2,,,85.1,83.2,80.9,,,,
"Bennett, Jake",687562,92.9,92.4,85.0,,83.6,78.8,,,79.5,
"Johnson, Ryan",696270,,92.3,89.6,84.4,,,84.7,,80.8,
"Taillon, Jameson",592791,91.8,91.9,86.3,82.8,84.5,79.1,,,80.2,
"Suter, Brent",608718,87.8,89.0,,78.0,76.5,,,,,
"Ashby, Aaron",676879,97.3,97.7,,85.1,91.8,83.7,,,,
"Gordon, Tanner",685299,92.8,92.2,89.6,86.8,84.6,80.9,,,,
"Corbin, Patrick",571578,91.3,91.4,86.3,79.0,78.4,68.1,,,,
"Assad, Javier",665871,93.5,93.4,88.8,85.3,86.0,77.7,,,81.6,
"Canning, Griffin",656288,94.5,93.8,90.1,87.8,90.2,82.0,,,86.3,
"Jones, Jared",683003,98.3,,,89.7,92.9,85.7,,,,
"Imai, Tatsuya",837227,94.8,94.5,,86.6,86.8,77.6,84.7,,,
"Leiter, Jack",683004,96.7,95.7,93.0,86.5,90.0,81.9,,,,
"Lord, Brad",695418,94.6,94.4,,85.2,86.2,,,,83.4,
"Agnos, Zach",688642,94.4,93.6,91.8,85.0,,,86.1,,84.2,
"Miles, Spencer",693686,96.0,96.3,,87.3,86.5,80.8,,,,
"Holmes, Clay",605280,93.0,93.1,86.3,,88.1,81.2,,,81.5,
"Ohtani, Shohei",660271,98.1,96.5,92.4,88.0,,75.2,89.0,,85.0,
"Henderson, Logan",701656,93.1,,87.8,,82.9,,,,81.1,
"Newcomb, Sean",656794,94.7,93.5,91.3,,86.8,80.8,,,,82.8
"López, Reynaldo",625643,94.2,,,84.3,84.1,74.4,,,,
"Bachar, Lake",669199,94.4,93.2,,89.8,,86.3,84.2,,86.5,
"Ramírez, Yohan",670990,96.6,96.3,,,88.8,84.3,,,84.2,
"Avila, Luinder",679883,96.1,96.4,,88.1,89.4,83.0,,,,
"Nelson, Ryne",669194,96.3,95.3,93.0,88.7,,81.0,,,,
"Cabrera, Edward",665795,96.2,96.5,,89.2,93.0,84.9,,,,
"Gusto, Ryan",687473,94.6,93.1,89.3,85.4,87.2,78.5,,,81.7,
"Teng, Kai-Wei",678906,93.3,93.2,,85.5,87.0,82.4,,,84.2,
"Matz, Steven",571927,,93.5,88.2,82.4,83.0,78.8,,,,
"Rodón, Carlos",607074,94.4,93.4,,86.2,85.4,79.4,,,,
"Morejon, Adrian",670970,99.3,99.5,,89.4,92.1,,,,,
"Harris, Hogan",663687,95.2,,91.8,85.6,84.0,74.0,,,,80.4
"Bruihl, Justin",677865,91.7,90.2,86.9,,80.3,,,,77.9,
"Kremer, Dean",665152,92.8,92.1,87.2,83.4,,76.7,82.6,,,
"Headrick, Brent",687396,94.2,93.4,,84.3,,,84.7,,,
"Taylor, Grant",691799,98.1,98.8,95.3,89.4,,83.8,,,,
"Fisher, Braydon",680755,94.5,93.4,92.6,88.1,,81.4,,,,
"Scherzer, Max",453286,93.1,,87.9,85.5,84.0,74.8,,,,
"Medina, Luis",665622,97.7,97.3,,86.6,90.2,81.1,,,,
"Zeferjahn, Ryan",666171,97.4,96.3,,88.6,,84.3,,,85.3,
"Mejia, Juan",675848,97.0,96.0,,87.9,93.2,,,,84.1,
"Woods Richardson, Simeon",680573,92.6,91.7,,86.0,,76.8,86.8,,,
"Blackburn, Paul",621112,94.7,94.3,91.8,85.6,87.5,81.1,,,83.8,
"Morris, Andrew",702193,97.3,96.5,91.2,,89.0,73.7,,,81.9,
"Varland, Louis",686973,98.8,97.0,,92.0,93.0,87.6,,,,
"Schultz, Noah",702273,95.2,95.1,89.8,,89.2,81.8,,,82.7,
"Richards, Trevor",670950,91.9,84.8,,85.0,80.0,,,,,
"McDonald, Trevor",686790,94.0,93.4,90.3,85.8,83.8,,,,,
"Smith, Cade",671922,97.5,,,,,,87.0,,85.5,
"Hoffman, Jeff",656546,96.4,96.1,,86.6,,,89.4,,,
"Burke, Brock",656271,96.2,93.5,,86.4,87.5,,,,,
"Peralta, Wandy",593974,96.3,96.0,,89.3,89.6,,,,,
"Fuentes, Didier",800311,97.2,,,85.5,,79.8,89.1,,,
"Kochanowicz, Jack",686799,96.2,95.7,,85.6,89.9,,,,,
"Graceffo, Gordon",700669,95.4,94.9,89.4,86.8,88.2,83.2,,,,
"Severino, Luis",622663,96.9,96.3,94.3,86.9,86.6,,,,84.9,
"Holton, Tyler",663947,91.5,91.1,87.7,,83.4,79.1,,,79.9,
"Lynch IV, Daniel",663738,94.6,94.1,,87.3,85.6,81.7,,,,
"Moll, Sam",594580,92.6,91.5,,,84.6,,,,81.2,
"De Los Santos, Enyel",660853,95.1,,,86.5,85.4,,,,,
"Senzatela, Antonio",622608,97.3,96.6,92.2,86.3,90.8,83.4,,,,
"Watson, Ryan",670245,94.2,93.6,90.0,,,83.2,89.2,,85.0,
"Suarez, José",660761,92.7,91.5,87.6,81.7,82.9,,,,78.1,
"Soriano, George",666277,96.6,96.4,,88.6,90.1,,,,85.9,
"Dobnak, Randy",677976,92.2,91.5,,83.8,84.8,,,,82.4,
"Rodriguez, Bradgley",699134,98.2,97.7,,88.8,90.1,,,,,
"Bednar, David",670280,96.1,,,,,76.9,90.8,,,
"Bazardo, Eduard",660825,95.5,95.7,,,,,91.0,,83.5,
"Alexander, Tyler",641302,91.9,91.3,88.2,,84.7,75.4,,,80.3,
"Wells, Tyler",669330,93.4,,90.4,86.7,87.1,78.1,,,,
"Faucher, Calvin",676534,96.3,96.0,93.2,91.8,,85.5,,,87.7,
"Webb, Jacob",657097,94.2,,,85.7,85.6,81.9,,,82.5,
"Okert, Steven",595345,91.2,90.4,,80.9,85.9,,,,,
"Montgomery, Mason",682254,98.5,98.8,,89.6,89.8,86.6,,,,
"Senga, Kodai",673540,96.3,90.1,89.9,86.7,,65.5,,,81.5,
"Marinaccio, Ron",676760,93.7,,86.5,,81.9,,,,81.9,
"Abreu, Bryan",650556,95.6,,92.9,86.5,89.9,,,,,
"Lange, Alex",656638,95.9,95.7,92.0,87.9,90.7,,,,,
"Miller, Mason",695243,101.5,100.9,,88.0,96.6,,,,,
"Soto, Gregory",642397,97.1,96.4,,83.5,,,87.6,,82.6,
"Ritchie, JR",702275,94.5,94.2,89.2,85.0,88.1,82.9,,,,
"Alvarado, José",621237,97.2,98.0,91.6,,,84.7,,,,
"Finnegan, Kyle",640448,96.3,,,85.6,,,87.2,,,
"Festa, Matt",670036,92.6,93.4,91.1,,,,,,83.4,
"Paddack, Chris",663978,92.9,92.9,86.4,82.3,84.8,76.9,,,79.3,
"Gómez, Yoendrys",672782,95.9,94.2,91.7,,91.9,,,,84.5,
"Legumina, Casey",668984,93.1,92.9,,84.9,86.6,,,,79.8,
"Domínguez, Seranthony",622554,97.2,97.6,,,,83.4,85.8,,85.0,
"Stanek, Ryne",592773,98.1,97.0,,88.6,,,90.1,,83.4,
"Thornton, Zac",804267,92.1,92.3,88.3,84.7,84.3,79.5,,,79.9,
"Morán, Jovani",663558,92.8,92.9,85.2,,83.2,79.0,,,79.6,
"Brown, Ben",676962,96.3,96.4,,,90.1,86.8,,,,
"Latz, Jacob",656641,94.7,,,85.6,85.8,80.5,,,,
"Kerkering, Orion",689147,97.3,96.4,,,,,92.2,,87.1,
"Brubaker, JT",664141,93.2,93.7,,87.1,88.6,81.9,,,,
"Hart, Kyle",606996,94.1,93.7,,89.2,,,85.5,,83.2,
"Silseth, Chase",681217,95.9,95.7,,,,,88.2,,85.8,
"Lee, Dylan",669276,93.3,,,82.9,85.3,,,,,
"O'Brien, Riley",676617,,97.8,,90.7,90.9,,,,82.9,
"Ferrer, José A.",678606,97.5,97.5,,88.3,87.3,,,,,
"Ginkel, Kevin",656464,95.7,95.0,,85.6,,,,,,
"Petersen, Michael",656848,97.9,98.1,,87.5,89.6,,,,,
"Brazobán, Huascar",623211,96.9,96.1,91.1,85.9,90.8,,,,,
"Mayza, Tim",641835,94.6,94.2,,87.4,,,91.4,,,
"Javier, Cristian",664299,93.2,93.1,89.1,84.7,85.6,77.6,,,81.2,
"Hughes, Gabriel",687312,92.4,92.9,,86.5,87.8,78.7,,,85.4,
"Matsui, Yuki",673513,91.9,91.0,,85.0,,,83.4,,81.1,
"Hudson, Bryan",663542,92.0,89.9,84.0,,,,,,80.2,
"King, Bryan",687911,92.0,91.6,,,86.5,79.3,,,81.2,
"Doval, Camilo",666808,,98.3,98.8,88.9,94.5,,,,,
"Fluharty, Mason",689254,,,90.8,,87.2,,,,82.1,
"Morillo, Juan",666661,98.7,98.6,,84.8,92.5,,,,,
"Sandoval, Patrick",663776,93.6,94.0,,86.9,83.6,75.7,,,80.7,
"Rogers, Tyler",643511,,83.3,,73.5,,,,,,
"Henriquez, Edgardo",683618,100.7,100.9,94.7,87.5,,82.1,,,,
"Cruz, Fernando",518585,93.2,92.6,,,,,80.0,,82.2,
"Rogers, Taylor",573124,,92.0,88.1,84.5,,,,,77.9,
"Clarke, Taylor",664199,94.6,95.3,94.3,88.5,90.1,,,,,
"Bowlan, Jonathan",680742,97.1,97.1,,86.8,90.5,82.4,,,84.7,
"Dobbins, Hunter",690928,94.6,94.4,,87.6,,79.3,88.0,,82.0,
"Bieber, Shane",669456,92.3,92.2,87.4,85.3,88.2,82.6,,,,
"Gray, Peyton",682608,93.1,,,86.6,83.4,,,,,
"Garcia, Rico",670329,95.4,,,89.0,86.7,87.0,,,,
"Dreyer, Jack",676263,94.1,,,88.7,,80.9,,,,
"Kikuchi, Yusei",579328,95.7,,90.2,87.3,,79.2,86.7,,,
"Schreiber, John",670167,93.8,93.3,89.5,,86.7,,,,82.3,
"Fermin, José",820862,96.7,96.4,,90.5,93.0,,,,,
"Márquez, Germán",608566,94.6,94.1,,87.7,87.0,85.4,,,,
"Weissert, Greg",669711,94.1,93.9,,85.5,85.2,81.6,,,81.9,
"Kelly, Kevin",687330,93.1,91.4,89.1,,85.9,,,,78.3,
"Anderson, Grant",681982,93.5,93.1,,,86.3,,,,81.2,
"Suárez, Albert",544150,93.7,,85.8,,84.9,77.9,,,,81.0
"Vesia, Alex",681911,92.1,,,84.4,82.8,,,,,
"Bernardino, Brennan",657514,90.6,90.2,85.8,,80.5,77.8,,,79.2,
"Yarbrough, Ryan",642232,87.4,86.9,84.9,,77.8,,,,71.8,
"Muñoz, Andrés",662253,99.7,98.5,,87.1,92.8,,,,,
"Baker, Bryan",641329,96.5,,,87.5,85.2,,,,,
"Vodnik, Victor",680767,98.5,98.7,92.8,88.9,92.1,,,,,87.3
"Nunez, Anthony",689296,96.1,95.7,90.6,,87.7,,,,85.9,
"Nance, Tommy",667297,94.6,94.5,,89.1,,84.7,,,,
"Cruz, Steven",674444,98.4,,93.9,89.4,,,,,88.7,
"Scott, Tanner",656945,96.8,,,89.3,,,,,,
"Miller, Erik",669062,96.8,96.9,,85.7,87.7,,,,,
"Rolison, Ryan",669020,94.7,95.1,,86.8,88.9,79.6,,,85.2,
"Glasnow, Tyler",607192,95.4,95.8,,89.7,,81.3,,,,
"Loáisiga, Jonathan",642528,97.5,97.8,95.9,,91.0,89.4,,,,
"Herrin, Tim",682120,94.7,93.7,,87.2,87.1,80.2,,,,
"Gaddis, Hunter",683769,95.2,,,89.6,79.7,,80.1,,,
"Duran, Jhoan",661395,100.4,,,,88.7,88.6,97.6,,89.5,
"Holderman, Colin",670059,97.0,96.7,90.4,,,83.1,,,84.7,
"Iglesias, Raisel",628452,94.3,94.4,,82.8,88.4,,,,,
"Santana, Dennis",642701,94.1,93.9,90.0,85.4,88.0,,,,,
"Alvarado, Elvis",665660,98.8,97.8,,88.1,,,87.8,,,
"Hall, DL",669084,95.0,95.3,91.4,87.2,85.3,81.8,,,84.8,
"Kolek, Stephen",663568,94.2,93.7,90.3,85.6,87.1,,,,79.9,
"Weaver, Luke",596133,95.4,94.3,90.6,84.8,88.1,,,,,
"Herget, Jimmy",623474,92.0,90.7,,85.8,85.3,,,,78.1,
"Erceg, Lucas",668674,97.1,96.8,93.8,84.6,89.5,,,,,
"Sulser, Cole",642121,92.2,,87.5,,83.5,,,,83.1,
"Warren, Austin",681810,93.9,94.1,88.7,,87.4,84.2,,,84.9,
"Antone, Tejay",622088,95.1,93.9,90.1,88.7,,81.6,,,83.9,
"Uribe, Abner",682842,97.9,98.8,,87.7,91.0,,,,,
"Romero, JoJo",668941,94.4,93.8,,,87.2,,,,83.0,
"Farris, Mitch",815083,91.7,,88.6,81.6,78.9,,,,,
"Kinley, Tyler",641755,94.4,94.3,,87.1,86.6,83.1,,,,
"Funderburk, Kody",681892,,93.0,92.5,87.7,89.0,,,,81.6,
"Bubic, Kris",663460,91.8,91.2,,85.3,85.9,,,,82.4,
"Adams, Travis",701519,94.4,94.0,91.7,86.7,86.2,,,,,
"Tidwell, Blade",694918,95.3,93.3,,88.2,83.3,83.7,,,82.5,
"Wolfram, Grant",664991,95.5,95.9,92.9,87.1,,85.4,,,86.3,
"Megill, Trevor",656730,98.0,,,,,88.1,,,,
"Beeter, Clayton",690925,95.7,,,86.3,,,,,,
"McCullers Jr., Lance",621121,91.6,91.2,89.0,,85.4,81.6,,,82.3,
"Sisk, Evan",681895,91.5,91.1,,,83.6,77.5,,,80.3,
"Thielbar, Caleb",573204,93.3,,,87.5,,76.3,,,80.2,
"Svanson, Matt",694335,96.4,96.3,92.0,,,,,,86.6,
"Chapman, Aroldis",547973,97.0,98.0,,86.0,,,90.3,,,
"Winn, Cole",668390,95.4,93.9,91.2,85.9,,81.1,87.4,,,
"Hicks, Jordan",663855,99.4,99.1,,,,,91.0,,86.6,
"Kilian, Caleb",668873,96.8,96.0,,88.3,,80.9,,,,
"Raley, Brooks",548384,,90.3,86.7,,84.5,,,,80.9,
"Sewald, Paul",623149,91.4,,88.6,,,,,,83.0,
"Gibson, Cade",806188,92.0,92.2,,87.3,86.7,79.1,,,80.3,
"Shugart, Chase",663767,96.1,95.1,91.5,,89.1,,,,82.6,
"Klein, Will",694361,97.5,,,91.3,,85.0,,,88.6,
"Bachman, Sam",696147,98.5,98.7,,88.5,91.7,,,,86.4,
"Junis, Jakob",596001,92.4,92.0,,,86.7,,,,82.1,
"Ribalta, Orlando",687377,96.9,96.9,,86.7,86.5,,,,,
"Hill, Tim",657612,89.2,88.4,,76.0,,,,,,
"Myers, Tobias",668964,92.7,,86.8,82.2,,,80.2,,79.7,
"Barnett, Mason",686930,95.0,,,87.3,85.4,79.2,,,83.5,
"Dollander, Chase",801403,98.9,98.2,,87.6,90.5,79.8,,,85.7,
"Kimbrel, Craig",518886,93.6,93.8,,,88.5,84.2,,,85.6,
