mlbam_id,nkey,name,age,PA,xwoba,avg_best_speed,avg_swing_speed,pts_pa,prospect_name,pipeline_rank,prospect_pos,prospect_age,prospect_level,prospect_org,milb_age,milb_level,milb_PA,milb_AVG,milb_OBP,milb_SLG,milb_OPS,milb_ISO,milb_K,milb_BB,milb_HR,milb_SB,milb_bat_z,level_age_score,milb_bat_score,career_AB,career_PA,rookie_eligible,pedigree,mlb_sample,PAS,prospect_status,BI,proj_pts_600,proj_rank_600,owner
808265,franklin arias,Franklin Arias,20.0,,,,,,Franklin Arias,3.0,SS,20.0,ALL (2),bos,20.6,AAA,166.0,0.3333333333333333,0.392,0.51,0.902,0.17687074829931973,0.15060240963855423,0.08433734939759036,5.0,3.0,0.48455104068955734,1.0,0.5969102081379115,0.0,0.0,True,0.98,,81.7,top-100 prospect,,,,CH
800543,josue de paula,Josue De Paula,21.1,8.0,,,,0.5,Josue De Paula,6.0,OF,21.0,ALL (2),la,21.1,AA,588.0,0.3033932135728543,0.401,0.547,0.948,0.2435129740518962,0.14795918367346939,0.1377551020408163,27.0,31.0,1.281182145050986,0.85,0.7562364290101973,5.0,8.0,True,0.95,,80.9,top-100 prospect,,,,MMM
703601,max clark,Max Clark,21.5,150.0,0.318,98.265357708,73.3,1.0666666666666667,Max Clark,13.0,CF,21.0,ALL (2),det,21.5,AAA,418.0,0.27624309392265195,0.368,0.434,0.802,0.1574585635359116,0.15789473684210525,0.11961722488038277,11.0,21.0,0.5230538195749125,1.0,0.6046107639149825,132.0,150.0,False,0.88,0.584916522740357,79.7,top-100 prospect,0.7,574.0,173.0,CS
815888,leo de vries,Leo De Vries,19.0,,,,,,Leo De Vries,2.0,SS,19.0,AA,oak,19.7,AA,428.0,0.2899728997289973,0.378,0.458,0.836,0.16802168021680217,0.21261682242990654,0.11448598130841121,13.0,34.0,0.5870846208249605,0.85,0.617416924164992,0.0,0.0,True,0.99,,78.8,top-100 prospect,,,,Dan
815908,jesus made,Jesús Made,19.0,,,,,,Jesús Made,1.0,SS,19.0,AA,mil,19.1,AA,558.0,0.2708757637474542,0.344,0.43,0.774,0.15885947046843177,0.14336917562724014,0.10215053763440861,14.0,37.0,0.5004246975247268,0.85,0.6000849395049453,0.0,0.0,True,1.0,,78.8,top-100 prospect,,,,BAMBI
806956,ethan salas,Ethan Salas,20.1,14.0,,,,-0.07142857142857142,Ethan Salas,23.0,C,20.0,ALL (3),sd,20.1,AAA,105.0,0.3258426966292135,0.41,0.539,0.949,0.21348314606741572,0.09523809523809523,0.13333333333333333,3.0,3.0,1.2723877597668232,1.0,0.7544775519533646,14.0,14.0,True,0.78,,78.7,top-100 prospect,,,,THALER
806964,sebastian walcott,Sebastian Walcott,20.0,,,,,,Sebastian Walcott,9.0,DH,20.0,ALL (2),tex,20.3,AA,171.0,0.3223684210526316,0.398,0.586,0.984,0.2631578947368421,0.22807017543859648,0.09941520467836257,9.0,11.0,0.9397060243715786,0.85,0.6879412048743158,0.0,0.0,True,0.92,,78.1,top-100 prospect,,,,GK
805805,walker jenkins,Walker Jenkins,21.4,45.0,0.259,96.886230769,71.7,0.7111111111111111,Walker Jenkins,15.0,CF,21.0,ALL (4),min,21.4,AAA,307.0,0.30798479087452474,0.407,0.532,0.939,0.22433460076045628,0.1563517915309446,0.13680781758957655,12.0,17.0,1.21725305950159,1.0,0.743450611900318,37.0,45.0,True,0.86,0.280944156591825,77.9,top-100 prospect,,,,FA
815394,theo gillen,Theo Gillen,21.0,,,,,,Theo Gillen,12.0,OF,21.0,ALL (2),tb,20.8,AA,268.0,0.28761061946902655,0.39,0.504,0.894,0.2168141592920354,0.19776119402985073,0.13432835820895522,10.0,16.0,0.9208151816016382,0.85,0.6841630363203277,0.0,0.0,True,0.89,,77.0,top-100 prospect,,,,LTTA
806146,george lombard,George Lombard Jr.,21.1,119.0,0.265,97.299405556,71.9,0.7563025210084033,George Lombard Jr.,14.0,SS,21.0,ALL (4),nyy,21.1,AAA,262.0,0.2679425837320574,0.405,0.44,0.845,0.1722488038277512,0.21755725190839695,0.1717557251908397,6.0,10.0,0.7483304175402506,1.0,0.6496660835080501,106.0,119.0,True,0.87,0.31894070236039146,76.5,top-100 prospect,2.7,542.0,314.0,THALER
823787,rainiel rodriguez,Rainiel Rodriguez,19.0,,,,,,Rainiel Rodriguez,18.0,C,19.0,ALL (2),stl,19.5,AA,402.0,0.32753623188405795,0.408,0.591,0.999,0.263768115942029,0.19154228855721392,0.10199004975124377,23.0,7.0,0.945276205223783,0.85,0.6890552410447566,0.0,0.0,True,0.83,,75.0,top-100 prospect,,,,BB
694197,angel genao,Angel Genao,22.1,115.0,0.292,100.324932,72.3,0.8,Angel Genao,29.0,2B,22.0,ALL (3),cle,22.1,AAA,309.0,0.30943396226415093,0.395,0.494,0.889,0.18490566037735848,0.1553398058252427,0.12297734627831715,10.0,9.0,0.7453937096580618,1.0,0.6490787419316124,106.0,115.0,True,0.72,0.5526770293609672,74.7,top-100 prospect,12.9,527.0,372.0,FA
816113,eli willits,Eli Willits,18.0,,,,,,Eli Willits,4.0,SS,18.0,ALL (3),was,18.6,A+,289.0,0.23008849557522124,0.392,0.42,0.812,0.1902654867256637,0.1903114186851211,0.18685121107266436,7.0,31.0,1.0592033728905668,0.6,0.7118406745781134,0.0,0.0,True,0.97,,74.2,top-100 prospect,,,,BAMBI
806957,alfredo duno,Alfredo Duno,20.0,,,,,,Alfredo Duno,22.0,C,20.0,ALL (2),cin,20.5,AA,138.0,0.32231404958677684,0.406,0.488,0.894,0.1652892561983471,0.16666666666666666,0.12318840579710146,3.0,3.0,0.7008047124420906,0.85,0.6401609424884181,0.0,0.0,True,0.79,,72.4,top-100 prospect,,,,FA
806252,ralphy velazquez,Ralphy Velazquez,21.0,,,,,,Ralphy Velazquez,32.0,1B,21.0,ALL (2),cle,21.1,AAA,352.0,0.27631578947368424,0.364,0.539,0.903,0.2631578947368421,0.21022727272727273,0.10795454545454546,22.0,1.0,0.47426894527817937,1.0,0.5948537890556359,0.0,0.0,True,0.69,,71.5,top-100 prospect,,,,FA
701527,mike sirota,Mike Sirota,23.0,,,,,,Mike Sirota,16.0,CF,23.0,ALL (2),la,23.0,AA,333.0,0.2972972972972973,0.45,0.49,0.94,0.19305019305019305,0.22522522522522523,0.19519519519519518,10.0,5.0,1.115067362794975,0.61625,0.723013472558995,0.0,0.0,True,0.85,,70.7,top-100 prospect,,,,FA
701785,kaelen culpepper,Kaelen Culpepper,23.5,117.0,0.303,97.68623878,73.7,0.9487179487179487,Kaelen Culpepper,34.0,SS,23.0,ALL (2),min,23.5,AAA,343.0,0.2711864406779661,0.367,0.478,0.845,0.20677966101694914,0.1836734693877551,0.11370262390670553,14.0,17.0,0.6190912308612332,0.95,0.6238182461722467,106.0,117.0,True,0.6699999999999999,0.5204375359815775,70.6,top-100 prospect,0.7,572.0,182.0,FA
815352,caleb bonemer,Caleb Bonemer,20.0,,,,,,Caleb Bonemer,30.0,3B,20.0,ALL (2),cws,20.7,AA,317.0,0.26136363636363635,0.379,0.545,0.924,0.2840909090909091,0.25236593059936907,0.14511041009463724,19.0,7.0,0.8079096051480105,0.85,0.6615819210296021,0.0,0.0,True,0.71,,70.1,top-100 prospect,,,,FA
703155,lazaro montes,Lazaro Montes,21.7,27.0,0.356,101.981525714,75.9,1.3703703703703705,Lazaro Montes,56.0,RF,21.0,ALL (3),sea,21.7,AAA,203.0,0.2742857142857143,0.369,0.571,0.94,0.29714285714285715,0.3103448275862069,0.12315270935960591,13.0,3.0,0.3892378493130275,1.0,0.5778475698626055,25.0,27.0,True,0.44999999999999996,0.9153713298791019,68.9,top-100 prospect,,,,FA
814307,zyhir hope,Zyhir Hope,21.0,,,,,,Zyhir Hope,28.0,CF,21.0,ALL (2),det,21.4,AA,564.0,0.28716904276985744,0.367,0.513,0.88,0.22606924643584522,0.25,0.1099290780141844,29.0,26.0,0.4603502204008692,0.8202500000000001,0.5920700440801738,0.0,0.0,True,0.73,,68.4,top-100 prospect,,,,FA
695491,joshua baez,Joshua Báez,23.0,100.0,0.322,102.815607241,77.5,1.22,Joshua Báez,59.0,LF,23.0,ALL (2),stl,23.0,AAA,461.0,0.25609756097560976,0.328,0.573,0.901,0.3170731707317073,0.2950108459869848,0.08026030368763558,34.0,21.0,0.2641713880697711,1.0,0.5528342776139542,92.0,100.0,True,0.42000000000000004,0.8796776050662061,66.7,top-100 prospect,3.9,665.0,20.0,BAMBI
703197,michael arroyo,Michael Arroyo,21.7,10.0,,,,1.6,Michael Arroyo,45.0,SS,21.0,ALL (3),sea,21.7,AAA,235.0,0.27722772277227725,0.353,0.49,0.843,0.21287128712871287,0.16170212765957448,0.08085106382978724,8.0,4.0,0.3251036838496205,1.0,0.5650207367699241,8.0,10.0,True,0.56,,66.2,top-100 prospect,,,,FA
805796,arjun nimmala,Arjun Nimmala,20.0,,,,,,Arjun Nimmala,38.0,SS,20.0,ALL (5),ana,20.7,AA,264.0,0.26991150442477874,0.371,0.509,0.88,0.23893805309734514,0.23106060606060605,0.12878787878787878,12.0,5.0,0.566368991903292,0.85,0.6132737983806584,0.0,0.0,True,0.63,,66.1,top-100 prospect,,,,FA
808234,eduardo quintero,Eduardo Quintero,20.0,,,,,,Eduardo Quintero,20.0,OF,20.0,A+,la,20.8,A+,501.0,0.30904522613065327,0.445,0.495,0.94,0.18592964824120603,0.20359281437125748,0.17564870259481039,12.0,44.0,1.1793371683618303,0.4529999999999999,0.7358674336723661,0.0,0.0,True,0.81,,65.6,top-100 prospect,,,,FA
821270,luis pena,Luis Peña,19.0,,,,,,Luis Peña,21.0,SS,19.0,ALL (3),mil,19.6,A+,219.0,0.2978723404255319,0.384,0.42,0.804,0.12234042553191489,0.2054794520547945,0.1095890410958904,2.0,27.0,0.46145060378878994,0.5609999999999998,0.592290120757758,0.0,0.0,True,0.8,,64.3,top-100 prospect,,,,FA
829034,josuar gonzalez,Josuar Gonzalez,18.0,,,,,,Josuar Gonzalez,17.0,SS,18.0,ALL (2),sf,18.7,A,153.0,0.35658914728682173,0.444,0.566,1.01,0.20930232558139536,0.19607843137254902,0.13725490196078433,3.0,13.0,1.1666321473809096,0.3380000000000001,0.7333264294761819,0.0,0.0,True,0.84,,63.7,top-100 prospect,,,,FA
815896,emil morales,Emil Morales,19.0,,,,,,Emil Morales,24.0,SS,19.0,ALL (2),la,19.8,A+,368.0,0.28115015974440893,0.38,0.534,0.914,0.2523961661341853,0.25271739130434784,0.13043478260869565,20.0,7.0,0.44413024116280253,0.5429999999999998,0.5888260482325605,0.0,0.0,True,0.77,,62.7,top-100 prospect,,,,FA
809707,charlie condon,Charlie Condon,23.0,,,,,,Charlie Condon,58.0,1B,23.0,AAA,col,23.2,AAA,572.0,0.27405857740585776,0.388,0.513,0.901,0.2384937238493724,0.2517482517482518,0.12762237762237763,25.0,8.0,0.4923326357604308,0.9950000000000001,0.5984665271520861,0.0,0.0,True,0.43000000000000005,,62.4,top-100 prospect,,,,THALER
815824,josiah hartshorn,Josiah Hartshorn,19.0,,,,,,Josiah Hartshorn,39.0,1B,19.0,ALL (3),chc,19.4,A+,370.0,0.2966666666666667,0.405,0.56,0.965,0.2633333333333333,0.21351351351351353,0.14594594594594595,18.0,12.0,0.8908377479607072,0.5790000000000001,0.6781675495921414,0.0,0.0,True,0.62,,60.6,top-100 prospect,,,,FA
807080,eric hartman,Eric Hartman,20.0,,,,,,Eric Hartman,42.0,OF,20.0,ALL (2),atl,20.0,AA,157.0,0.18181818181818182,0.312,0.265,0.577,0.08333333333333333,0.3057324840764331,0.14012738853503184,2.0,18.0,-0.29394894049826636,0.85,0.4412102119003467,0.0,0.0,True,0.5900000000000001,,60.4,top-100 prospect,,,,FA
821273,edward florentino,Edward Florentino,19.0,,,,,,Edward Florentino,35.0,OF,19.0,ALL (2),pit,19.6,A+,435.0,0.22841225626740946,0.354,0.49,0.844,0.2618384401114206,0.26436781609195403,0.14942528735632185,24.0,10.0,0.3752013717956508,0.5609999999999998,0.5750402743591302,0.0,0.0,True,0.6599999999999999,,59.0,top-100 prospect,,,,FA
805207,caden bodine,Caden Bodine,22.0,,,,,,Caden Bodine,51.0,C,22.0,ALL (4),tb,22.6,AA,179.0,0.3157894736842105,0.397,0.447,0.844,0.13157894736842105,0.0670391061452514,0.11173184357541899,5.0,4.0,0.8439188025910875,0.6672499999999997,0.6687837605182175,0.0,0.0,True,0.5,,58.4,top-100 prospect,,,,FA
815873,sean keys,Sean Keys,23.1,47.0,0.231,101.457767143,74.8,0.851063829787234,,,,,,,23.1,AAA,226.0,0.3027027027027027,0.422,0.622,1.044,0.31891891891891894,0.20353982300884957,0.1415929203539823,14.0,1.0,1.3138695265609854,1.0,0.7627739053121971,45.0,47.0,True,0.15,0.5837651122625216,58.1,rookie,,,,FA
699024,leo bernal,Leo Bernal,22.4,49.0,0.38,102.783987647,74.3,1.3673469387755102,,,,,,,22.4,AAA,432.0,0.27807486631016043,0.363,0.468,0.831,0.18983957219251338,0.19907407407407407,0.11805555555555555,16.0,9.0,0.30342634232485716,1.0,0.5606852684649715,45.0,49.0,True,0.15,0.9119170984455959,57.9,rookie,,,,BB
815787,ethan holliday,Ethan Holliday,19.0,,,,,,Ethan Holliday,25.0,SS,19.0,A,col,19.3,A,152.0,0.26229508196721313,0.395,0.557,0.952,0.29508196721311475,0.28289473684210525,0.1513157894736842,9.0,1.0,0.6785782162136487,0.302,0.6357156432427298,0.0,0.0,True,0.76,,57.5,top-100 prospect,,,,Dan
815690,grady emerson,Grady Emerson,18.0,,,,,,Grady Emerson,10.0,SS,18.0,A,tb,,,,,,,,,,,,,,,,0.0,0.0,True,0.91,,56.8,top-100 prospect,,,,GK
800604,roch cholowsky,Roch Cholowsky,21.0,,,,,,Roch Cholowsky,11.0,SS,21.0,A+,cws,,,,,,,,,,,,,,,,0.0,0.0,True,0.9,,56.5,top-100 prospect,,,,CH
814409,seaver king,Seaver King,23.0,,,,,,Seaver King,71.0,SS,23.0,ALL (2),was,23.2,AAA,324.0,0.29411764705882354,0.365,0.495,0.86,0.20069204152249134,0.23148148148148148,0.08024691358024691,14.0,10.0,0.13648222516781833,0.9950000000000001,0.5272964450335637,0.0,0.0,True,0.30000000000000004,,56.1,top-100 prospect,,,,FA
828098,jojo parker,JoJo Parker,20.0,,,,,,JoJo Parker,26.0,SS,20.0,ALL (2),tor,19.9,A,399.0,0.25846153846153846,0.388,0.471,0.859,0.2123076923076923,0.24812030075187969,0.15789473684210525,13.0,22.0,0.6129205620600836,0.2660000000000001,0.6225841124120167,0.0,0.0,True,0.75,,56.0,top-100 prospect,,,,FA
694514,sterlin thompson,Sterlin Thompson,25.0,77.0,0.295,100.340930417,75.4,0.8571428571428571,,,,,,,25.0,AAA,382.0,0.3311036789297659,0.476,0.528,1.004,0.19732441471571907,0.1544502617801047,0.18586387434554974,13.0,20.0,1.7519351106085492,0.725,0.8503870221217098,69.0,77.0,True,0.15,0.6793321819228555,54.8,rookie,,,,FA
691181,emmanuel rodriguez,Emmanuel Rodriguez,23.3,4.0,,,,2.25,,,,,,,23.3,AAA,220.0,0.2616279069767442,0.414,0.5,0.914,0.23837209302325582,0.2636363636363636,0.19090909090909092,11.0,7.0,0.9812982218308433,0.9799999999999999,0.6962596443661686,4.0,4.0,True,0.15,,54.7,rookie,,,,FA
815929,jhonny level,Jhonny Level,19.0,,,,,,Jhonny Level,47.0,SS,19.0,ALL (2),sf,19.3,A+,331.0,0.30201342281879195,0.363,0.473,0.836,0.17114093959731544,0.18126888217522658,0.07854984894259819,8.0,15.0,0.18846253490302578,0.5879999999999999,0.5376925069806051,0.0,0.0,True,0.54,,54.5,top-100 prospect,,,,FA
822518,vahn lackey,Vahn Lackey,21.0,,,,,,Vahn Lackey,19.0,C,21.0,ALL (2),min,,,,,,,,,,,,,,,,0.0,0.0,True,0.8200000000000001,,53.7,top-100 prospect,,,,FA
691728,zac veen,Zac Veen,24.5,54.0,0.298,102.071413333,72.4,1.1481481481481481,,,,,,,24.5,AAA,445.0,0.32653061224489793,0.402,0.635,1.037,0.3086734693877551,0.20449438202247192,0.10786516853932585,24.0,18.0,1.1873960208363692,0.8,0.7374792041672739,79.0,91.0,True,0.15,0.6419113413932066,53.3,rookie,,,,FA
703448,cam cannarella,Cam Cannarella,23.0,,,,,,Cam Cannarella,85.0,OF,23.0,ALL (3),mia,22.8,AAA,186.0,0.2903225806451613,0.409,0.432,0.841,0.14193548387096774,0.24731182795698925,0.15053763440860216,3.0,11.0,0.5377871795548291,1.0,0.6075574359109659,0.0,0.0,True,0.16000000000000003,,53.3,top-100 prospect,,,,FA
806958,felnin celesten,Felnin Celesten,20.0,,,,,,Felnin Celesten,50.0,SS,20.0,ALL (2),sea,20.8,AA,134.0,0.17073170731707318,0.239,0.268,0.507,0.0975609756097561,0.3358208955223881,0.06716417910447761,3.0,7.0,-1.3623773167593434,0.85,0.22752453664813133,0.0,0.0,True,0.51,,52.3,top-100 prospect,,,,FA
800473,jefferson rojas,Jefferson Rojas,21.0,,,,,,Jefferson Rojas,76.0,SS,21.0,ALL (2),nym,21.2,AA,525.0,0.27213822894168466,0.338,0.495,0.833,0.2224622030237581,0.1676190476190476,0.08761904761904762,24.0,20.0,0.46409522119307495,0.8457500000000001,0.592819044238615,0.0,0.0,True,0.25,,52.2,top-100 prospect,,,,FA
699302,hector rodriguez,Héctor Rodríguez,22.3,114.0,0.271,99.109310278,74.3,0.9035087719298246,,,,,,,22.3,AAA,455.0,0.2740740740740741,0.347,0.533,0.88,0.25925925925925924,0.2043956043956044,0.09230769230769231,27.0,6.0,0.3569983915040182,1.0,0.5713996783008036,106.0,114.0,True,0.15,0.5100748416810593,52.2,rookie,1.3,548.0,279.0,FA
806039,drew burress,Drew Burress,21.0,,,,,,Drew Burress,41.0,OF,21.0,A,oak,21.6,A,137.0,0.2909090909090909,0.431,0.591,1.022,0.3,0.2773722627737226,0.1678832116788321,7.0,14.0,1.3783841052359942,0.16399999999999992,0.7756768210471989,0.0,0.0,True,0.6,,52.0,top-100 prospect,,,,FA
702679,demetrio crisantes,Demetrio Crisantes,22.0,,,,,,Demetrio Crisantes,75.0,2B,22.0,ALL (4),ari,21.8,AAA,184.0,0.2710843373493976,0.33,0.386,0.716,0.1144578313253012,0.16304347826086957,0.07608695652173914,2.0,0.0,-0.4261390158364433,1.0,0.4147721968327113,0.0,0.0,True,0.26,,52.0,top-100 prospect,,,,FA
691277,deyvison de los santos,Deyvison De Los Santos,23.0,15.0,,,,0.6666666666666666,,,,,,,23.0,AAA,421.0,0.2770448548812665,0.342,0.496,0.838,0.21899736147757257,0.19477434679334918,0.08076009501187649,21.0,18.0,0.2873422756119125,1.0,0.5574684551223825,15.0,15.0,True,0.15,,51.7,rookie,,,,FA
811965,joshua kurodagrauer,Joshua Kuroda-Grauer,23.4,62.0,0.327,99.397748889,68.3,1.1935483870967742,,,,,,,23.4,AAA,215.0,0.35233160621761656,0.405,0.461,0.866,0.10880829015544041,0.06511627906976744,0.07441860465116279,1.0,4.0,0.56028006503287,0.9650000000000002,0.612056013006574,60.0,62.0,True,0.15,0.4553828439838803,51.5,rookie,,,,Dpf
694876,cooper ingle,Cooper Ingle,24.3,24.0,,,,0.2916666666666667,,,,,,,24.3,AAA,447.0,0.29526462395543174,0.424,0.532,0.956,0.23676880222841226,0.23042505592841164,0.18344519015659955,20.0,2.0,0.9943939689783959,0.8299999999999998,0.6988787937956792,21.0,24.0,True,0.15,,51.0,rookie,,,,FA
701649,james triantos,James Triantos,23.4,9.0,,,,0.5555555555555556,,,,,,,23.4,AAA,468.0,0.29952830188679247,0.355,0.439,0.794,0.1391509433962264,0.12179487179487179,0.07051282051282051,9.0,27.0,0.33445329077919733,0.9650000000000002,0.5668906581558395,8.0,9.0,True,0.15,,51.0,rookie,,,,FA
836582,luis hernandez,Luis Hernández,17.0,,,,,,Luis Hernández,27.0,SS,17.0,ALL (2),sf,,,,,,,,,,,,,,,,0.0,0.0,True,0.74,,50.9,top-100 prospect,,,,FA
696135,kahlil watson,Kahlil Watson,23.2,91.0,0.246,98.054020357,73.0,1.0879120879120878,,,,,,,23.2,AAA,416.0,0.24566473988439305,0.361,0.465,0.826,0.21965317919075145,0.2668269230769231,0.1346153846153846,19.0,22.0,0.40233827088217256,0.9950000000000001,0.5804676541764345,88.0,91.0,True,0.15,0.37248128957973514,50.2,rookie,,,,FA
701339,marek houston,Marek Houston,22.0,,,,,,Marek Houston,74.0,SS,22.0,ALL (2),min,22.2,AA,286.0,0.30120481927710846,0.379,0.45,0.829,0.14859437751004015,0.2062937062937063,0.10139860139860139,7.0,26.0,0.5334248565364411,0.71825,0.6066849713072883,0.0,0.0,True,0.27,,50.1,top-100 prospect,,,,FA
804109,aiva arquette,Aiva Arquette,22.0,,,,,,Aiva Arquette,63.0,SS,22.0,ALL (2),mia,22.7,AA,228.0,0.2714285714285714,0.325,0.443,0.768,0.17142857142857143,0.19736842105263158,0.06140350877192982,10.0,16.0,0.08707748362744708,0.6545,0.5174154967254894,0.0,0.0,True,0.38,,50.1,top-100 prospect,,,,FA
816111,tate southisene,Tate Southisene,19.0,,,,,,Tate Southisene,60.0,SS,19.0,ALL (3),atl,19.7,A+,177.0,0.25517241379310346,0.379,0.428,0.807,0.1724137931034483,0.23728813559322035,0.15819209039548024,4.0,9.0,0.39623056590436967,0.552,0.5792461131808739,0.0,0.0,True,0.41000000000000003,,50.1,top-100 prospect,,,,FA
806071,jonny farmelo,Jonny Farmelo,22.0,,,,,,Jonny Farmelo,73.0,OF,22.0,ALL (2),sea,21.8,AA,214.0,0.2215909090909091,0.355,0.358,0.713,0.13636363636363635,0.2803738317757009,0.16355140186915887,4.0,15.0,0.19229461637066173,0.7692499999999998,0.5384589232741324,0.0,0.0,True,0.28,,50.0,top-100 prospect,,,,FA
703492,nick morabito,Nick Morabito,23.1,31.0,0.319,96.741597143,70.4,0.8064516129032258,,,,,,,23.1,AAA,507.0,0.2541176470588235,0.355,0.388,0.743,0.13411764705882354,0.20907297830374755,0.11242603550295859,13.0,42.0,0.26468520203508566,1.0,0.5529370404070171,26.0,31.0,True,0.15,0.3874496257915947,49.9,rookie,,,,FA
828599,lucas spence,Lucas Spence,23.4,41.0,0.236,101.240806364,73.1,0.5609756097560976,,,,,,,23.4,AAA,188.0,0.22435897435897437,0.34,0.429,0.769,0.20512820512820512,0.2712765957446808,0.14361702127659576,7.0,5.0,0.06002033906439392,0.9650000000000002,0.5120040678128788,37.0,41.0,True,0.15,0.517559009786989,49.9,rookie,,,,FA
800614,bryce rainer,Bryce Rainer,21.0,,,,,,Bryce Rainer,48.0,SS,21.0,ALL (2),det,21.0,A+,429.0,0.27071823204419887,0.38,0.483,0.863,0.212707182320442,0.351981351981352,0.14685314685314685,18.0,13.0,0.02548710285805749,0.435,0.5050974205716114,0.0,0.0,True,0.53,,49.6,top-100 prospect,,,,FA
694673,abimelec ortiz,Abimelec Ortiz,24.4,116.0,0.285,99.880781795,75.5,0.8879310344827587,,,,,,,24.4,AAA,365.0,0.24358974358974358,0.348,0.497,0.845,0.2532051282051282,0.19452054794520549,0.1178082191780822,18.0,0.0,0.4063291171572783,0.8150000000000002,0.5812658234314556,110.0,116.0,True,0.15,0.6171560161197468,49.4,rookie,2.1,571.0,190.0,FA
699115,carlos jorge,Carlos Jorge,22.8,16.0,,,,0.375,,,,,,,22.8,AAA,124.0,0.2631578947368421,0.323,0.377,0.7,0.11403508771929824,0.20161290322580644,0.06451612903225806,2.0,10.0,-0.22954419711366572,1.0,0.45409116057726684,16.0,16.0,True,0.15,,49.1,rookie,,,,FA
694224,gabriel gonzalez,Gabriel Gonzalez,22.5,11.0,,,,0.8181818181818182,,,,,,,22.5,AAA,453.0,0.2549019607843137,0.323,0.422,0.745,0.16666666666666666,0.17880794701986755,0.08167770419426049,15.0,1.0,-0.2524156900335653,1.0,0.44951686199328694,8.0,11.0,True,0.15,,49.0,rookie,,,,FA
815304,josh adamczewski,Josh Adamczewski,21.0,,,,,,Josh Adamczewski,88.0,OF,21.0,ALL (2),mil,21.1,AA,283.0,0.27800829875518673,0.382,0.465,0.847,0.18672199170124482,0.19434628975265017,0.13074204946996468,9.0,8.0,0.5979776470575571,0.85,0.6195955294115114,0.0,0.0,True,0.13,,48.8,top-100 prospect,,,,FA
821041,roldy brito,Roldy Brito,19.0,,,,,,Roldy Brito,55.0,CF,19.0,ALL (2),col,19.2,A+,175.0,0.2606060606060606,0.299,0.352,0.651,0.09090909090909091,0.25142857142857145,0.05142857142857143,2.0,23.0,-0.5090941453156063,0.5970000000000001,0.39818117093687877,0.0,0.0,True,0.45999999999999996,,48.5,top-100 prospect,,,,FA
701852,drew cavanaugh,Drew Cavanaugh,24.4,145.0,0.314,98.019292195,69.1,0.8137931034482758,,,,,,,24.4,AAA,137.0,0.33035714285714285,0.445,0.571,1.016,0.24107142857142858,0.24817518248175183,0.13138686131386862,6.0,3.0,0.9690371775186695,0.8150000000000002,0.6938074355037339,127.0,145.0,True,0.15,0.36787564766839376,48.5,rookie,0.3,526.0,376.0,FA
682634,kevin alcantara,Kevin Alcántara,24.0,28.0,0.275,97.48780875,76.8,1.0357142857142858,,,,,,,24.0,AAA,341.0,0.2668918918918919,0.358,0.52,0.878,0.2533783783783784,0.3020527859237537,0.12316715542521994,20.0,6.0,0.1536059360971336,0.875,0.5307211872194267,46.0,50.0,True,0.15,0.5002878526194589,47.9,rookie,,,,FA
694371,tommy troy,Tommy Troy,24.4,141.0,0.309,98.212464783,72.0,0.851063829787234,,,,,,,24.4,AAA,237.0,0.31343283582089554,0.411,0.468,0.879,0.15422885572139303,0.2320675105485232,0.1350210970464135,4.0,7.0,0.4431825051890331,0.8150000000000002,0.5886365010378066,127.0,141.0,True,0.15,0.47956246401842256,47.5,rookie,3.3,545.0,297.0,FA
807083,nathan flewelling,Nathan Flewelling,19.0,,,,,,Nathan Flewelling,65.0,C,19.0,A+,tb,19.6,A+,486.0,0.24317617866004962,0.364,0.452,0.816,0.20843672456575682,0.2716049382716049,0.14609053497942387,21.0,8.0,0.1451192558673467,0.5609999999999998,0.5290238511734693,0.0,0.0,True,0.36,,47.4,top-100 prospect,,,,FA
695508,cam cauley,Cam Cauley,23.4,65.0,0.235,94.600854545,69.8,0.8153846153846154,,,,,,,23.4,AAA,406.0,0.2745664739884393,0.368,0.46,0.828,0.18497109826589594,0.20935960591133004,0.12561576354679804,14.0,35.0,0.6701510673604717,0.9650000000000002,0.6340302134720943,58.0,65.0,True,0.15,0.11398963730569948,46.9,rookie,,,,FA
694410,lujames groover,LuJames Groover,24.2,54.0,0.286,99.52748,71.1,0.6481481481481481,,,,,,,24.2,AAA,440.0,0.3048128342245989,0.389,0.436,0.825,0.13101604278074866,0.15227272727272728,0.12045454545454545,6.0,4.0,0.3349330750438841,0.8450000000000001,0.5669866150087768,48.0,54.0,True,0.15,0.42429476108232583,46.9,rookie,,,,FA
835727,eric booth,Eric Booth Jr.,18.0,,,,,,Eric Booth Jr.,40.0,OF,18.0,A,bal,,,,,,,,,,,,,,,,0.0,0.0,True,0.61,,46.3,top-100 prospect,,,,FA
691620,jeferson quero,Jeferson Quero,23.7,2.0,,,,0.5,,,,,,,23.7,AAA,471.0,0.24880382775119617,0.319,0.407,0.726,0.15789473684210525,0.21019108280254778,0.08280254777070063,15.0,2.0,-0.4350947176470581,0.9200000000000002,0.41298105647058836,1.0,2.0,True,0.15,,46.1,rookie,,,,FA
691858,jared serna,Jared Serna,24.1,14.0,,,,0.9285714285714286,,,,,,,24.1,AAA,336.0,0.22108843537414966,0.303,0.378,0.681,0.1564625850340136,0.17559523809523808,0.09523809523809523,12.0,14.0,-0.14750970139051958,0.8599999999999998,0.47049805972189607,12.0,14.0,True,0.15,,46.0,rookie,,,,FA
703520,brett bateman,Brett Bateman,24.3,139.0,0.304,94.901845227,68.4,1.0719424460431655,,,,,,,24.3,AAA,359.0,0.310580204778157,0.429,0.416,0.845,0.10580204778156997,0.18662952646239556,0.17270194986072424,3.0,20.0,0.8226380975296175,0.8299999999999998,0.6645276195059235,122.0,139.0,True,0.15,0.21934369602763384,45.9,rookie,0.2,521.0,389.0,THALER
807727,charles mcadoo,Charles McAdoo,24.3,88.0,0.267,96.622983667,73.6,0.8522727272727273,,,,,,,24.3,AAA,385.0,0.2688821752265861,0.366,0.465,0.831,0.19637462235649547,0.22337662337662337,0.12467532467532468,16.0,12.0,0.34059563596971115,0.8299999999999998,0.5681191271939422,81.0,88.0,True,0.15,0.37420840529648824,45.8,rookie,,,,FA
695670,harry ford,Harry Ford,23.4,101.0,0.288,97.873946129,69.4,1.0594059405940595,,,,,,,23.4,AAA,257.0,0.22330097087378642,0.37,0.335,0.705,0.11165048543689321,0.2529182879377432,0.17509727626459143,4.0,0.0,-0.12857786366185867,0.9650000000000002,0.47428442726762826,92.0,109.0,True,0.15,0.284398388025331,45.5,rookie,1.1,559.0,236.0,FA
691373,jhostynxon garcia,Jhostynxon Garcia,23.6,50.0,0.24,98.229828125,74.5,0.5,,,,,,,23.6,AAA,263.0,0.2711864406779661,0.335,0.424,0.759,0.15254237288135594,0.24334600760456274,0.07984790874524715,8.0,5.0,-0.4172239194788485,0.9349999999999998,0.4165552161042303,55.0,59.0,True,0.15,0.432930339666091,45.5,rookie,,,,FA
804668,rafael flores,Rafael Flores Jr.,25.6,123.0,0.345,101.848999231,74.1,1.08130081300813,,,,,,,25.6,AAA,276.0,0.22807017543859648,0.362,0.342,0.704,0.11403508771929824,0.25,0.16666666666666666,4.0,0.0,-0.19449817444740722,0.6349999999999998,0.46110036511051855,127.0,140.0,True,0.15,0.8474381116868163,45.4,rookie,2.3,604.0,80.0,FA
691002,yohandy morales,Yohandy Morales,24.7,23.0,,,,1.2608695652173914,,,,,,,24.7,AAA,455.0,0.28641975308641976,0.363,0.519,0.882,0.23209876543209876,0.24395604395604395,0.0945054945054945,25.0,6.0,0.18190371847471218,0.77,0.5363807436949425,23.0,23.0,True,0.15,,45.4,rookie,,,,GK
687605,andrew pinckney,Andrew Pinckney,25.6,26.0,0.326,104.9526,76.3,1.2307692307692308,,,,,,,25.6,AAA,402.0,0.2676056338028169,0.345,0.423,0.768,0.15492957746478872,0.31094527363184077,0.10199004975124377,14.0,20.0,-0.35191844944312844,0.6349999999999998,0.4296163101113743,22.0,26.0,True,0.15,0.8923431203223949,45.3,rookie,,,,FA
683679,jesus rodriguez,Jesus Rodriguez,24.2,58.0,0.315,96.343527619,69.4,0.9482758620689655,,,,,,,24.2,AAA,225.0,0.26804123711340205,0.347,0.397,0.744,0.12886597938144329,0.11555555555555555,0.10666666666666667,5.0,7.0,0.2555800593285709,0.8450000000000001,0.5511160118657141,51.0,58.0,True,0.15,0.32066781807714445,45.0,rookie,,,,FA
682674,victor bericoto,Victor Bericoto,24.6,87.0,0.285,100.531097097,74.8,0.9310344827586207,,,,,,,24.6,AAA,216.0,0.2717948717948718,0.329,0.41,0.739,0.13846153846153847,0.19907407407407407,0.0787037037037037,6.0,0.0,-0.4551376776951587,0.7849999999999997,0.40897246446096824,86.0,87.0,True,0.15,0.6367299942429476,44.7,rookie,,,,FA
821100,justin gonzales,Justin Gonzales,19.0,,,,,,Justin Gonzales,79.0,OF,19.0,ALL (2),bos,19.5,A+,422.0,0.2714285714285714,0.391,0.463,0.854,0.19142857142857142,0.1872037914691943,0.13270142180094788,17.0,11.0,0.5302070965007238,0.57,0.6060414193001448,0.0,0.0,True,0.21999999999999997,,44.6,top-100 prospect,,,,FA
678577,junior perez,Junior Perez,25.0,36.0,0.312,101.582378182,75.1,0.9722222222222222,,,,,,,25.0,AAA,348.0,0.2145214521452145,0.301,0.409,0.71,0.19471947194719472,0.3563218390804598,0.10919540229885058,12.0,18.0,-0.6074613583948801,0.725,0.378507728321024,35.0,36.0,True,0.15,0.775474956822107,44.5,rookie,,,,FA
814430,brett callahan,Brett Callahan,24.7,52.0,0.291,101.931823571,73.9,0.8653846153846154,,,,,,,24.7,AAA,151.0,0.2706766917293233,0.351,0.338,0.689,0.06766917293233082,0.2582781456953642,0.07947019867549669,1.0,9.0,-0.5510600338693546,0.77,0.38978799322612906,47.0,52.0,True,0.15,0.6764536557282671,44.4,rookie,,,,FA
805346,ben ross,Ben Ross,25.1,4.0,,,,0.25,,,,,,,25.1,AAA,427.0,0.25,0.357,0.456,0.813,0.20555555555555555,0.26697892271662765,0.1358313817330211,15.0,12.0,0.1723911150146942,0.7099999999999997,0.5344782230029388,4.0,4.0,True,0.15,,43.9,rookie,,,,FA
805347,jim jarvis,Jim Jarvis,25.6,124.0,0.268,98.895795,71.0,0.6370967741935484,,,,,,,25.6,AAA,431.0,0.29863013698630136,0.398,0.444,0.842,0.14520547945205478,0.16241299303944315,0.13921113689095127,6.0,37.0,0.9312862981825448,0.6349999999999998,0.686257259636509,111.0,124.0,True,0.15,0.33966609096142775,43.4,rookie,0.7,464.0,446.0,FA
687282,gabriel rincones,Gabriel Rincones Jr.,25.3,89.0,0.205,100.53357963,76.1,0.6292134831460674,,,,,,,25.3,AAA,150.0,0.2727272727272727,0.353,0.47,0.823,0.19696969696969696,0.23333333333333334,0.09333333333333334,5.0,2.0,-0.015652393763557617,0.6799999999999999,0.4968695212472885,84.0,89.0,True,0.15,0.565342544617156,43.2,rookie,,,,FA
809092,murf gray,Murf Gray,22.0,,,,,,Murf Gray,94.0,3B,22.0,ALL (3),pit,22.5,AA,195.0,0.25806451612903225,0.395,0.484,0.879,0.22580645161290322,0.2205128205128205,0.14871794871794872,9.0,2.0,0.7361499618900271,0.68,0.6472299923780054,0.0,0.0,True,0.06999999999999995,,43.1,top-100 prospect,,,,FA
687749,jase bowen,Jase Bowen,25.8,95.0,0.26,99.866580833,73.4,0.9052631578947369,,,,,,,25.8,AAA,222.0,0.2923076923076923,0.362,0.6,0.962,0.3076923076923077,0.26576576576576577,0.0945945945945946,13.0,7.0,0.5521876151978088,0.6049999999999999,0.6104375230395618,89.0,95.0,True,0.15,0.4991364421416235,43.1,rookie,,,,FA
682927,ronny simon,Ronny Simon,26.2,35.0,0.303,97.647025,72.3,0.9428571428571428,,,,,,,26.2,AAA,499.0,0.3341232227488152,0.426,0.472,0.898,0.13744075829383887,0.17034068136272545,0.13026052104208416,7.0,35.0,0.9276333465895731,0.5450000000000002,0.6855266693179146,109.0,123.0,True,0.15,0.4553828439838803,42.8,rookie,,,,FA
678760,eddys leonard,Eddys Leonard,25.6,8.0,,,,0.625,,,,,,,25.6,AAA,385.0,0.26112759643916916,0.347,0.463,0.81,0.20178041543026706,0.18701298701298702,0.1012987012987013,16.0,8.0,0.23183204148510134,0.6349999999999998,0.5463664082970203,8.0,8.0,True,0.15,,42.3,rookie,,,,FA
683090,matthew lugo,Matthew Lugo,25.1,12.0,,,,0.5833333333333334,,,,,,,25.1,AAA,247.0,0.26905829596412556,0.329,0.511,0.84,0.242152466367713,0.25101214574898784,0.06882591093117409,11.0,3.0,-0.14282481170511482,0.7099999999999997,0.47143503765897704,80.0,82.0,True,0.15,,42.3,rookie,,,,FA
680664,eduardo valencia,Eduardo Valencia,26.4,100.0,0.323,101.38903303,73.2,1.31,,,,,,,26.4,AAA,354.0,0.2621359223300971,0.347,0.479,0.826,0.2168284789644013,0.211864406779661,0.09887005649717515,17.0,1.0,0.09101724607773114,0.5150000000000002,0.5182034492155462,97.0,100.0,True,0.15,0.7392055267702936,42.2,rookie,0.3,583.0,142.0,CH
689196,owen ayers,Owen Ayers,25.0,,,,,,Owen Ayers,92.0,C,25.0,ALL (3),chc,25.1,AAA,189.0,0.25949367088607594,0.376,0.373,0.749,0.11392405063291139,0.21164021164021163,0.15343915343915343,3.0,7.0,0.21218938022909908,0.7099999999999997,0.5424378760458198,0.0,0.0,True,0.08999999999999997,,42.0,top-100 prospect,,,,FA
694025,felix reyes,Felix Reyes,25.3,38.0,0.233,98.874941333,75.5,0.5789473684210527,,,,,,,25.3,AAA,380.0,0.28651685393258425,0.318,0.511,0.829,0.2247191011235955,0.19473684210526315,0.04473684210526316,21.0,5.0,-0.16363248558389776,0.6799999999999999,0.46727350288322045,38.0,38.0,True,0.15,0.4755325273459989,41.1,rookie,,,,FA
807726,john peck,John Peck,24.0,38.0,0.37,99.380973,72.1,0.9736842105263158,,,,,,,24.0,AA,256.0,0.2851063829787234,0.328,0.511,0.839,0.225531914893617,0.25,0.0546875,10.0,19.0,0.12942735584664083,0.48874999999999996,0.5258854711693282,31.0,38.0,True,0.15,0.6776050662061025,40.8,rookie,,,,FA
821181,juneiker caceres,Juneiker Caceres,19.0,,,,,,Juneiker Caceres,82.0,OF,19.0,ALL (2),cle,18.9,A+,100.0,0.25609756097560976,0.39,0.354,0.744,0.0975609756097561,0.23,0.12,1.0,0.0,-0.17823770294622227,0.6,0.46435245941075554,0.0,0.0,True,0.18999999999999995,,40.8,top-100 prospect,,,,FA
815814,billy carlson,Billy Carlson,20.0,,,,,,Billy Carlson,62.0,SS,20.0,ALL (2),cws,19.9,A,257.0,0.2560386473429952,0.388,0.338,0.726,0.0821256038647343,0.22568093385214008,0.15953307392996108,0.0,13.0,0.10393974641904873,0.2660000000000001,0.5207879492838098,0.0,0.0,True,0.39,,40.8,top-100 prospect,,,,FA
681230,bj murray,BJ Murray Jr.,26.5,11.0,,,,0.18181818181818182,,,,,,,26.5,AAA,516.0,0.29357798165137616,0.395,0.5,0.895,0.20642201834862386,0.2131782945736434,0.13372093023255813,16.0,9.0,0.5893049476515373,0.5,0.6178609895303074,11.0,11.0,True,0.15,,40.7,rookie,,,,FA
687394,jack brannigan,Jack Brannigan,25.3,1.0,,,,0.0,,,,,,,25.3,AAA,185.0,0.22077922077922077,0.326,0.364,0.69,0.14285714285714285,0.23783783783783785,0.13513513513513514,3.0,2.0,-0.3210326589275526,0.6799999999999999,0.4357934682144895,1.0,1.0,True,0.15,,40.6,rookie,,,,FA
813841,jonah cox,Jonah Cox,24.9,113.0,0.263,99.720893846,69.1,1.2654867256637168,,,,,,,24.9,AA,183.0,0.4,0.453,0.644,1.097,0.24375,0.16939890710382513,0.08743169398907104,6.0,27.0,1.7488029148660418,0.37400000000000017,0.8497605829732084,102.0,113.0,True,0.15,0.305699481865285,40.4,rookie,2.2,648.0,28.0,FA
681047,christian franklin,Christian Franklin,26.6,42.0,0.306,99.991144545,74.4,0.6904761904761905,,,,,,,26.6,AAA,431.0,0.24858757062146894,0.375,0.359,0.734,0.11016949152542373,0.2529002320185615,0.1531322505800464,6.0,18.0,0.04267360506375197,0.48499999999999976,0.5085347210127504,34.0,42.0,True,0.15,0.6666666666666666,40.1,rookie,,,,FA
701162,ben malgeri,Ben Malgeri,26.5,117.0,0.317,100.488170588,68.6,1.0256410256410255,,,,,,,26.5,AAA,297.0,0.296,0.401,0.496,0.897,0.2,0.24915824915824916,0.12794612794612795,9.0,8.0,0.480819639961849,0.5,0.5961639279923698,99.0,117.0,True,0.15,0.4939550949913644,40.1,rookie,0.3,576.0,168.0,FA
671655,george valera,George Valera,25.6,38.0,0.198,98.353314,72.2,0.7105263157894737,,,,,,,25.6,AAA,321.0,0.26181818181818184,0.358,0.444,0.802,0.18181818181818182,0.17757009345794392,0.1277258566978193,11.0,4.0,0.31202103270781517,0.6349999999999998,0.5624042065415631,78.0,86.0,True,0.15,0.31663788140472077,39.9,rookie,,,,FA
683079,omar martinez,Omar Martinez,25.0,3.0,,,,0.6666666666666666,,,,,,,25.0,AAA,250.0,0.22065727699530516,0.328,0.404,0.732,0.18309859154929578,0.34,0.112,11.0,0.0,-0.6905268151471234,0.725,0.36189463697057533,3.0,3.0,True,0.15,,39.9,rookie,,,,FA
680716,jonathan ornelas,Jonathan Ornelas,26.1,22.0,,,,0.4090909090909091,,,,,,,26.1,AAA,342.0,0.29276315789473684,0.368,0.47,0.838,0.17763157894736842,0.2309941520467836,0.08771929824561403,11.0,12.0,0.10259248430907177,0.5599999999999998,0.5205184968618144,74.0,80.0,True,0.15,,39.8,rookie,,,,FA
693459,kyler fedko,Kyler Fedko,26.8,19.0,,,,0.21052631578947367,,,,,,,26.8,AAA,307.0,0.2744360902255639,0.362,0.545,0.907,0.2706766917293233,0.2280130293159609,0.11074918566775244,17.0,10.0,0.6020181589042627,0.4549999999999999,0.6204036317808526,16.0,19.0,True,0.15,,39.6,rookie,,,,FA
682877,juan brito,Juan Brito,24.8,78.0,0.269,95.866976522,69.2,0.9230769230769231,,,,,,,24.8,AAA,470.0,0.23558897243107768,0.341,0.383,0.724,0.14786967418546365,0.17872340425531916,0.13617021276595745,11.0,8.0,0.08818727515658302,0.7549999999999999,0.5176374550313166,70.0,78.0,True,0.15,0.16234887737478412,39.5,rookie,,,,FA
828076,dax kilby,Dax Kilby,19.0,,,,,,Dax Kilby,86.0,SS,19.0,ALL (2),nyy,19.6,A,154.0,0.2608695652173913,0.448,0.435,0.883,0.17391304347826086,0.2012987012987013,0.2532467532467532,4.0,12.0,1.40256429989543,0.2839999999999999,0.780512859979086,0.0,0.0,True,0.15000000000000002,,39.4,top-100 prospect,,,,FA
801501,nate furman,Nate Furman,24.9,37.0,0.227,92.300870909,66.2,0.4594594594594595,,,,,,,24.9,AAA,468.0,0.2932330827067669,0.377,0.414,0.791,0.12030075187969924,0.11752136752136752,0.1111111111111111,7.0,19.0,0.48296451488433206,0.7400000000000002,0.5965929029768664,31.0,37.0,True,0.15,0.033966609096142776,39.2,rookie,,,,FA
805795,aidan miller,Aidan Miller,22.0,,,,,,Aidan Miller,61.0,SS,22.0,ALL (2),phi,,,,,,,,,,,,,,,,0.0,0.0,True,0.4,,39.0,top-100 prospect,,,,FA
691907,tsungche cheng,Tsung-Che Cheng,24.9,44.0,0.303,95.6115125,66.5,0.8409090909090909,,,,,,,24.9,AAA,340.0,0.2361111111111111,0.339,0.389,0.728,0.1527777777777778,0.2411764705882353,0.1323529411764706,8.0,10.0,-0.10518610001670743,0.7400000000000002,0.4789627799966585,46.0,51.0,True,0.15,0.20610247553252733,38.8,rookie,,,,FA
807747,rikuu nishida,Rikuu Nishida,25.1,30.0,0.247,94.065359167,61.7,0.7666666666666667,,,,,,,25.1,AAA,459.0,0.2877094972067039,0.424,0.324,0.748,0.036312849162011177,0.18082788671023964,0.17429193899782136,1.0,24.0,0.46549911444249614,0.7099999999999997,0.5930998228884993,29.0,30.0,True,0.15,0.04778353483016695,38.5,rookie,,,,FA
806367,turner hill,Turner Hill,27.2,86.0,0.319,96.415937143,65.7,0.8953488372093024,,,,,,,27.2,AAA,365.0,0.35294117647058826,0.42,0.529,0.949,0.17647058823529413,0.08493150684931507,0.10136986301369863,9.0,23.0,1.2670233700273434,0.39500000000000013,0.7534046740054687,71.0,86.0,True,0.15,0.2832469775474957,38.2,rookie,,,,FA
687957,dustin harris,Dustin Harris,27.0,91.0,0.328,94.535510645,66.7,1.120879120879121,,,,,,,27.0,AAA,318.0,0.3285198555956679,0.407,0.545,0.952,0.21660649819494585,0.14779874213836477,0.10377358490566038,12.0,19.0,1.1038429436835009,0.425,0.7207685887367001,124.0,141.0,True,0.15,0.279217040875072,38.1,rookie,,,,FA
804560,charles davalan,Charles Davalan,22.0,,,,,,Charles Davalan,87.0,OF,22.0,A+,la,22.5,A+,530.0,0.29157175398633256,0.402,0.535,0.937,0.2437357630979499,0.10754716981132076,0.11886792452830189,24.0,17.0,1.076713301686593,0.3,0.7153426603373186,0.0,0.0,True,0.14,,37.8,top-100 prospect,,,,FA
805672,collin price,Collin Price,26.6,13.0,,,,0.7692307692307693,,,,,,,26.6,AAA,344.0,0.21254355400696864,0.337,0.449,0.786,0.23693379790940766,0.2877906976744186,0.13953488372093023,18.0,8.0,0.0888916921570252,0.48499999999999976,0.5177783384314051,12.0,13.0,True,0.15,,37.8,rookie,,,,FA
671286,johnathan rodriguez,Johnathan Rodríguez,26.7,15.0,,,,0.6666666666666666,,,,,,,26.7,AAA,407.0,0.2753623188405797,0.376,0.42,0.796,0.14492753623188406,0.2113022113022113,0.13513513513513514,9.0,1.0,0.09307832453282626,0.4700000000000001,0.5186156649065653,113.0,132.0,True,0.15,,37.5,rookie,,,,FA
805904,zach cole,Zach Cole,25.9,53.0,0.289,102.600134,76.4,0.7735849056603774,,,,,,,25.9,AAA,233.0,0.18840579710144928,0.279,0.353,0.632,0.1642512077294686,0.39914163090128757,0.09871244635193133,8.0,7.0,-1.2456490741066235,0.5900000000000002,0.2508701851786753,98.0,105.0,True,0.15,0.7484168105929765,37.5,rookie,,,,FA
675448,blake hunt,Blake Hunt,27.6,3.0,,,,0.0,,,,,,,27.6,AAA,156.0,0.3007518796992481,0.381,0.617,0.998,0.3157894736842105,0.23076923076923078,0.10256410256410256,11.0,0.0,0.7208421631165308,0.3349999999999998,0.6441684326233061,3.0,3.0,True,0.15,,37.2,rookie,,,,FA
672012,tyler black,Tyler Black,25.9,28.0,0.191,94.187515,71.6,1.1428571428571428,,,,,,,25.9,AAA,407.0,0.2469879518072289,0.374,0.389,0.763,0.14156626506024098,0.22358722358722358,0.1547911547911548,7.0,23.0,0.39719727864768484,0.5900000000000002,0.579439455729537,84.0,98.0,True,0.15,0.17098445595854925,37.1,rookie,,,,FA
815832,xavier neyens,Xavier Neyens,19.0,,,,,,Xavier Neyens,93.0,3B,19.0,ALL (2),hou,19.7,A+,161.0,0.216,0.391,0.416,0.807,0.2,0.391304347826087,0.21739130434782608,6.0,3.0,0.10084918800826978,0.552,0.5201698376016539,0.0,0.0,True,0.07999999999999996,,37.1,top-100 prospect,,,,FA
815843,josh hammond,Josh Hammond,19.0,,,,,,Josh Hammond,70.0,SS,19.0,A,kc,19.8,A,487.0,0.28604118993135014,0.354,0.389,0.743,0.10297482837528604,0.19301848049281314,0.0944558521560575,5.0,25.0,-0.12010152385436222,0.27199999999999996,0.47597969522912753,0.0,0.0,True,0.31000000000000005,,37.0,top-100 prospect,,,,FA
813075,jacob lombard,Jacob Lombard,18.0,,,,,,Jacob Lombard,67.0,SS,18.0,A,mia,,,,,,,,,,,,,,,,0.0,0.0,True,0.33999999999999997,,36.9,top-100 prospect,,,,FA
669208,ryan bliss,Ryan Bliss,26.5,10.0,,,,0.4,,,,,,,26.5,AAA,554.0,0.2546201232032854,0.325,0.39,0.715,0.13552361396303902,0.2003610108303249,0.0812274368231047,8.0,27.0,-0.2177822517327858,0.5,0.45644354965344286,106.0,120.0,True,0.15,,36.7,rookie,,,,FA
829037,kevin alvarez,Kevin Alvarez,18.0,,,,,,Kevin Alvarez,80.0,OF,18.0,A,hou,18.5,A,443.0,0.26098191214470284,0.343,0.429,0.772,0.16795865633074936,0.18510158013544017,0.09932279909706546,11.0,17.0,0.0960199989043429,0.35000000000000003,0.5192039997808686,0.0,0.0,True,0.20999999999999996,,36.6,top-100 prospect,,,,FA
800522,josue briceno,Josue Briceño,21.0,,,,,,Josue Briceño,69.0,C,21.0,ALL (4),det,,,,,,,,,,,,,,,,0.0,0.0,True,0.31999999999999995,,36.2,top-100 prospect,,,,FA
672642,steward berroa,Steward Berroa,27.1,7.0,,,,0.42857142857142855,,,,,,,27.1,AAA,301.0,0.250996015936255,0.362,0.367,0.729,0.11553784860557768,0.22591362126245848,0.14950166112956811,5.0,15.0,0.12112925050057104,0.4099999999999998,0.5242258501001142,49.0,58.0,True,0.15,,36.1,rookie,,,,FA
669398,gage workman,Gage Workman,26.7,41.0,0.299,101.80005,70.7,0.7804878048780488,,,,,,,26.7,AAA,480.0,0.2813953488372093,0.341,0.437,0.778,0.1558139534883721,0.3020833333333333,0.08333333333333333,11.0,24.0,-0.4139468230924391,0.4700000000000001,0.41721063538151215,57.0,58.0,True,0.15,0.5469199769717905,35.6,rookie,,,,FA
801126,brock rodden,Brock Rodden,26.1,64.0,0.223,97.445129444,69.2,0.703125,,,,,,,26.1,AAA,410.0,0.2618384401114206,0.342,0.499,0.841,0.23676880222841226,0.22682926829268293,0.1048780487804878,19.0,8.0,0.20957264884826102,0.5599999999999998,0.5419145297696522,54.0,64.0,True,0.15,0.16350028785261947,35.3,rookie,,,,FA
828237,cooper flemming,Cooper Flemming,20.0,,,,,,Cooper Flemming,83.0,SS,20.0,A,tb,19.9,A,518.0,0.2975391498881432,0.379,0.45,0.829,0.15212527964205816,0.1718146718146718,0.09845559845559845,11.0,16.0,0.2555377280179365,0.2660000000000001,0.5511075456035873,0.0,0.0,True,0.18000000000000005,,34.2,top-100 prospect,,,,FA
671155,ivan johnson,Ivan Johnson,27.7,19.0,,,,0.5263157894736842,,,,,,,27.7,AAA,273.0,0.24675324675324675,0.354,0.424,0.778,0.1774891774891775,0.26373626373626374,0.12454212454212454,11.0,15.0,0.13453850034239823,0.3200000000000001,0.5269077000684796,16.0,19.0,True,0.15,,33.9,rookie,,,,FA
815816,brady ebel,Brady Ebel,19.0,,,,,,Brady Ebel,98.0,SS,19.0,ALL (2),mil,18.9,A,494.0,0.26109660574412535,0.417,0.42,0.837,0.15926892950391644,0.20445344129554655,0.19433198380566802,10.0,39.0,0.9339110342446799,0.32600000000000007,0.686782206848936,0.0,0.0,True,0.030000000000000027,,33.9,top-100 prospect,,,,FA
672613,eliezer alfonzo,Eliezer Alfonzo,26.8,28.0,0.215,98.6623025,68.7,0.75,,,,,,,26.8,AAA,256.0,0.3022222222222222,0.378,0.409,0.787,0.10666666666666667,0.08203125,0.109375,2.0,1.0,0.35714543129241666,0.4549999999999999,0.5714290862584833,28.0,28.0,True,0.15,0.19113413932066783,33.8,rookie,,,,FA
677943,will banfield,Will Banfield,26.6,9.0,,,,0.3333333333333333,,,,,,,26.6,AAA,296.0,0.26181818181818184,0.306,0.425,0.731,0.16363636363636364,0.23310810810810811,0.05405405405405406,11.0,0.0,-0.7329572663178624,0.48499999999999976,0.3534085467364275,19.0,19.0,True,0.15,,33.7,rookie,,,,FA
669384,raynel delgado,Raynel Delgado,26.2,41.0,0.265,95.637686667,70.7,0.7560975609756098,,,,,,,26.2,AAA,444.0,0.24808184143222506,0.326,0.361,0.687,0.11253196930946291,0.19594594594594594,0.09234234234234234,5.0,29.0,-0.1644438912610465,0.5450000000000002,0.4671112217477907,37.0,41.0,True,0.15,0.20782959124928038,33.7,rookie,,,,FA
693409,cesar prieto,César Prieto,27.1,33.0,0.259,98.085631538,69.2,0.2727272727272727,,,,,,,27.1,AAA,349.0,0.3116883116883117,0.37,0.503,0.873,0.19155844155844157,0.12320916905444126,0.07163323782234957,12.0,6.0,0.460335326625133,0.4099999999999998,0.5920670653250266,38.0,39.0,True,0.15,0.21991940126655152,33.6,rookie,,,,FA
669899,ryan ward,Ryan Ward,28.3,60.0,0.316,99.059412105,71.6,1.0333333333333334,,,,,,,28.3,AAA,469.0,0.24812030075187969,0.35,0.429,0.779,0.18045112781954886,0.17484008528784648,0.13219616204690832,18.0,8.0,0.3062258267412939,0.22999999999999993,0.5612451653482587,55.0,60.0,True,0.15,0.5296488198042603,33.0,rookie,,,,FA
676551,brewer hicklen,Brewer Hicklen,30.4,30.0,0.346,101.782308571,73.1,1.2333333333333334,,,,,,,30.4,AAA,402.0,0.3022598870056497,0.373,0.52,0.893,0.2175141242937853,0.23134328358208955,0.09203980099502487,18.0,30.0,0.5669983833833472,0.0,0.6133996766766694,36.0,43.0,True,0.15,0.80944156591825,32.7,rookie,,,,FA
676679,luis vazquez,Luis Vázquez,26.7,0.0,,,,,,,,,,,26.7,AAA,202.0,0.22580645161290322,0.271,0.371,0.642,0.14516129032258066,0.24752475247524752,0.04950495049504951,6.0,8.0,-0.9167242865949258,0.4700000000000001,0.3166551426810148,62.0,67.0,True,0.15,,32.4,rookie,,,,FA
682997,tyler callihan,Tyler Callihan,26.0,107.0,0.252,96.384928276,70.2,0.897196261682243,,,,,,,26.0,AAA,355.0,0.21498371335504887,0.308,0.342,0.65,0.1270358306188925,0.2591549295774648,0.11549295774647887,9.0,12.0,-0.5596961328930921,0.575,0.38806077342138157,101.0,113.0,True,0.15,0.1824985607369027,32.1,rookie,0.4,545.0,297.0,FA
836353,francisco renteria,Francisco Renteria,17.0,,,,,,Francisco Renteria,81.0,OF,17.0,ROK,phi,,,,,,,,,,,,,,,,0.0,0.0,True,0.19999999999999996,,32.0,top-100 prospect,,,,FA
677060,chad stevens,Chad Stevens,27.4,34.0,0.21,94.8961975,72.1,0.3235294117647059,,,,,,,27.4,AAA,399.0,0.3216374269005848,0.419,0.465,0.884,0.14327485380116958,0.2756892230576441,0.12531328320802004,6.0,17.0,0.2989986807544317,0.3650000000000002,0.5597997361508863,41.0,48.0,True,0.15,0.21301093839953944,31.6,rookie,,,,FA
676566,shawn ross,Shawn Ross,26.7,5.0,,,,1.6,,,,,,,26.7,AAA,177.0,0.16216216216216217,0.286,0.318,0.604,0.1554054054054054,0.384180790960452,0.12994350282485875,4.0,3.0,-1.1236636147540175,0.4700000000000001,0.2752672770491965,5.0,5.0,True,0.15,,31.4,rookie,,,,FA
702610,ike irish,Ike Irish,22.0,,,,,,Ike Irish,100.0,OF,22.0,A+,bal,22.6,A+,343.0,0.28620689655172415,0.388,0.528,0.916,0.2413793103448276,0.21865889212827988,0.12536443148688048,16.0,20.0,0.7159568192781608,0.29099999999999987,0.6431913638556321,0.0,0.0,True,0.010000000000000009,,31.2,top-100 prospect,,,,FA
695020,tanner murray,Tanner Murray,26.8,33.0,0.275,100.076803636,73.8,0.7272727272727273,,,,,,,,,,,,,,,,,,,,,,28.0,33.0,True,0.15,0.5526770293609672,31.0,rookie,,,,FA
825412,angeibel gomez,Angeibel Gomez,17.0,,,,,,Angeibel Gomez,84.0,OF,17.0,ROK,kc,,,,,,,,,,,,,,,,0.0,0.0,True,0.17000000000000004,,31.0,top-100 prospect,,,,FA
829162,steele hall,Steele Hall,19.0,,,,,,Steele Hall,91.0,SS,19.0,ALL (2),cin,18.9,A,121.0,0.18947368421052632,0.355,0.284,0.639,0.09473684210526316,0.32231404958677684,0.19834710743801653,1.0,7.0,-0.2155758774789582,0.32600000000000007,0.45688482450420836,0.0,0.0,True,0.09999999999999998,,30.6,top-100 prospect,,,,FA
668974,maverick handley,Maverick Handley,28.3,1.0,,,,0.0,,,,,,,,,,,,,,,,,,,,,,42.0,48.0,True,0.15,,30.2,rookie,,,,FA
666931,jared oliva,Jared Oliva,30.6,7.0,,,,0.8571428571428571,,,,,,,,,,,,,,,,,,,,,,47.0,50.0,True,0.15,,30.2,rookie,,,,FA
669717,will wilson,Will Wilson,27.9,6.0,,,,1.5,,,,,,,,,,,,,,,,,,,,,,83.0,97.0,True,0.15,,30.2,rookie,,,,FA
675659,greg jones,Greg Jones,28.3,24.0,,,,0.25,,,,,,,28.3,AAA,264.0,0.24324324324324326,0.364,0.329,0.693,0.08558558558558559,0.32575757575757575,0.11742424242424243,3.0,31.0,-0.17285228780939108,0.22999999999999993,0.4654295424381218,30.0,32.0,True,0.15,,30.1,rookie,,,,FA
673995,davis wendzel,Davis Wendzel,29.1,4.0,,,,0.0,,,,,,,29.1,AAA,261.0,0.2304147465437788,0.349,0.461,0.81,0.2304147465437788,0.19540229885057472,0.13026819923371646,10.0,2.0,0.394284281948882,0.10999999999999982,0.5788568563897765,51.0,53.0,True,0.15,,30.0,rookie,,,,FA
669360,trei cruz,Trei Cruz,28.0,5.0,,,,0.0,,,,,,,28.0,AAA,396.0,0.2573099415204678,0.339,0.357,0.696,0.09941520467836257,0.21717171717171718,0.11363636363636363,4.0,5.0,-0.4343078146618283,0.275,0.4131384370676343,5.0,5.0,True,0.15,,30.0,rookie,,,,FA
657675,rudy martin,Rudy Martin Jr.,30.4,3.0,,,,0.3333333333333333,,,,,,,30.4,AAA,162.0,0.291044776119403,0.392,0.44,0.832,0.14925373134328357,0.20987654320987653,0.12962962962962962,5.0,15.0,0.7127182345404146,0.0,0.642543646908083,2.0,3.0,True,0.15,,28.8,rookie,,,,FA
672569,gustavo campero,Gustavo Campero,28.8,12.0,,,,0.9166666666666666,,,,,,,28.8,AA,193.0,0.2874251497005988,0.375,0.455,0.83,0.16766467065868262,0.13471502590673576,0.07772020725388601,6.0,11.0,0.6263535390997126,0.0,0.6252707078199425,115.0,126.0,True,0.15,,28.4,rookie,,,,FA
665856,jair camargo,Jair Camargo,27.0,2.0,,,,2.0,,,,,,,27.0,AAA,218.0,0.24019607843137256,0.276,0.363,0.639,0.12254901960784313,0.3577981651376147,0.03669724770642202,5.0,5.0,-1.5917457346867308,0.425,0.18165085306265383,8.0,9.0,True,0.15,,27.9,rookie,,,,FA
700652,kenny piper,Kenny Piper,28.0,11.0,,,,1.8181818181818181,,,,,,,28.0,AA,277.0,0.26382978723404255,0.366,0.506,0.872,0.2425531914893617,0.26353790613718414,0.11913357400722022,11.0,11.0,0.48076063054759904,0.0,0.5961521261095198,9.0,11.0,True,0.15,,27.7,rookie,,,,FA
663967,cesar salazar,César Salazar,30.3,22.0,,,,0.5909090909090909,,,,,,,30.3,AAA,211.0,0.26744186046511625,0.39,0.401,0.791,0.13372093023255813,0.17061611374407584,0.13270142180094788,5.0,6.0,0.4383263194957196,0.0,0.587665263899144,74.0,89.0,True,0.15,,27.4,rookie,,,,FA
640459,brian navarreto,Brian Navarreto,31.5,54.0,0.179,96.076340714,72.9,0.8333333333333334,,,,,,,,,,,,,,,,,,,,,,60.0,69.0,True,0.15,0.2654001151410478,26.7,rookie,,,,FA
695257,billy cook,Billy Cook,27.5,53.0,0.166,95.566306667,73.2,1.0754716981132075,,,,,,,,,,,,,,,,,,,,,,106.0,108.0,True,0.15,0.26424870466321243,26.7,rookie,,,,FA
660710,rodolfo duran,Rodolfo Durán,28.4,91.0,0.257,97.407154828,72.6,0.9010989010989011,,,,,,,28.4,AAA,192.0,0.24096385542168675,0.332,0.398,0.73,0.1566265060240964,0.25,0.09375,5.0,4.0,-0.3780112081560568,0.21500000000000025,0.4243977583687886,82.0,91.0,True,0.15,0.34887737478411057,26.5,rookie,,,,FA
680577,dashawn keirsey,DaShawn Keirsey Jr.,29.1,1.0,,,,4.0,,,,,,,29.1,AAA,426.0,0.24681933842239187,0.303,0.346,0.649,0.09923664122137404,0.2793427230046948,0.07042253521126761,6.0,40.0,-0.6587660696554176,0.10999999999999982,0.3682467860689165,98.0,103.0,True,0.15,,24.7,rookie,,,,FA
681909,justin dean,Justin Dean,29.6,10.0,,,,1.9,,,,,,,29.6,AAA,337.0,0.21554770318021202,0.328,0.304,0.632,0.08833922261484099,0.2522255192878338,0.13649851632047477,3.0,22.0,-0.31722552723752073,0.03499999999999981,0.43655489455249585,10.0,12.0,True,0.15,,24.5,rookie,,,,FA
663584,hayden senger,Hayden Senger,29.2,17.0,,,,0.7058823529411765,,,,,,,29.2,AAA,243.0,0.23853211009174313,0.304,0.436,0.74,0.19724770642201836,0.27983539094650206,0.07407407407407407,12.0,3.0,-0.6256304607051655,0.09500000000000014,0.3748739078589669,87.0,95.0,True,0.15,,24.5,rookie,,,,FA
682515,logan porter,Logan Porter,31.0,6.0,,,,1.1666666666666667,,,,,,,31.0,AAA,195.0,0.20118343195266272,0.292,0.314,0.606,0.11242603550295859,0.23076923076923078,0.09230769230769231,4.0,0.0,-0.9077744505051133,0.0,0.31844510989897734,42.0,53.0,True,0.15,,20.7,rookie,,,,FA
664068,scott kingery,Scott Kingery,32.2,4.0,,,,1.25,,,,,,,32.2,AAA,142.0,0.2,0.277,0.304,0.581,0.104,0.2746478873239437,0.08450704225352113,3.0,3.0,-1.1449868184771932,0.0,0.27100263630456134,50.0,52.0,True,0.15,,19.5,rookie,,,,FA
823550,sungmun song,Sung-Mun Song,29.8,144.0,0.256,97.16178234,72.2,1.0,,,,,,,29.8,AAA,125.0,0.26548672566371684,0.336,0.319,0.655,0.05309734513274336,0.232,0.096,1.0,1.0,-0.837229496520421,0.004999999999999893,0.3325541006959158,122.0,144.0,True,0.15,0.31088082901554404,18.4,rookie,0.8,590.0,118.0,FA
