sc_PA,sc_BIP,sc_ev_avg,sc_ev90,sc_ev_max,sc_hard_hit,sc_barrel,sc_sweet_spot,sc_gb,sc_xwoba,sc_xwobacon,sc_k,sc_bb,sc_whiff,sc_chase,sc_bat_speed,sc_fast_swing,sc_swing_length,sc_parks,mlbam_id,season,sc_ev_avg_pct,sc_ev90_pct,sc_ev_max_pct,sc_hard_hit_pct,sc_barrel_pct,sc_sweet_spot_pct,sc_gb_pct,sc_xwoba_pct,sc_xwobacon_pct,sc_k_pct,sc_bb_pct,sc_whiff_pct,sc_chase_pct,sc_bat_speed_pct,sc_fast_swing_pct,sc_swing_length_pct
176,119,87.0,101.6,109.4,34.5,4.2,31.9,37.0,0.276,0.303,22.2,9.1,27.4,37.8,,,,"CLT, DUR, GWN, JAX, MEM, NAS, NOR, ROC",640459,2025,29.0,16.0,34.0,26.0,24.0,25.0,85.0,19.0,13.0,50.0,31.0,50.0,3.0,,,
86,57,83.2,102.7,105.5,29.8,3.5,40.4,40.4,0.287,0.322,23.3,5.8,33.8,39.9,,,,"CLT, DUR, GWN, JAX, MEM, NOR",640459,2026,5.0,31.0,5.0,11.0,17.0,84.0,76.0,15.0,21.0,35.0,5.0,12.0,3.0,,,
163,105,85.9,103.2,108.3,44.8,1.9,38.1,51.4,0.313,0.348,20.9,12.9,21.8,20.1,,,,"BUF, CLT, LHV, LOU, OMA, ROC, WOR",657675,2026,18.0,37.0,22.0,73.0,5.0,68.0,20.0,40.0,39.0,58.0,62.0,77.0,91.0,,,
352,254,87.1,103.7,112.9,41.7,7.9,41.7,43.7,0.32,0.375,19.3,7.7,23.0,33.9,,,,"ABQ, ELP, LV, OKC, RNO, RR, SAC, SL",660710,2025,33.0,43.0,88.0,61.0,55.0,93.0,59.0,67.0,69.0,69.0,20.0,70.0,18.0,,,
189,116,89.2,105.2,110.4,44.8,6.9,31.9,50.9,0.309,0.372,24.9,9.5,24.3,29.4,,,,"ABQ, ELP, OKC, RNO, RR, SAC, TAC",660710,2026,63.0,69.0,55.0,73.0,52.0,25.0,24.0,34.0,62.0,26.0,28.0,62.0,31.0,,,
182,124,87.9,104.2,109.8,42.7,8.1,34.7,41.1,0.265,0.328,24.2,5.5,28.2,35.1,,,,"BUF, IOW, JAX, LHV, ROC, SWB, SYR, WOR",663584,2025,48.0,50.0,43.0,67.0,57.0,53.0,74.0,10.0,35.0,39.0,5.0,42.0,14.0,,,
241,150,87.4,104.5,112.4,37.3,8.0,32.0,46.0,0.274,0.347,27.4,7.5,31.2,31.3,,,,"BUF, JAX, LHV, NOR, ROC, STP, SWB, SYR",663584,2026,36.0,58.0,74.0,38.0,64.0,27.0,49.0,9.0,38.0,15.0,10.0,22.0,25.0,,,
187,116,84.1,99.0,104.1,30.2,6.9,31.9,41.4,0.306,0.3,17.1,12.8,21.9,25.1,,,,"DUR, ELP, IOW, LV, RR, SAC, SUG, TAC",663967,2025,9.0,3.0,3.0,12.0,48.0,25.0,71.0,53.0,11.0,80.0,72.0,77.0,71.0,,,
211,136,85.6,97.4,110.1,20.6,0.7,41.2,41.9,0.321,0.316,17.1,13.3,21.4,24.8,,,,"ABQ, ELP, JAX, LV, OKC, RNO, RR, SL",663967,2026,17.0,2.0,49.0,2.0,4.0,89.0,69.0,52.0,20.0,79.0,72.0,79.0,64.0,,,
243,161,88.1,101.5,107.8,37.9,5.0,34.2,36.0,0.263,0.32,25.1,6.6,26.7,35.6,,,,"ABQ, ELP, LV, RR, SAC, SL, SUG, TAC",664068,2025,50.0,14.0,18.0,40.0,30.0,47.0,89.0,7.0,24.0,35.0,9.0,52.0,9.0,,,
143,89,85.7,102.4,108.9,30.3,6.7,38.2,34.8,0.26,0.311,27.3,8.4,31.1,35.7,,,,"IND, IOW, LOU, MEM, NAS, STP, TOL",664068,2026,17.0,28.0,29.0,11.0,50.0,69.0,93.0,4.0,18.0,16.0,21.0,23.0,9.0,,,
120,67,90.0,109.1,112.9,44.8,13.4,34.3,56.7,0.269,0.41,38.3,5.8,39.1,40.8,,,,"COL, IOW, STP",665856,2025,77.0,98.0,88.0,75.0,93.0,49.0,6.0,13.0,90.0,3.0,7.0,2.0,1.0,,,
218,129,90.1,106.9,111.5,50.4,15.5,38.0,43.4,0.278,0.413,35.8,3.7,38.3,40.8,,,,"CLT, DUR, GWN, JAX, MEM, NAS, NOR, RR",665856,2026,75.0,89.0,69.0,92.0,97.0,67.0,63.0,13.0,82.0,2.0,1.0,5.0,2.0,,,
398,268,83.6,101.6,108.4,28.7,3.4,30.2,50.0,0.274,0.294,20.6,8.8,26.1,31.5,,,,"CLT, DUR, GWN, JAX, LOU, MEM, NAS, NOR",666931,2025,6.0,16.0,21.0,7.0,18.0,14.0,28.0,15.0,10.0,64.0,28.0,53.0,31.0,,,
79,53,82.6,98.4,110.4,24.5,0.0,22.6,64.2,0.248,0.298,22.8,7.6,26.8,35.1,,,,"DUR, LHV, OKC, RNO, SAC, SUG, SYR",666931,2026,4.0,3.0,55.0,4.0,2.0,1.0,1.0,2.0,11.0,42.0,11.0,44.0,11.0,,,
154,98,82.8,100.4,105.3,26.5,0.0,30.6,53.1,0.277,0.269,20.8,14.9,28.1,23.4,,,,"CLT, DUR, GWN, JAX, MEM, NOR, OMA",668974,2025,2.0,6.0,4.0,5.0,3.0,15.0,16.0,20.0,2.0,62.0,83.0,44.0,81.0,,,
76,48,85.5,100.5,110.2,29.2,6.2,35.4,43.8,0.314,0.293,18.4,14.5,26.5,22.4,,,,"GWN, JAX, LOU, NAS, NOR",668974,2026,15.0,9.0,51.0,9.0,43.0,47.0,60.0,42.0,9.0,72.0,82.0,47.0,79.0,,,
552,381,86.6,100.2,109.1,33.6,5.2,38.8,44.9,0.292,0.328,20.1,8.0,25.1,26.3,,,,"ABQ, ELP, LV, OKC, RNO, SAC, SL, SUG",669208,2026,26.0,8.0,33.0,25.0,30.0,73.0,54.0,19.0,24.0,64.0,15.0,58.0,56.0,,,
242,134,90.0,104.0,110.7,47.8,9.7,38.1,44.0,0.35,0.386,22.7,19.8,27.4,19.4,,,,"IND, IOW, LHV, LOU, OMA, ROC, TOL",669360,2025,77.0,47.0,61.0,88.0,70.0,75.0,58.0,90.0,79.0,46.0,96.0,50.0,88.0,,,
407,268,87.6,104.1,109.9,38.1,4.1,35.8,44.0,0.294,0.324,21.9,11.5,26.5,21.8,,,,"COL, IND, IOW, LAK, LHV, LOU, PMB, ROC",669360,2026,40.0,51.0,47.0,40.0,23.0,51.0,58.0,20.0,22.0,50.0,49.0,47.0,83.0,,,
476,324,83.1,101.5,109.4,29.9,3.4,32.1,48.1,0.285,0.304,20.0,10.1,20.8,29.1,,,,"CLT, DUR, GWN, IND, JAX, LOU, MEM, NAS",669384,2025,3.0,14.0,34.0,11.0,18.0,27.0,37.0,29.0,14.0,66.0,40.0,80.0,48.0,,,
436,303,84.8,101.6,108.1,31.7,2.3,38.9,47.9,0.295,0.326,19.5,8.7,26.4,31.6,,,,"ABQ, CLT, DUR, ELP, GWN, LHV, LV, NAS",669384,2026,9.0,17.0,19.0,15.0,7.0,73.0,37.0,21.0,23.0,67.0,23.0,49.0,25.0,,,
359,173,90.8,105.6,111.3,49.7,15.0,39.9,27.7,0.307,0.449,38.2,12.3,39.0,29.1,,,,"CLT, COL, IND, IOW, LHV, LOU, OMA, ROC",669398,2025,87.0,71.0,67.0,95.0,96.0,85.0,97.0,55.0,97.0,4.0,63.0,4.0,48.0,,,
477,290,90.2,105.8,115.0,47.2,11.0,44.8,37.9,0.334,0.452,30.0,8.4,34.6,37.3,,,,"COL, ELP, IND, IOW, LHV, LOU, OKC, ROC",669398,2026,76.0,77.0,95.0,86.0,83.0,97.0,84.0,64.0,93.0,7.0,21.0,8.0,7.0,,,
294,193,89.2,103.1,109.0,39.9,8.3,26.9,49.7,0.291,0.332,22.1,9.5,31.2,31.0,,,,"BUF, COL, IOW, JAX, STP, TOL, WOR",669717,2025,70.0,32.0,27.0,50.0,60.0,7.0,29.0,35.0,41.0,52.0,33.0,22.0,37.0,,,
61,37,87.2,100.7,104.7,32.4,0.0,40.5,51.4,0.288,0.307,23.0,14.8,28.7,26.6,,,,"RNO, SUG, TAC",669717,2026,35.0,11.0,2.0,17.0,2.0,86.0,20.0,17.0,17.0,40.0,83.0,34.0,53.0,,,
653,442,91.5,104.7,111.4,50.2,11.3,40.7,41.0,0.35,0.386,18.7,12.7,21.6,26.8,,,,"ABQ, ELP, LV, OKC, RNO, RR, SAC, SL",669899,2025,92.0,60.0,69.0,95.0,84.0,88.0,75.0,90.0,79.0,75.0,71.0,78.0,59.0,,,
465,316,90.8,104.3,108.1,44.3,7.6,36.4,46.8,0.336,0.353,17.2,13.3,21.0,27.3,,,,"ABQ, LV, OKC, RR, SAC, SL, SUG, TAC",669899,2026,84.0,54.0,19.0,71.0,61.0,56.0,44.0,67.0,45.0,78.0,72.0,80.0,48.0,,,
203,112,89.8,103.4,110.6,35.7,7.1,36.6,50.9,0.315,0.387,29.1,14.8,35.4,27.7,,,,"COL, IND, IOW, LOU, MEM, OMA, STP, TOL",671155,2025,75.0,36.0,58.0,33.0,51.0,66.0,22.0,60.0,80.0,15.0,82.0,9.0,56.0,,,
273,161,89.6,104.5,110.2,46.6,9.3,39.8,47.8,0.336,0.407,26.0,12.5,32.7,30.3,,,,"COL, GWN, IND, IOW, LOU, MEM, NAS, OMA",671155,2026,69.0,58.0,51.0,82.0,74.0,79.0,39.0,67.0,80.0,20.0,58.0,15.0,30.0,,,
375,236,92.3,108.9,114.2,50.4,10.6,33.5,53.0,0.325,0.378,22.9,11.5,27.9,29.0,,,,"COL, IND, LHV, LOU, OMA, ROC, STP, TOL",671286,2025,99.0,97.0,95.0,96.0,79.0,39.0,17.0,74.0,71.0,45.0,57.0,45.0,50.0,,,
404,260,92.4,108.3,113.9,48.5,7.7,27.7,63.1,0.323,0.354,20.5,13.1,24.1,22.7,,,,"ABQ, CLT, ELP, GWN, IND, JAX, LOU, LV",671286,2026,94.0,93.0,90.0,88.0,61.0,8.0,2.0,55.0,46.0,60.0,68.0,64.0,77.0,,,
108,66,89.9,105.0,111.8,34.8,6.1,39.4,48.5,0.295,0.346,25.0,12.0,31.5,25.0,,,,"COL, JAX, LOU, TOL",671655,2025,75.0,62.0,74.0,30.0,42.0,81.0,35.0,39.0,50.0,36.0,61.0,21.0,72.0,,,
317,213,89.0,103.8,111.0,42.7,7.5,34.7,46.5,0.319,0.336,18.0,12.9,22.2,20.7,,,,"COL, IND, IOW, LHV, LOU, OMA, STP, SYR",671655,2026,58.0,45.0,63.0,63.0,59.0,42.0,45.0,48.0,29.0,74.0,62.0,74.0,87.0,,,
269,150,87.2,102.1,108.0,31.3,3.3,28.0,50.7,0.261,0.261,26.4,16.0,28.6,20.9,,,,"DUR, JAX, LOU, MEM, NAS, NOR, SWB",672012,2025,36.0,23.0,20.0,15.0,16.0,9.0,24.0,5.0,1.0,29.0,88.0,39.0,85.0,,,
404,242,85.4,100.6,109.7,27.3,2.5,28.1,47.5,0.289,0.283,22.3,15.6,24.7,20.1,,,,"CLT, DUR, JAX, MEM, NAS, NOR, SUG",672012,2026,13.0,10.0,43.0,6.0,9.0,10.0,40.0,18.0,4.0,48.0,88.0,60.0,91.0,,,
164,120,85.1,100.6,107.0,25.0,1.7,31.7,47.5,0.294,0.294,12.2,9.8,19.2,26.7,,,,"ABQ, ELP, LV, SAC, SL",672569,2025,13.0,9.0,12.0,4.0,6.0,21.0,41.0,37.0,10.0,96.0,35.0,85.0,60.0,,,
96,67,87.6,102.2,108.6,32.8,7.5,29.9,46.3,0.311,0.362,21.9,6.2,28.2,34.3,,,,"ELP, SL, SUG",672569,2026,40.0,26.0,25.0,20.0,59.0,16.0,47.0,37.0,51.0,50.0,5.0,37.0,15.0,,,
33,28,86.8,97.5,105.8,32.1,0.0,42.9,32.1,0.275,0.324,12.1,0.0,16.1,34.5,,,,"RR, TOL",672613,2025,26.0,2.0,6.0,18.0,3.0,96.0,95.0,17.0,29.0,97.0,1.0,96.0,16.0,,,
257,207,87.1,99.5,107.1,29.5,1.9,35.3,49.3,0.314,0.299,8.2,10.9,9.0,28.0,,,,"ABQ, CLT, LV, OKC, RNO, RR, SL, SUG",672613,2026,33.0,5.0,12.0,10.0,5.0,46.0,29.0,42.0,11.0,99.0,44.0,99.0,42.0,,,
311,187,83.5,101.7,109.9,31.0,2.1,31.6,44.9,0.282,0.312,25.4,13.8,28.3,25.3,,,,"ABQ, BUF, DUR, IOW, LOU, LV, MEM, NAS",672642,2025,5.0,17.0,46.0,14.0,8.0,19.0,53.0,27.0,20.0,34.0,79.0,40.0,70.0,,,
301,179,79.5,99.8,107.0,20.1,2.8,27.4,48.0,0.279,0.3,22.6,15.0,22.3,24.3,,,,"BUF, IND, LHV, NAS, OMA, ROC, STP, SWB",672642,2026,1.0,6.0,11.0,2.0,11.0,6.0,37.0,13.0,13.0,44.0,85.0,73.0,66.0,,,
356,247,86.9,102.9,110.4,32.0,6.5,39.7,35.2,0.319,0.331,17.7,10.4,21.9,24.2,,,,"COL, GWN, IND, IOW, LOU, MEM, NAS, OMA",673995,2025,27.0,30.0,55.0,16.0,46.0,85.0,91.0,65.0,40.0,77.0,45.0,77.0,76.0,,,
262,169,87.9,104.3,109.5,33.1,6.5,40.8,28.4,0.34,0.358,19.5,13.0,25.9,23.0,,,,"COL, IND, IOW, LOU, MEM, OMA, STP, TOL",673995,2026,43.0,54.0,38.0,22.0,46.0,88.0,99.0,72.0,49.0,67.0,65.0,53.0,75.0,,,
280,180,87.3,104.2,109.5,40.6,6.1,35.6,38.9,0.321,0.354,22.1,12.5,24.8,29.1,,,,"ABQ, ELP, LV, OKC, RNO, RR, SAC, SL",675448,2025,38.0,50.0,37.0,54.0,42.0,59.0,82.0,69.0,55.0,52.0,66.0,63.0,48.0,,,
156,100,86.4,102.1,109.7,33.0,6.0,39.0,42.0,0.32,0.37,23.1,10.3,26.9,30.7,,,,"ELP, LV, OKC, RNO, RR, SUG",675448,2026,23.0,23.0,43.0,21.0,39.0,74.0,69.0,50.0,61.0,39.0,36.0,43.0,28.0,,,
71,32,86.5,106.9,112.3,34.4,12.5,34.4,50.0,0.28,0.422,42.3,7.0,41.7,31.6,,,,"CLT, JAX, SWB",675659,2025,23.0,85.0,79.0,25.0,91.0,50.0,28.0,24.0,94.0,1.0,14.0,1.0,30.0,,,
262,132,90.3,103.8,108.8,46.2,3.8,30.3,59.1,0.288,0.35,32.8,11.8,38.7,25.4,,,,"COL, DUR, GWN, IND, IOW, JAX, MEM, NAS",675659,2026,77.0,45.0,28.0,81.0,19.0,17.0,4.0,17.0,42.0,5.0,51.0,3.0,61.0,,,
387,217,90.7,106.1,113.5,46.1,12.0,30.4,41.0,0.306,0.389,30.7,10.3,36.0,25.7,,,,"BUF, COL, IND, LHV, OMA, RR, STP, SWB",676551,2025,85.0,79.0,91.0,80.0,88.0,15.0,75.0,53.0,81.0,8.0,43.0,6.0,65.0,,,
405,265,89.2,105.1,112.1,43.8,12.1,40.4,43.0,0.346,0.416,23.0,9.1,31.2,28.5,,,,"CLT, DUR, GWN, JAX, MEM, NAS, NOR, RR",676551,2026,63.0,67.0,71.0,70.0,86.0,84.0,66.0,78.0,84.0,40.0,25.0,22.0,37.0,,,
126,55,89.2,106.7,110.6,40.0,5.5,25.5,41.8,0.232,0.33,42.9,11.1,43.2,24.4,,,,"COL, GWN, IND, IOW, LOU, MEM, NAS, SWB",676566,2025,70.0,83.0,58.0,51.0,35.0,4.0,69.0,3.0,38.0,0.0,51.0,0.0,75.0,,,
177,83,85.5,106.2,114.0,32.5,8.4,27.7,38.6,0.263,0.351,38.4,13.0,40.3,20.4,,,,"CLT, COL, IND, IOW, JAX, LHV, LOU, OMA",676566,2026,15.0,83.0,92.0,19.0,68.0,8.0,82.0,5.0,43.0,2.0,65.0,1.0,89.0,,,
175,118,87.1,103.8,110.6,40.7,5.9,26.3,59.3,0.277,0.315,21.1,7.4,22.8,35.2,,,,"CLT, LHV, LOU, NAS, NOR, STP",676679,2025,33.0,44.0,58.0,55.0,38.0,5.0,4.0,20.0,22.0,60.0,16.0,71.0,13.0,,,
202,140,83.0,101.8,109.9,32.9,5.7,28.6,57.1,0.248,0.305,24.8,5.0,29.6,41.2,,,,"BUF, CLT, GWN, NAS, NOR, SWB, SYR",676679,2026,4.0,20.0,47.0,20.0,36.0,11.0,7.0,2.0,16.0,28.0,2.0,28.0,1.0,,,
530,341,88.9,104.6,109.6,44.6,9.1,42.8,41.9,0.353,0.416,22.1,10.9,28.6,31.9,,,,"ABQ, LV, OKC, RNO, RR, SAC, SL, SUG",677060,2025,65.0,57.0,39.0,75.0,66.0,95.0,67.0,92.0,92.0,52.0,50.0,39.0,29.0,,,
390,225,88.2,104.1,114.2,38.2,5.8,42.7,45.3,0.327,0.397,27.2,12.3,30.4,28.6,,,,"ABQ, ELP, LV, OKC, RNO, RR, SAC, SUG",677060,2026,46.0,51.0,93.0,42.0,37.0,95.0,52.0,58.0,76.0,17.0,55.0,24.0,36.0,,,
137,75,81.9,103.8,109.1,28.0,14.7,26.7,46.7,0.311,0.35,27.0,14.6,35.5,25.4,,,,"LV, RNO, SL, TAC",677347,2025,1.0,44.0,28.0,6.0,95.0,6.0,45.0,57.0,52.0,25.0,81.0,8.0,69.0,,,
290,152,89.7,105.2,108.5,37.5,8.6,40.1,45.4,0.345,0.421,28.3,17.2,34.3,22.4,,,,"ABQ, ELP, RNO, SAC, SL, SUG, TAC",677347,2026,70.0,69.0,24.0,39.0,70.0,80.0,52.0,77.0,86.0,13.0,91.0,8.0,79.0,,,
270,178,87.0,104.1,111.8,35.4,3.9,36.0,40.4,0.268,0.325,25.6,6.7,29.0,36.9,,,,"COL, GWN, IND, IOW, LOU, MEM, OMA, STP",677943,2025,29.0,48.0,74.0,31.0,22.0,64.0,79.0,12.0,32.0,32.0,10.0,36.0,6.0,,,
296,209,86.1,103.6,110.6,34.4,4.3,34.0,38.8,0.274,0.331,23.3,5.4,28.2,40.0,,,,"COL, GWN, IND, IOW, LOU, MEM, OMA, STP",677943,2026,20.0,41.0,58.0,29.0,23.0,36.0,81.0,9.0,26.0,35.0,4.0,37.0,2.0,,,
182,103,88.4,107.0,113.7,39.8,16.5,34.0,42.7,0.34,0.399,26.9,16.5,30.0,18.2,,,,"ABQ, LV, RNO, SAC, SL",678577,2025,56.0,86.0,94.0,49.0,98.0,45.0,64.0,85.0,85.0,25.0,93.0,31.0,92.0,,,
349,185,89.1,106.2,112.7,49.2,6.5,24.3,48.6,0.268,0.363,35.5,10.9,38.8,25.9,,,,"BUF, CLT, DUR, GWN, LV, NAS, RNO, ROC",678577,2026,60.0,83.0,78.0,89.0,46.0,2.0,33.0,6.0,52.0,3.0,44.0,2.0,58.0,,,
497,354,88.2,105.9,114.5,39.8,8.2,32.8,46.3,0.32,0.362,19.1,7.2,27.8,29.9,,,,"CLT, COL, DUR, GWN, IND, JAX, LOU, MEM",678760,2025,52.0,76.0,95.0,49.0,59.0,34.0,46.0,67.0,60.0,71.0,15.0,46.0,45.0,,,
377,260,87.0,103.9,111.2,37.3,5.8,35.0,45.8,0.311,0.336,18.8,10.1,25.6,30.7,,,,"CLT, DUR, GWN, JAX, LOU, LV, MEM, NAS",678760,2026,31.0,48.0,65.0,38.0,37.0,45.0,51.0,37.0,29.0,70.0,33.0,55.0,28.0,,,
161,103,88.6,102.2,112.1,38.8,2.9,34.0,46.6,0.278,0.307,22.4,10.6,27.8,30.2,,,,"IND, MEM, OMA, STP, TOL",680577,2025,60.0,24.0,76.0,45.0,11.0,45.0,45.0,22.0,18.0,48.0,48.0,46.0,44.0,,,
427,275,87.6,104.6,112.5,41.5,4.7,37.5,54.5,0.289,0.369,27.9,7.0,26.6,34.0,,,,"CLT, DUR, GWN, JAX, LOU, MEM, NAS, NOR",680577,2026,40.0,60.0,75.0,55.0,24.0,63.0,11.0,18.0,59.0,14.0,8.0,45.0,16.0,,,
215,141,90.7,105.3,112.1,48.9,13.5,39.0,45.4,0.373,0.431,19.1,12.6,27.5,28.1,,,,"IND, IOW, LHV, LOU, OMA, ROC, TOL",680664,2025,85.0,68.0,76.0,92.0,94.0,78.0,50.0,96.0,96.0,71.0,69.0,49.0,55.0,,,
356,236,89.8,105.4,112.7,47.0,13.6,35.6,44.5,0.339,0.388,21.1,9.8,25.6,29.2,,,,"COL, IND, IOW, LHV, LOU, OMA, ROC, SYR",680664,2026,71.0,73.0,78.0,84.0,92.0,49.0,56.0,71.0,70.0,55.0,31.0,55.0,33.0,,,
455,279,88.2,105.8,112.1,43.4,5.4,25.4,60.6,0.272,0.302,25.3,11.2,29.7,21.7,,,,"CLT, COL, ELP, GWN, IND, MEM, NAS, NOR",680716,2025,52.0,74.0,76.0,71.0,34.0,3.0,3.0,14.0,12.0,35.0,54.0,34.0,84.0,,,
339,226,88.6,104.4,114.3,43.8,7.1,37.2,50.4,0.307,0.356,22.7,8.6,30.2,26.7,,,,"BUF, COL, DUR, IND, LHV, LV, NAS, OKC",680716,2026,52.0,55.0,94.0,70.0,54.0,62.0,25.0,32.0,48.0,43.0,23.0,25.0,52.0,,,
536,331,90.6,106.3,112.9,48.6,8.2,37.5,47.7,0.338,0.367,20.5,14.9,25.2,19.1,,,,"CLT, COL, IND, IOW, JAX, LOU, MEM, NAS",681047,2025,84.0,80.0,88.0,90.0,59.0,73.0,40.0,83.0,65.0,65.0,83.0,60.0,89.0,,,
428,239,91.6,106.2,113.7,46.0,7.1,30.5,57.3,0.332,0.388,25.0,15.2,26.5,19.7,,,,"BUF, CLT, JAX, LHV, ROC, SWB, SYR, WOR",681047,2026,89.0,83.0,89.0,80.0,54.0,19.0,6.0,62.0,70.0,25.0,86.0,47.0,93.0,,,
518,329,90.1,103.6,111.3,45.6,8.2,42.2,35.3,0.361,0.408,21.2,13.3,24.6,22.3,,,,"COL, GWN, IND, IOW, LOU, MEM, NAS, STP",681230,2026,75.0,41.0,67.0,77.0,66.0,93.0,92.0,90.0,81.0,54.0,72.0,61.0,81.0,,,
347,222,83.1,100.1,106.5,29.3,4.5,32.9,55.4,0.293,0.324,23.6,11.2,24.9,20.1,,,,"ABQ, ELP, LV, OKC, RNO, RR, SAC, SL",681909,2025,3.0,5.0,9.0,9.0,26.0,35.0,11.0,36.0,29.0,44.0,54.0,62.0,87.0,,,
334,199,81.8,99.2,109.6,22.6,2.5,36.2,49.2,0.271,0.287,25.1,13.8,29.7,22.4,,,,"COL, IND, IOW, LOU, NAS, STP, TOL",681909,2026,3.0,5.0,40.0,3.0,9.0,55.0,30.0,7.0,6.0,24.0,79.0,27.0,79.0,,,
192,124,87.5,100.0,105.6,33.1,2.4,32.3,44.4,0.272,0.292,22.4,9.4,27.2,22.7,,,,"ABQ, ELP, RR, SAC, SL, SUG, TAC",682515,2026,38.0,7.0,5.0,22.0,8.0,29.0,57.0,8.0,8.0,47.0,27.0,42.0,77.0,,,
53,37,90.0,107.7,112.8,54.1,16.2,54.1,43.2,0.45,0.476,13.2,15.1,20.2,35.4,,,,"COL, LOU, OMA",682622,2025,77.0,90.0,85.0,99.0,97.0,100.0,60.0,100.0,98.0,93.0,85.0,83.0,11.0,,,
247,191,88.5,106.2,112.7,42.9,8.4,37.7,48.7,0.339,0.388,16.6,5.3,22.4,36.5,,,,"COL, IND, IOW, LOU, MEM, NAS, OMA",682622,2026,51.0,83.0,78.0,64.0,68.0,65.0,32.0,71.0,70.0,81.0,3.0,72.0,7.0,,,
432,248,90.4,107.1,112.3,45.2,11.3,34.3,49.6,0.297,0.38,29.6,11.1,30.4,30.9,,,,"COL, IND, IOW, LOU, LV, NAS, OMA, STP",682634,2025,82.0,88.0,79.0,77.0,84.0,49.0,30.0,43.0,73.0,12.0,51.0,30.0,41.0,,,
334,191,91.3,109.2,114.0,47.1,17.8,36.6,46.1,0.355,0.465,29.3,12.6,33.7,28.9,,,,"COL, GWN, IND, IOW, LOU, NAS, STP",682634,2026,87.0,96.0,92.0,85.0,99.0,57.0,48.0,86.0,95.0,9.0,60.0,13.0,35.0,,,
159,125,89.7,105.1,110.0,43.2,8.8,39.2,39.2,0.328,0.368,12.6,5.0,16.3,35.6,,,,"RR, SAC, SL, SUG",682641,2025,72.0,65.0,48.0,70.0,64.0,80.0,81.0,77.0,66.0,95.0,4.0,94.0,9.0,,,
278,222,86.5,101.8,109.1,29.7,3.6,34.2,39.2,0.287,0.275,10.1,8.3,15.8,35.7,,,,"CLT, DUR, JAX, LOU, MEM, NAS, NOR, SUG",682641,2026,24.0,20.0,33.0,10.0,18.0,39.0,80.0,15.0,2.0,97.0,20.0,93.0,9.0,,,
80,54,89.0,109.3,111.8,44.4,13.0,35.2,42.6,0.283,0.331,23.8,8.8,31.7,31.4,,,,"JAX, MEM, NAS",682663,2025,67.0,99.0,74.0,74.0,92.0,55.0,65.0,28.0,40.0,41.0,28.0,20.0,32.0,,,
243,163,91.7,107.9,112.8,52.1,7.4,25.8,60.7,0.312,0.355,21.4,9.5,28.4,27.6,,,,"CLT, DUR, JAX, MEM, NAS, ROC, WOR",682663,2026,90.0,93.0,80.0,96.0,57.0,4.0,4.0,39.0,47.0,53.0,28.0,36.0,46.0,,,
46,37,90.9,106.5,108.7,45.9,10.8,16.2,62.2,0.225,0.28,19.6,0.0,27.5,33.7,,,,"ELP, SAC",682674,2025,89.0,82.0,24.0,79.0,80.0,1.0,2.0,2.0,4.0,68.0,1.0,49.0,19.0,,,
213,152,90.9,105.9,112.3,49.3,7.9,31.6,58.6,0.336,0.394,20.2,7.5,29.1,33.3,,,,"LV, RR, SAC, SL, TAC",682674,2026,84.0,78.0,73.0,90.0,63.0,23.0,5.0,67.0,75.0,63.0,10.0,31.0,20.0,,,
352,221,85.8,103.1,109.4,33.9,5.0,33.0,41.2,0.276,0.325,25.6,9.9,25.4,25.5,,,,"BUF, COL, IND, IOW, MEM, ROC, STP, SWB",682729,2025,17.0,32.0,34.0,23.0,30.0,36.0,73.0,19.0,32.0,32.0,37.0,59.0,67.0,,,
217,132,85.6,103.8,109.4,37.9,6.1,41.7,40.2,0.317,0.381,24.9,12.9,23.8,26.9,,,,"BUF, IOW, LHV, OMA, SYR, WOR",682729,2026,17.0,45.0,36.0,39.0,42.0,90.0,78.0,46.0,66.0,26.0,62.0,66.0,50.0,,,
344,230,91.9,108.8,115.4,47.8,5.2,31.7,48.3,0.311,0.329,18.9,12.5,20.2,25.5,,,,"BUF, COL, IND, ROC, SWB, SYR, WOR",682818,2025,95.0,95.0,97.0,88.0,33.0,21.0,36.0,57.0,36.0,74.0,66.0,83.0,67.0,,,
281,176,89.8,107.3,115.4,42.6,7.4,40.9,40.3,0.306,0.366,25.6,10.7,27.2,28.3,,,,"BUF, CLT, IOW, OMA, ROC, SYR, WOR",682818,2026,71.0,91.0,97.0,62.0,57.0,89.0,77.0,30.0,57.0,22.0,42.0,42.0,39.0,,,
100,63,85.5,99.6,107.3,23.8,7.9,31.7,36.5,0.278,0.292,21.0,13.0,24.0,31.0,,,,"COL, IOW, TOL, WOR",682877,2025,15.0,4.0,15.0,2.0,55.0,21.0,87.0,22.0,8.0,61.0,73.0,65.0,37.0,,,
471,317,85.5,100.2,107.7,25.9,2.5,36.3,33.1,0.298,0.301,17.8,13.6,22.4,27.7,,,,"COL, IND, IOW, LHV, LOU, OMA, STP, TOL",682877,2026,15.0,8.0,15.0,5.0,9.0,55.0,96.0,23.0,14.0,76.0,76.0,72.0,45.0,,,
309,214,88.4,103.5,110.1,42.1,6.1,33.6,53.3,0.347,0.366,16.5,13.6,20.4,26.4,,,,"COL, IND, IOW, JAX, LOU, MEM, NAS, STP",682927,2025,56.0,39.0,50.0,65.0,42.0,40.0,15.0,88.0,64.0,81.0,77.0,81.0,62.0,,,
501,341,91.1,106.2,112.9,46.6,5.6,33.1,54.5,0.343,0.361,17.0,13.0,20.3,25.7,,,,"COL, IND, IOW, LOU, MEM, OMA, STP, TOL",682927,2026,86.0,83.0,81.0,82.0,35.0,31.0,11.0,76.0,51.0,80.0,65.0,80.0,59.0,,,
106,61,88.0,104.9,109.9,41.0,6.6,41.0,44.3,0.325,0.39,27.4,15.1,33.0,27.2,,,,"COL, LOU, OMA",682997,2025,49.0,61.0,46.0,56.0,47.0,90.0,56.0,74.0,82.0,22.0,85.0,17.0,58.0,,,
348,212,86.4,101.8,108.0,32.5,3.8,30.7,44.3,0.263,0.3,25.9,11.8,27.2,28.3,,,,"COL, IND, LOU, MEM, NAS, OMA, TOL",682997,2026,23.0,20.0,18.0,19.0,19.0,20.0,58.0,5.0,13.0,20.0,51.0,42.0,39.0,,,
88,39,84.2,101.8,106.2,38.5,5.1,38.5,46.2,0.24,0.328,42.0,12.5,39.1,26.1,,,,"BUF, LHV, SWB, WOR",683079,2025,10.0,19.0,7.0,42.0,32.0,77.0,48.0,4.0,35.0,2.0,66.0,2.0,63.0,,,
251,129,87.5,103.9,111.0,39.5,12.4,36.4,45.0,0.306,0.406,33.9,11.2,35.8,28.2,,,,"ABQ, ELP, LV, OKC, RNO, RR, SAC, SL",683079,2026,38.0,48.0,63.0,47.0,89.0,56.0,54.0,30.0,79.0,4.0,47.0,7.0,40.0,,,
464,285,87.1,104.7,110.9,41.4,9.5,37.2,47.0,0.287,0.383,29.3,6.9,30.7,35.4,,,,"ABQ, ELP, LV, OKC, RNO, SAC, SL, SUG",683090,2025,33.0,60.0,63.0,59.0,68.0,70.0,44.0,31.0,77.0,13.0,12.0,27.0,11.0,,,
247,164,87.5,103.8,110.6,39.6,7.9,40.2,37.2,0.319,0.394,25.1,6.9,28.7,31.8,,,,"COL, LOU, LV, OMA, SL, STP, TOL",683090,2026,38.0,45.0,58.0,48.0,63.0,82.0,87.0,48.0,75.0,24.0,7.0,34.0,24.0,,,
540,390,87.8,103.0,109.9,36.9,3.1,32.6,52.6,0.327,0.328,13.3,11.9,16.1,31.0,,,,"ABQ, DUR, LHV, LOU, NAS, OKC, RNO, ROC",683679,2025,45.0,31.0,46.0,37.0,14.0,31.0,19.0,76.0,35.0,92.0,60.0,96.0,37.0,,,
225,170,86.8,102.5,105.0,34.1,6.5,38.8,41.8,0.336,0.339,11.6,10.7,19.5,29.3,,,,"ELP, OKC, SAC, SL, SUG, TAC",683679,2026,28.0,29.0,4.0,27.0,46.0,73.0,70.0,67.0,33.0,94.0,42.0,82.0,32.0,,,
211,158,87.8,103.4,108.6,33.5,3.8,32.9,41.8,0.305,0.32,15.2,9.0,25.8,32.5,,,,"CLT, DUR, FTM, GWN, JAX, JUP, NOR, PMB",683748,2025,45.0,36.0,23.0,22.0,20.0,35.0,69.0,51.0,24.0,85.0,30.0,55.0,25.0,,,
101,64,90.3,103.5,109.0,48.4,9.4,39.1,34.4,0.321,0.367,23.8,12.9,31.6,32.3,,,,"CLT, DUR, SWB",683748,2026,77.0,40.0,31.0,87.0,76.0,75.0,95.0,52.0,58.0,33.0,62.0,19.0,22.0,,,
120,58,87.4,102.0,109.2,39.7,12.1,34.5,43.1,0.33,0.33,26.7,24.2,24.1,14.7,,,,"COL, LOU, STP, TOL",683953,2025,40.0,21.0,30.0,47.0,89.0,51.0,61.0,79.0,38.0,27.0,99.0,65.0,98.0,,,
117,69,89.9,104.7,110.3,40.6,10.1,29.0,52.2,0.343,0.366,21.4,17.9,20.0,22.3,,,,"BUF, COL, IOW, WOR",683953,2026,73.0,61.0,53.0,52.0,80.0,12.0,17.0,76.0,57.0,53.0,95.0,81.0,81.0,,,
45,34,83.7,105.4,107.4,32.4,8.8,35.3,44.1,0.322,0.342,15.6,2.2,23.2,33.0,,,,"CLT, NOR, ROC",686611,2025,7.0,69.0,17.0,19.0,64.0,57.0,57.0,71.0,48.0,83.0,3.0,68.0,22.0,,,
179,110,94.6,109.3,111.5,51.8,13.6,30.9,49.1,0.341,0.423,24.6,10.6,33.9,30.5,,,,"JAX, LHV, ROC, SWB, SYR",686611,2026,99.0,97.0,69.0,95.0,92.0,22.0,30.0,73.0,87.0,29.0,40.0,11.0,29.0,,,
445,337,86.5,101.9,109.8,31.2,2.1,35.9,49.0,0.295,0.288,11.5,10.3,18.4,27.4,,,,"ELP, LV, OKC, RNO, RR, SAC, SUG, TAC",687231,2025,23.0,20.0,43.0,15.0,8.0,63.0,35.0,39.0,5.0,98.0,43.0,89.0,57.0,,,
218,156,85.1,102.5,107.4,32.1,0.6,30.8,54.5,0.303,0.288,12.4,13.3,15.7,27.6,,,,"LV, OKC, OMA, RR, SAC",687231,2026,11.0,29.0,14.0,17.0,4.0,21.0,11.0,27.0,7.0,92.0,72.0,93.0,46.0,,,
506,288,92.3,108.6,116.4,48.3,11.1,32.6,46.2,0.346,0.396,22.5,15.8,28.9,24.5,,,,"BUF, CLT, GWN, LHV, NOR, OMA, ROC, SWB",687282,2025,99.0,94.0,98.0,89.0,83.0,31.0,48.0,87.0,84.0,47.0,86.0,37.0,75.0,,,
170,98,92.5,110.4,113.1,50.0,12.2,35.7,52.0,0.332,0.427,22.9,10.6,27.7,27.8,,,,"BUF, CLR, DBT, LHV, SWB, WOR",687282,2026,95.0,99.0,83.0,91.0,87.0,50.0,17.0,62.0,88.0,41.0,40.0,40.0,44.0,,,
200,113,83.7,101.0,107.9,29.2,6.2,29.2,40.7,0.273,0.315,29.0,13.5,29.4,23.7,,,,"BRD, COL, DUN, IND, LOU, NAS, OMA, TOL",687394,2026,6.0,12.0,17.0,9.0,43.0,13.0,75.0,8.0,19.0,10.0,75.0,30.0,70.0,,,
509,302,89.1,107.7,116.6,40.4,10.3,30.8,51.7,0.303,0.381,29.1,8.6,34.5,28.6,,,,"BUF, CLT, JAX, LHV, MEM, NOR, ROC, SWB",687605,2025,68.0,90.0,99.0,53.0,76.0,16.0,21.0,48.0,75.0,15.0,26.0,12.0,53.0,,,
402,228,89.9,108.5,119.0,47.8,8.3,31.1,56.6,0.303,0.407,31.1,10.2,35.4,26.5,,,,"BUF, CLT, JAX, LHV, ROC, SWB, SYR, WOR",687605,2026,73.0,95.0,100.0,86.0,67.0,22.0,7.0,27.0,80.0,6.0,35.0,7.0,54.0,,,
161,100,85.3,103.9,109.4,36.0,9.0,35.0,45.0,0.296,0.332,24.8,13.0,31.1,34.7,,,,"BRD, COL, GWN, IND, SWB, SYR",687749,2025,14.0,45.0,34.0,34.0,65.0,54.0,51.0,41.0,41.0,38.0,73.0,23.0,15.0,,,
223,139,89.1,106.2,112.6,46.0,12.9,41.7,36.0,0.366,0.477,26.5,9.4,32.8,32.6,,,,"ABQ, ELP, RR, SAC, SL, TAC",687749,2026,60.0,83.0,76.0,80.0,90.0,90.0,91.0,92.0,98.0,19.0,27.0,14.0,20.0,,,
425,300,83.6,100.4,109.7,24.0,4.3,37.3,38.3,0.307,0.322,17.4,10.4,21.3,30.9,,,,"ABQ, CLT, LV, OKC, RR, SL, STP, SUG",687957,2025,6.0,6.0,41.0,3.0,25.0,71.0,84.0,55.0,26.0,79.0,45.0,79.0,41.0,,,
319,229,86.2,100.5,109.8,28.8,3.9,40.2,37.1,0.331,0.347,14.7,10.3,19.0,27.9,,,,"BUF, CLT, DUR, ELP, GWN, LV, MEM, NAS",687957,2026,21.0,9.0,45.0,8.0,21.0,82.0,88.0,61.0,38.0,89.0,36.0,84.0,43.0,,,
181,115,87.7,102.7,108.2,38.3,6.1,32.2,47.0,0.32,0.335,21.0,14.9,24.5,22.3,,,,"COL, GWN, IND, IOW, MEM, TOL",689196,2026,42.0,31.0,21.0,43.0,42.0,28.0,43.0,50.0,28.0,56.0,84.0,61.0,81.0,,,
508,311,91.6,104.6,109.7,47.6,7.7,37.3,44.4,0.341,0.366,21.9,16.3,23.7,18.9,,,,"ABQ, LV, OKC, RNO, RR, SAC, SL, SUG",690976,2025,93.0,57.0,41.0,86.0,53.0,71.0,55.0,85.0,64.0,56.0,90.0,66.0,90.0,,,
182,120,91.7,104.1,109.4,46.7,6.7,39.2,45.8,0.324,0.353,19.8,13.2,22.2,21.4,,,,"ABQ, OKC, SL, SUG",690976,2026,90.0,51.0,36.0,83.0,50.0,77.0,51.0,56.0,45.0,66.0,69.0,74.0,85.0,,,
556,341,86.4,102.0,109.9,34.3,8.8,41.1,27.6,0.287,0.359,28.1,9.2,25.7,33.3,,,,"BUF, COL, IND, IOW, JAX, LHV, LOU, OMA",690984,2025,22.0,21.0,46.0,24.0,64.0,91.0,98.0,31.0,59.0,19.0,32.0,57.0,21.0,,,
194,133,89.5,103.2,110.3,45.1,6.0,35.3,37.6,0.301,0.351,20.6,8.2,23.1,33.9,,,,"BUF, COL, IND, IOW, LHV, WOR",690984,2026,67.0,37.0,53.0,74.0,39.0,46.0,85.0,26.0,43.0,59.0,19.0,68.0,17.0,,,
436,253,92.0,105.9,112.8,49.0,7.9,33.6,53.8,0.298,0.382,30.0,10.6,35.9,32.8,,,,"BUF, CLT, JAX, LHV, MEM, NOR, ROC, SYR",691002,2025,96.0,76.0,85.0,93.0,55.0,40.0,15.0,45.0,75.0,11.0,48.0,7.0,23.0,,,
456,290,91.5,106.5,113.1,51.7,13.4,34.1,53.8,0.357,0.444,24.3,9.4,33.0,32.3,,,,"CLT, JAX, LHV, OMA, ROC, SWB, SYR, WOR",691002,2026,88.0,87.0,83.0,95.0,91.0,37.0,13.0,88.0,91.0,30.0,27.0,13.0,22.0,,,
239,165,90.3,105.4,112.6,38.8,5.5,37.6,38.8,0.339,0.383,18.8,10.5,23.0,26.8,,,,"BUF, LHV, ROC, SWB, SYR, WOR",691176,2026,77.0,73.0,76.0,45.0,34.0,64.0,81.0,71.0,67.0,70.0,38.0,69.0,51.0,,,
249,112,89.7,108.9,113.6,46.4,11.6,29.5,55.4,0.345,0.415,31.7,21.3,36.8,17.1,,,,"COL, DUN, FTM, IOW, MEM, OMA, STP",691181,2025,72.0,97.0,93.0,81.0,86.0,11.0,11.0,86.0,91.0,6.0,97.0,5.0,95.0,,,
231,119,92.8,109.8,118.3,49.6,14.3,26.9,41.2,0.354,0.42,28.6,18.2,34.2,21.7,,,,"COL, FTM, IND, IOW, OMA, STP, TOL",691181,2026,95.0,99.0,99.0,90.0,95.0,5.0,72.0,85.0,86.0,11.0,95.0,9.0,83.0,,,
371,264,87.1,103.3,110.8,41.3,3.0,32.2,51.9,0.319,0.305,12.7,13.5,16.5,23.8,,,,"ABQ, ELP, LV, OKC, RR, SAC, SL, SUG",691182,2025,33.0,35.0,62.0,58.0,13.0,28.0,20.0,65.0,16.0,95.0,75.0,93.0,80.0,,,
435,320,85.9,102.9,109.0,34.4,3.4,27.5,50.0,0.306,0.282,11.0,14.0,16.7,20.5,,,,"ABQ, ELP, LV, OKC, RR, SAC, SL, SUG",691182,2026,18.0,34.0,31.0,29.0,15.0,7.0,27.0,30.0,4.0,95.0,80.0,91.0,89.0,,,
453,307,90.4,107.9,118.5,44.0,5.9,26.4,55.0,0.287,0.324,22.1,8.4,31.0,34.9,,,,"CLT, DUR, GWN, JAX, JUP, MEM, NAS, NOR",691277,2025,82.0,91.0,100.0,72.0,38.0,5.0,13.0,31.0,29.0,52.0,24.0,25.0,15.0,,,
421,298,90.6,107.5,113.1,46.0,7.4,32.2,51.7,0.312,0.35,19.5,8.1,26.6,35.2,,,,"CLT, DUR, GWN, JAX, MEM, NAS, NOR, ROC",691277,2026,83.0,92.0,83.0,80.0,57.0,28.0,19.0,39.0,42.0,67.0,17.0,45.0,11.0,,,
352,215,86.0,105.1,110.2,34.4,10.2,39.5,42.3,0.301,0.395,29.0,7.7,34.2,35.4,,,,"DUR, IOW, LHV, ROC, STP, SWB, SYR, WOR",691373,2025,19.0,65.0,53.0,25.0,75.0,83.0,65.0,47.0,83.0,17.0,20.0,13.0,11.0,,,
283,190,87.2,105.1,113.5,38.4,8.9,32.6,48.4,0.325,0.39,23.3,8.1,30.8,35.2,,,,"BRD, COL, DUN, IND, IOW, LOU, NAS, OMA",691373,2026,35.0,67.0,87.0,44.0,72.0,30.0,36.0,57.0,72.0,35.0,17.0,23.0,11.0,,,
370,303,85.5,105.1,110.6,34.7,4.6,23.4,55.4,0.264,0.272,11.1,5.7,18.8,37.1,,,,"CLT, JAX, LHV, MEM, NOR, OKC, ROC, STP",691458,2025,15.0,65.0,58.0,28.0,28.0,2.0,11.0,9.0,3.0,99.0,6.0,87.0,4.0,,,
252,200,90.5,106.3,113.3,42.0,8.0,39.0,48.5,0.354,0.369,11.5,7.5,19.4,38.0,,,,"CLT, GWN, IOW, MEM, NOR, OMA, TOL",691458,2026,81.0,86.0,86.0,58.0,64.0,74.0,35.0,85.0,59.0,95.0,10.0,83.0,5.0,,,
252,185,86.8,102.5,109.5,29.7,5.9,35.7,40.5,0.317,0.324,13.9,9.9,22.6,36.9,,,,"DUR, JAX, LOU, MEM, NAS, NOR",691620,2025,26.0,25.0,37.0,10.0,38.0,61.0,78.0,63.0,29.0,89.0,37.0,73.0,6.0,,,
468,316,88.7,104.6,111.4,41.5,8.9,33.2,43.4,0.299,0.343,21.2,8.3,29.5,34.6,,,,"CLT, DUR, GWN, JAX, LOU, MEM, NAS, NOR",691620,2026,54.0,60.0,68.0,55.0,72.0,32.0,63.0,25.0,35.0,54.0,20.0,29.0,13.0,,,
412,287,89.7,105.3,108.4,47.0,4.9,33.8,50.9,0.314,0.362,20.4,8.5,25.7,30.9,,,,"ABQ, ELP, LV, OKC, RNO, RR, SAC, SL",691728,2025,72.0,68.0,21.0,84.0,29.0,42.0,22.0,59.0,60.0,65.0,25.0,57.0,41.0,,,
446,299,89.2,107.0,113.4,42.8,8.0,36.1,43.8,0.338,0.386,20.4,10.8,26.0,35.3,,,,"ABQ, ELP, LV, RR, SAC, SL, SUG, TAC",691728,2026,63.0,89.0,87.0,63.0,64.0,53.0,60.0,69.0,69.0,61.0,43.0,52.0,10.0,,,
284,185,90.2,108.8,112.4,46.5,10.3,35.7,50.3,0.316,0.407,26.4,7.0,30.5,35.7,,,,"BUF, ROC, SWB, SYR, WOR",691781,2025,80.0,95.0,81.0,82.0,76.0,61.0,26.0,61.0,88.0,29.0,14.0,28.0,7.0,,,
223,154,91.7,107.1,112.8,52.6,11.7,44.8,43.5,0.358,0.456,23.8,5.4,29.7,33.8,,,,"BUF, CLT, LHV, ROC, WOR",691781,2026,90.0,90.0,80.0,97.0,86.0,97.0,62.0,89.0,93.0,33.0,4.0,27.0,18.0,,,
415,256,88.9,104.5,109.6,43.0,9.4,38.3,41.4,0.3,0.375,27.7,8.4,32.2,31.3,,,,"CLT, DUR, GWN, JAX, NAS, NOR, ROC, SYR",691788,2025,65.0,55.0,39.0,69.0,67.0,75.0,71.0,45.0,69.0,21.0,24.0,18.0,33.0,,,
104,60,90.4,104.8,110.5,43.3,5.0,36.7,41.7,0.342,0.363,21.2,19.2,29.0,26.6,,,,"DUR, GWN, JAX, NOR",691788,2026,80.0,62.0,57.0,66.0,27.0,58.0,70.0,74.0,52.0,54.0,97.0,33.0,53.0,,,
43,28,88.4,100.4,102.6,32.1,0.0,35.7,57.1,0.317,0.314,14.0,16.3,18.1,28.9,,,,"CLT, JAX, NOR",691858,2025,56.0,6.0,2.0,18.0,3.0,61.0,5.0,63.0,21.0,88.0,90.0,91.0,52.0,,,
336,236,86.7,102.6,107.9,34.3,5.1,30.5,51.3,0.287,0.307,17.6,9.5,22.5,28.8,,,,"CLT, DUR, GWN, JAX, MEM, NAS, NOR, ROC",691858,2026,27.0,30.0,17.0,28.0,29.0,19.0,22.0,15.0,17.0,77.0,28.0,71.0,36.0,,,
406,254,84.1,100.7,107.3,29.1,3.1,32.3,54.7,0.267,0.291,24.9,11.8,29.8,22.1,,,,"COL, DUN, GWN, IND, IOW, LOU, MEM, NAS",691907,2025,9.0,10.0,15.0,8.0,14.0,29.0,14.0,11.0,7.0,37.0,59.0,33.0,82.0,,,
333,204,84.7,100.1,107.1,31.4,6.9,34.8,41.2,0.296,0.338,24.0,13.2,29.1,23.4,,,,"BUF, LHV, NAS, NOR, ROC, STP, SWB, SYR",691907,2026,8.0,7.0,12.0,14.0,52.0,44.0,72.0,22.0,32.0,32.0,69.0,31.0,72.0,,,
290,174,88.4,104.5,110.4,47.1,10.9,40.8,40.8,0.339,0.426,27.2,11.4,27.6,29.0,,,,"BUF, COL, IND, IOW, JAX, OMA, ROC, TOL",692216,2025,56.0,55.0,55.0,85.0,82.0,89.0,76.0,84.0,95.0,23.0,56.0,47.0,50.0,,,
200,113,89.5,103.2,110.5,42.5,5.3,37.2,43.4,0.319,0.38,27.0,12.0,31.3,32.5,,,,"BUF, COL, IND, LHV, OMA, TOL",692216,2026,67.0,37.0,57.0,61.0,32.0,62.0,63.0,48.0,65.0,18.0,52.0,20.0,21.0,,,
515,395,87.1,101.4,109.4,36.5,3.8,36.5,47.1,0.297,0.305,13.6,7.6,19.0,38.4,,,,"CLT, DUR, GWN, JAX, LOU, MEM, NAS, NOR",693409,2025,33.0,13.0,34.0,35.0,20.0,65.0,43.0,43.0,16.0,90.0,18.0,86.0,2.0,,,
343,268,86.7,101.0,108.6,33.2,3.0,38.4,47.8,0.305,0.304,12.2,7.3,17.0,39.5,,,,"CLT, GWN, JAX, MEM, NOR, OMA",693409,2026,27.0,12.0,25.0,23.0,13.0,70.0,39.0,28.0,15.0,92.0,8.0,89.0,4.0,,,
188,124,87.6,103.5,110.4,37.9,7.3,35.5,34.7,0.304,0.338,21.8,11.2,25.9,32.1,,,,"LOU, MEM, OMA, STP, TOL",693459,2025,42.0,39.0,55.0,40.0,52.0,58.0,92.0,49.0,45.0,57.0,54.0,54.0,28.0,,,
307,199,88.6,103.9,108.2,41.7,11.1,41.7,34.7,0.334,0.383,22.8,11.1,25.6,33.4,,,,"IND, IOW, LOU, LV, OMA, STP, TOL",693459,2026,52.0,48.0,21.0,57.0,83.0,90.0,94.0,64.0,67.0,42.0,45.0,55.0,19.0,,,
381,275,89.6,107.3,115.0,40.0,11.6,34.2,37.8,0.311,0.383,19.4,4.5,25.6,43.6,,,,"BUF, DUR, IND, LHV, OMA, ROC, STP, SWB",694025,2026,69.0,91.0,95.0,50.0,85.0,39.0,84.0,37.0,67.0,69.0,1.0,55.0,0.0,,,
309,220,89.2,104.7,110.9,45.5,5.9,29.5,57.7,0.349,0.364,15.5,12.3,17.9,25.6,,,,"COL, IND, IOW, LHV, OMA, STP, SYR, TOL",694197,2026,63.0,61.0,61.0,75.0,38.0,14.0,5.0,82.0,54.0,86.0,55.0,86.0,60.0,,,
154,84,88.2,101.3,107.0,33.3,6.0,42.9,35.7,0.292,0.355,29.2,13.6,30.4,24.1,,,,"OKC, RR, SL, SUG",694203,2025,52.0,12.0,12.0,21.0,40.0,96.0,90.0,35.0,57.0,14.0,77.0,30.0,77.0,,,
269,192,88.9,104.2,109.6,38.0,8.9,35.4,43.8,0.316,0.342,17.8,10.0,22.4,24.0,,,,"LV, OKC, RNO, RR, SL",694203,2026,56.0,53.0,40.0,40.0,72.0,47.0,60.0,45.0,34.0,76.0,32.0,72.0,68.0,,,
509,380,90.2,105.1,112.3,42.9,6.3,33.9,50.3,0.324,0.334,13.2,9.6,20.2,32.2,,,,"COL, IND, IOW, LOU, LV, NAS, OMA, STP",694208,2025,80.0,65.0,79.0,68.0,44.0,43.0,26.0,73.0,43.0,93.0,34.0,83.0,27.0,,,
145,102,88.7,103.2,110.4,38.2,3.9,27.5,43.1,0.309,0.294,14.5,15.2,19.1,26.1,,,,"GWN, IOW, MEM, TOL",694208,2026,54.0,37.0,55.0,42.0,21.0,7.0,65.0,34.0,10.0,89.0,86.0,83.0,57.0,,,
148,107,87.6,102.8,110.1,34.6,6.5,32.7,49.5,0.274,0.308,18.9,6.1,30.0,37.0,,,,"LOU, MEM, OMA, STP, TOL",694224,2025,42.0,29.0,50.0,27.0,46.0,33.0,32.0,15.0,19.0,74.0,8.0,31.0,5.0,,,
445,325,86.1,102.1,109.9,31.7,4.9,32.0,48.6,0.275,0.295,18.0,7.9,21.9,34.4,,,,"COL, IND, IOW, LOU, LV, OMA, STP, TOL",694224,2026,20.0,23.0,47.0,15.0,26.0,27.0,33.0,11.0,10.0,74.0,13.0,76.0,14.0,,,
257,183,87.7,103.7,110.1,39.9,6.6,29.5,53.6,0.328,0.349,15.2,10.5,21.4,30.8,,,,"ABQ, ELP, LV, OKC, SAC, SL, SUG",694249,2026,42.0,42.0,49.0,49.0,48.0,14.0,14.0,59.0,40.0,87.0,38.0,79.0,27.0,,,
182,131,84.7,100.9,105.6,30.5,1.5,32.1,57.3,0.305,0.304,15.4,9.9,18.5,25.8,,,,"ABQ, LV, RNO, SL, TAC",694371,2025,11.0,11.0,5.0,13.0,5.0,27.0,5.0,51.0,14.0,84.0,37.0,88.0,64.0,,,
237,145,85.5,103.8,108.3,39.3,7.6,35.9,52.4,0.32,0.363,23.2,13.5,26.1,21.0,,,,"ABQ, ELP, OKC, RNO, SAC, SUG",694371,2026,15.0,45.0,22.0,46.0,61.0,51.0,16.0,50.0,52.0,38.0,75.0,51.0,86.0,,,
440,303,87.5,104.2,112.9,36.6,4.0,31.7,56.1,0.282,0.322,22.0,8.2,25.2,31.0,,,,"COL, IND, IOW, LOU, MEM, NAS, OMA, STP",694377,2025,41.0,50.0,88.0,36.0,23.0,21.0,8.0,27.0,26.0,55.0,21.0,60.0,37.0,,,
151,97,85.1,105.6,109.4,32.0,5.2,26.8,52.6,0.309,0.338,22.5,11.3,27.6,27.3,,,,"BRD, IND, IOW, NAS, STP, TOL",694377,2026,11.0,76.0,36.0,16.0,30.0,5.0,15.0,34.0,32.0,45.0,48.0,40.0,48.0,,,
173,114,86.0,100.5,107.2,32.5,2.6,32.5,34.2,0.28,0.285,19.7,11.6,23.2,25.6,,,,"CLT, JAX, NAS, NOR, OMA, SYR",694378,2025,19.0,8.0,14.0,20.0,10.0,30.0,94.0,24.0,5.0,67.0,58.0,68.0,65.0,,,
239,153,88.2,105.3,113.6,43.1,13.1,40.5,37.3,0.374,0.427,20.5,13.8,22.1,27.8,,,,"CLT, GWN, JAX, NAS",694378,2026,46.0,71.0,88.0,64.0,90.0,86.0,86.0,94.0,88.0,60.0,79.0,75.0,44.0,,,
440,307,86.4,101.9,110.2,36.2,3.9,36.8,40.4,0.298,0.303,15.2,12.0,18.7,23.1,,,,"ABQ, ELP, LV, OKC, RNO, RR, SAC, SL",694410,2026,23.0,22.0,51.0,33.0,21.0,60.0,76.0,23.0,14.0,87.0,52.0,86.0,74.0,,,
515,329,87.8,105.1,112.9,40.1,7.0,33.4,48.0,0.312,0.338,20.8,10.3,24.8,26.6,,,,"ABQ, ELP, LV, OKC, RNO, RR, SAC, SL",694514,2025,45.0,65.0,88.0,52.0,50.0,38.0,38.0,58.0,45.0,62.0,43.0,63.0,61.0,,,
372,228,89.1,105.4,109.0,44.3,6.1,32.9,46.1,0.376,0.366,15.6,18.8,24.3,19.3,,,,"ABQ, ELP, LV, OKC, RNO, RR, SAC, SUG",694514,2026,60.0,73.0,31.0,71.0,42.0,31.0,48.0,95.0,57.0,85.0,96.0,62.0,95.0,,,
167,104,91.7,106.7,112.7,53.8,9.6,41.3,38.5,0.365,0.419,21.6,12.6,22.5,30.6,,,,"ABQ, RR, SAC, STP",694673,2025,94.0,83.0,83.0,98.0,69.0,92.0,83.0,95.0,93.0,59.0,69.0,74.0,43.0,,,
366,241,91.3,107.1,116.3,45.6,14.9,36.1,35.3,0.369,0.414,19.4,11.7,23.6,27.5,,,,"BUF, CLT, JAX, LHV, ROC, SWB, WOR",694673,2026,87.0,90.0,98.0,77.0,95.0,53.0,92.0,93.0,83.0,69.0,49.0,67.0,47.0,,,
107,67,87.3,101.8,105.6,41.8,4.5,41.8,44.8,0.365,0.334,14.0,19.6,14.3,17.2,,,,"COL, LOU, STP, TOL",694876,2025,38.0,19.0,5.0,62.0,26.0,94.0,54.0,95.0,43.0,88.0,95.0,98.0,95.0,,,
440,250,89.0,102.9,109.7,42.4,8.8,43.2,34.0,0.361,0.406,23.2,18.6,22.7,19.3,,,,"BUF, COL, IND, IOW, LHV, LOU, OMA, STP",694876,2026,58.0,34.0,43.0,61.0,70.0,95.0,96.0,90.0,79.0,38.0,96.0,70.0,95.0,,,
572,387,90.1,105.9,112.4,47.5,7.0,30.0,49.4,0.295,0.357,24.1,6.8,28.2,33.5,,,,"BUF, CLT, DUR, GWN, JAX, LHV, MEM, NAS",695020,2025,79.0,76.0,81.0,85.0,50.0,13.0,33.0,39.0,58.0,40.0,11.0,42.0,20.0,,,
30,16,94.1,105.3,109.6,62.5,6.2,31.2,50.0,0.397,0.44,23.3,20.0,38.6,28.4,,,,"CLT, NAS",695020,2026,98.0,71.0,40.0,99.0,43.0,23.0,27.0,96.0,90.0,35.0,99.0,4.0,38.0,,,
376,233,87.0,102.8,108.8,35.6,6.4,36.9,36.9,0.264,0.317,27.1,9.0,29.3,31.0,,,,"COL, IND, IOW, LOU, MEM, NAS, OMA, STP",695257,2025,29.0,29.0,25.0,32.0,45.0,67.0,86.0,9.0,23.0,24.0,30.0,35.0,37.0,,,
96,64,87.0,105.4,110.8,31.2,9.4,42.2,31.2,0.351,0.393,19.8,12.5,27.1,28.0,,,,"COL, IND, NAS, STP, TOL",695257,2026,31.0,73.0,59.0,13.0,76.0,93.0,98.0,83.0,74.0,66.0,58.0,43.0,42.0,,,
189,119,88.6,102.6,110.1,41.2,5.9,37.0,42.9,0.326,0.378,23.8,12.2,28.2,32.5,,,,"CLT, DUR, GWN, JAX, LOU, MEM",695336,2025,60.0,26.0,50.0,57.0,38.0,68.0,63.0,75.0,71.0,41.0,62.0,42.0,25.0,,,
249,162,86.9,103.9,109.2,36.4,6.8,37.7,38.3,0.314,0.364,22.5,10.4,25.5,34.4,,,,"CLT, DUR, GWN, JAX, MEM, NOR",695336,2026,29.0,48.0,35.0,35.0,51.0,65.0,83.0,42.0,54.0,45.0,37.0,56.0,14.0,,,
332,236,88.7,103.2,109.1,40.7,7.2,44.5,38.1,0.336,0.384,18.4,8.4,21.6,37.4,,,,"COL, IND, IOW, LOU, OMA, STP",695490,2026,54.0,37.0,33.0,52.0,55.0,96.0,83.0,67.0,68.0,72.0,21.0,78.0,6.0,,,
461,277,92.0,108.5,115.4,51.3,19.9,36.1,32.1,0.348,0.463,29.5,8.0,34.0,34.3,,,,"CLT, DUR, GWN, IOW, JAX, MEM, NOR, OMA",695491,2026,92.0,95.0,97.0,93.0,100.0,53.0,97.0,81.0,94.0,8.0,15.0,10.0,15.0,,,
407,267,84.8,101.4,109.6,34.5,5.6,34.1,46.4,0.311,0.343,20.9,12.5,26.5,25.3,,,,"DUR, ELP, LV, OKC, RR, SUG, TAC",695508,2026,9.0,16.0,40.0,30.0,35.0,37.0,46.0,37.0,35.0,58.0,58.0,47.0,62.0,,,
459,289,88.8,103.4,109.3,41.9,8.7,37.7,47.8,0.352,0.364,19.2,16.1,23.2,17.5,,,,"ABQ, ELP, LV, OKC, RNO, RR, SAC, SL",695670,2025,64.0,36.0,31.0,63.0,62.0,74.0,39.0,91.0,62.0,70.0,89.0,68.0,94.0,,,
257,142,85.2,101.8,107.4,33.1,4.9,38.7,43.7,0.317,0.334,25.3,17.5,27.9,19.3,,,,"CLT, JAX, LHV, ROC, SWB, SYR, WOR",695670,2026,12.0,20.0,14.0,22.0,26.0,72.0,61.0,46.0,27.0,23.0,94.0,38.0,95.0,,,
138,82,90.9,106.0,111.3,41.5,12.2,34.1,41.5,0.321,0.404,29.0,10.1,33.6,29.6,,,,"LV, SL, TAC",695681,2025,89.0,78.0,67.0,60.0,90.0,46.0,70.0,69.0,87.0,17.0,40.0,16.0,45.0,,,
419,245,88.8,105.4,111.0,37.1,6.5,40.8,44.5,0.347,0.37,22.4,17.4,30.2,24.2,,,,"ELP, LV, RNO, RR, SAC, SL, SUG",695681,2026,55.0,73.0,63.0,37.0,46.0,88.0,56.0,80.0,61.0,47.0,93.0,25.0,67.0,,,
252,199,89.6,105.0,112.0,43.2,6.0,34.7,53.3,0.308,0.331,13.9,4.8,16.9,32.1,,,,"LV, RNO, SAC, SL, TAC",695720,2026,69.0,65.0,70.0,65.0,39.0,42.0,14.0,33.0,26.0,90.0,2.0,90.0,23.0,,,
132,80,93.2,106.2,113.9,53.8,10.0,33.8,61.3,0.346,0.398,24.2,13.6,33.8,23.5,,,,"CLT, DUR, GWN, JAX",695731,2026,96.0,83.0,90.0,98.0,79.0,35.0,3.0,78.0,77.0,31.0,76.0,12.0,71.0,,,
67,38,84.7,103.2,107.4,26.3,0.0,39.5,44.7,0.394,0.348,14.9,23.9,13.6,24.7,,,,"CLT, RR",696030,2025,11.0,34.0,17.0,5.0,3.0,83.0,55.0,98.0,51.0,86.0,98.0,99.0,73.0,,,
215,158,86.1,101.6,109.8,33.5,2.5,36.7,48.7,0.334,0.323,10.7,13.0,11.4,24.0,,,,"ELP, OKC, RR, SL, SUG",696030,2026,20.0,17.0,45.0,25.0,9.0,58.0,32.0,64.0,22.0,96.0,65.0,97.0,68.0,,,
176,102,91.1,104.4,111.0,49.0,10.8,39.2,36.3,0.321,0.383,26.7,12.5,35.2,32.3,,,,"COL, JAX, LOU, STP, TOL",696135,2025,90.0,53.0,65.0,93.0,80.0,80.0,88.0,69.0,77.0,27.0,66.0,10.0,26.0,,,
410,231,89.9,105.1,110.9,45.5,10.0,33.8,42.9,0.321,0.374,26.8,13.7,31.6,26.8,,,,"BUF, COL, IND, IOW, LOU, STP, SYR, TOL",696135,2026,73.0,67.0,61.0,75.0,79.0,35.0,67.0,52.0,63.0,19.0,77.0,19.0,51.0,,,
237,141,90.4,108.4,114.0,46.8,14.9,36.2,41.1,0.401,0.463,21.5,17.3,31.3,24.1,,,,"COL, IND, LOU, MEM, OMA, STP, TOL",699013,2026,80.0,94.0,92.0,83.0,95.0,55.0,73.0,98.0,94.0,52.0,92.0,20.0,67.0,,,
434,291,89.0,104.9,112.1,40.5,9.6,40.5,40.9,0.347,0.392,19.8,11.8,26.1,28.0,,,,"CLT, DUR, GWN, IOW, JAX, MEM, NOR, OMA",699024,2026,58.0,64.0,71.0,51.0,77.0,86.0,74.0,80.0,73.0,66.0,51.0,51.0,42.0,,,
124,87,83.4,98.9,106.1,28.7,2.3,33.3,50.6,0.267,0.3,20.2,6.5,24.1,29.0,,,,"COL, LOU, NAS, STP, TOL",699115,2026,5.0,4.0,9.0,7.0,7.0,33.0,25.0,5.0,13.0,63.0,6.0,64.0,34.0,,,
230,176,86.7,105.8,112.7,38.6,4.5,31.8,49.4,0.301,0.339,16.5,5.2,22.2,46.6,,,,"GWN, LOU, NAS, OMA, TOL",699302,2025,25.0,74.0,83.0,44.0,26.0,24.0,33.0,47.0,46.0,81.0,5.0,75.0,0.0,,,
455,313,88.3,106.5,113.7,42.2,9.9,30.4,43.8,0.326,0.369,20.4,9.2,24.0,37.5,,,,"COL, GWN, IND, IOW, LOU, MEM, OMA, STP",699302,2026,48.0,87.0,89.0,59.0,78.0,18.0,60.0,57.0,59.0,61.0,25.0,65.0,5.0,,,
196,138,90.0,105.6,110.8,42.0,7.2,34.8,49.3,0.328,0.348,16.3,10.7,15.6,26.4,,,,"COL, IOW, LOU, NAS, STP",699393,2026,74.0,76.0,59.0,58.0,55.0,44.0,29.0,59.0,39.0,82.0,42.0,94.0,55.0,,,
432,278,89.7,104.6,110.9,42.1,7.9,33.1,49.6,0.296,0.365,26.4,8.3,31.0,32.7,,,,"CLT, DUR, GWN, JAX, LOU, MEM, NAS, NOR",699625,2025,72.0,57.0,63.0,65.0,55.0,37.0,30.0,41.0,63.0,29.0,22.0,25.0,24.0,,,
209,107,91.6,105.9,108.7,51.4,16.8,35.5,48.6,0.39,0.501,28.7,16.3,32.2,27.4,,,,"CLT, GWN, IOW, MEM, NOR, OMA, TOL",699625,2026,89.0,78.0,27.0,94.0,98.0,48.0,33.0,96.0,99.0,10.0,89.0,17.0,48.0,,,
258,166,88.2,105.6,111.2,42.2,6.6,27.7,51.2,0.277,0.337,24.0,8.1,26.7,34.7,,,,"ELP, LV, RNO, RR, SL, SUG, TAC",699912,2026,46.0,76.0,65.0,59.0,48.0,8.0,22.0,12.0,30.0,32.0,17.0,45.0,12.0,,,
452,236,88.4,107.0,111.7,38.1,11.4,40.3,39.4,0.305,0.409,34.1,12.4,38.6,31.1,,,,"BUF, CLT, DUR, GWN, JAX, LHV, MEM, NAS",700246,2025,56.0,86.0,72.0,41.0,85.0,87.0,80.0,51.0,89.0,5.0,64.0,5.0,35.0,,,
452,242,88.2,104.1,111.4,38.4,9.1,36.8,41.3,0.306,0.406,33.0,12.4,38.6,28.3,,,,"CLT, DUR, GWN, JAX, LHV, MEM, NAS, NOR",700246,2026,46.0,51.0,68.0,44.0,73.0,60.0,71.0,30.0,79.0,4.0,56.0,4.0,39.0,,,
63,38,87.8,102.3,107.0,42.1,2.6,39.5,52.6,0.332,0.351,22.2,17.5,22.3,20.4,,,,"CLT, JAX",700337,2025,45.0,25.0,12.0,65.0,10.0,83.0,19.0,80.0,53.0,50.0,94.0,75.0,85.0,,,
113,84,86.5,102.3,106.0,39.3,3.6,25.0,56.0,0.255,0.252,15.9,8.0,19.0,25.4,,,,"CLT, DUR, GWN, MEM, ROC, SWB",700337,2026,24.0,27.0,8.0,46.0,18.0,3.0,8.0,2.0,1.0,84.0,15.0,84.0,61.0,,,
185,104,88.7,103.6,106.4,39.4,10.6,27.9,28.8,0.288,0.345,30.3,10.8,34.9,28.6,,,,"BUF, CLT, DUR, GWN, JAX, MEM, NAS, NOR",700652,2025,63.0,41.0,8.0,46.0,79.0,8.0,96.0,34.0,49.0,9.0,49.0,11.0,53.0,,,
297,176,89.9,104.4,109.8,45.5,11.4,38.6,47.7,0.353,0.418,24.9,12.8,27.9,24.9,,,,"COL, IOW, LHV, LOU, OMA, ROC, SYR, TOL",701162,2026,73.0,55.0,45.0,75.0,84.0,71.0,40.0,84.0,85.0,26.0,60.0,38.0,63.0,,,
60,19,87.3,96.4,102.0,15.8,0.0,47.4,47.4,0.16,0.324,21.7,8.3,20.2,16.1,,,,"DBT, FTM",701339,2025,38.0,1.0,1.0,1.0,3.0,99.0,42.0,1.0,29.0,58.0,22.0,83.0,96.0,,,
447,339,86.1,102.7,109.2,34.8,3.2,29.8,56.3,0.274,0.29,15.0,6.9,18.3,34.3,,,,"COL, IND, IOW, LOU, LV, OMA, STP, TOL",701649,2025,20.0,27.0,30.0,30.0,15.0,12.0,7.0,15.0,6.0,85.0,12.0,90.0,17.0,,,
461,366,87.0,101.6,107.0,35.2,4.1,38.0,47.3,0.322,0.334,11.9,6.9,15.1,31.1,,,,"COL, GWN, IND, IOW, LOU, MEM, NAS, STP",701649,2026,31.0,17.0,11.0,31.0,23.0,67.0,42.0,54.0,27.0,93.0,7.0,95.0,26.0,,,
344,232,90.6,104.8,110.2,47.0,7.3,31.9,47.0,0.342,0.369,18.3,11.3,22.7,29.2,,,,"IND, LOU, LV, OMA, STP, TOL",701785,2026,83.0,62.0,51.0,84.0,56.0,25.0,43.0,74.0,59.0,73.0,48.0,70.0,33.0,,,
53,34,87.1,103.6,106.7,44.1,2.9,35.3,55.9,0.249,0.307,28.3,7.5,31.0,25.5,,,,"SAC, SL, TAC",701852,2025,33.0,41.0,10.0,73.0,11.0,57.0,9.0,5.0,18.0,18.0,17.0,25.0,67.0,,,
137,78,89.3,103.9,108.7,43.6,11.5,51.3,37.2,0.404,0.496,24.8,13.1,25.1,20.1,,,,"OKC, RNO, RR, SAC, SUG",701852,2026,65.0,48.0,27.0,68.0,84.0,100.0,87.0,99.0,99.0,28.0,68.0,58.0,91.0,,,
176,123,84.9,101.3,105.8,27.6,3.3,38.2,44.7,0.256,0.286,17.0,8.0,19.0,29.3,,,,"RNO, RR, SL, SUG, TAC",702679,2026,10.0,15.0,7.0,7.0,13.0,69.0,55.0,3.0,5.0,80.0,15.0,84.0,32.0,,,
205,113,94.9,109.2,116.3,57.5,15.0,40.7,36.3,0.351,0.471,30.7,12.2,38.3,28.0,,,,"LV, RNO, SAC, TAC",703155,2026,99.0,96.0,98.0,98.0,96.0,87.0,90.0,83.0,97.0,7.0,54.0,5.0,42.0,,,
236,170,87.0,104.0,108.5,34.7,5.3,37.1,38.8,0.31,0.319,16.1,8.1,23.2,33.8,,,,"ABQ, LV, RNO, SAC, TAC",703197,2026,31.0,49.0,24.0,31.0,32.0,61.0,81.0,35.0,20.0,83.0,17.0,67.0,18.0,,,
183,107,91.1,102.2,106.5,52.3,9.3,42.1,54.2,0.339,0.385,24.0,14.8,29.6,20.9,,,,"GWN, JAX, MEM, NOR, ROC, WOR",703448,2026,86.0,26.0,10.0,96.0,74.0,92.0,12.0,71.0,69.0,32.0,83.0,28.0,86.0,,,
508,324,84.4,101.0,110.4,30.6,4.9,34.3,50.9,0.314,0.351,20.9,11.2,19.6,23.3,,,,"BUF, JAX, LHV, NOR, ROC, SWB, SYR, WOR",703492,2026,7.0,12.0,55.0,12.0,26.0,40.0,24.0,42.0,43.0,58.0,47.0,81.0,73.0,,,
359,228,87.6,101.2,105.7,32.0,3.5,37.7,54.8,0.347,0.356,18.7,17.3,16.4,20.7,,,,"BUF, COL, GWN, IND, IOW, LOU, MEM, NAS",703520,2026,40.0,14.0,6.0,16.0,17.0,65.0,10.0,80.0,48.0,71.0,92.0,92.0,87.0,,,
418,296,87.7,104.5,111.3,38.2,4.7,32.4,45.9,0.328,0.337,15.8,12.0,15.5,20.7,,,,"COL, IND, IOW, LHV, LOU, OMA, ROC, SYR",703601,2026,42.0,58.0,67.0,42.0,24.0,30.0,50.0,59.0,30.0,84.0,52.0,95.0,87.0,,,
141,73,88.9,107.0,111.6,42.5,5.5,28.8,74.0,0.287,0.355,32.6,11.3,34.0,24.0,,,,"ABQ, LV, SAC, SL",703607,2025,65.0,86.0,70.0,66.0,35.0,10.0,0.0,31.0,57.0,5.0,55.0,14.0,78.0,,,
177,117,90.4,109.5,113.3,43.6,9.4,25.6,63.2,0.356,0.425,22.0,9.6,27.8,24.3,,,,"LV, RNO, SAC, TAC",703607,2026,80.0,98.0,86.0,68.0,76.0,4.0,2.0,87.0,87.0,49.0,30.0,39.0,66.0,,,
347,239,86.6,101.8,109.0,36.4,2.9,29.7,51.0,0.313,0.291,13.8,15.6,15.9,25.1,,,,"CLT, DUR, GWN, JAX, LOU, MEM, NAS, NOR",800325,2026,26.0,20.0,31.0,35.0,12.0,15.0,23.0,40.0,8.0,91.0,88.0,92.0,63.0,,,
84,47,92.4,105.1,113.1,51.1,8.5,42.6,46.8,0.31,0.364,28.6,15.5,25.2,26.9,,,,"DUN, LAK, LOU, STP, TOL",800522,2026,94.0,67.0,83.0,93.0,69.0,94.0,44.0,35.0,54.0,11.0,87.0,57.0,50.0,,,
150,89,92.1,107.9,111.6,52.8,10.1,31.5,50.6,0.334,0.4,22.0,13.3,29.1,20.2,,,,"BRD, CLR, DBT, DUN, LAK, TAM",800614,2025,97.0,91.0,70.0,97.0,74.0,17.0,25.0,81.0,85.0,55.0,75.0,35.0,86.0,,,
49,23,93.7,110.5,116.2,43.5,17.4,34.8,56.5,0.305,0.47,40.8,12.2,39.4,18.2,,,,"FTM, LAK, TAM",800614,2026,97.0,100.0,98.0,67.0,98.0,44.0,8.0,28.0,96.0,0.0,54.0,2.0,98.0,,,
411,269,88.0,102.0,108.0,35.7,5.6,35.7,36.4,0.292,0.329,22.6,10.5,28.9,30.7,,,,"ELP, LV, OKC, RNO, SL, SUG, TAC",801126,2026,44.0,22.0,18.0,32.0,35.0,50.0,89.0,19.0,25.0,44.0,38.0,33.0,28.0,,,
468,352,84.4,99.0,108.1,24.7,3.4,37.5,49.7,0.336,0.342,11.8,11.1,10.7,24.3,,,,"ABQ, ELP, LV, OKC, RNO, RR, SAC, SL",801501,2026,7.0,4.0,19.0,5.0,15.0,63.0,28.0,67.0,34.0,93.0,45.0,98.0,66.0,,,
206,121,87.9,105.6,109.7,36.4,9.9,37.2,38.0,0.322,0.377,26.2,12.6,34.0,24.7,,,,"COL, IND, IOW, ROC, SWB, SYR, WOR",804668,2025,48.0,71.0,41.0,35.0,72.0,70.0,85.0,71.0,70.0,31.0,69.0,14.0,73.0,,,
277,157,89.1,106.0,109.7,39.5,7.0,29.9,49.0,0.316,0.346,24.9,16.6,29.1,23.5,,,,"COL, IND, IOW, LOU, MEM, OMA, STP, TOL",804668,2026,60.0,80.0,43.0,47.0,53.0,16.0,31.0,45.0,37.0,26.0,90.0,31.0,71.0,,,
47,37,78.5,96.7,101.8,24.3,2.7,37.8,45.9,0.277,0.259,10.6,10.6,17.7,41.9,,,,"DUR, MEM",805207,2026,1.0,2.0,1.0,4.0,11.0,66.0,50.0,12.0,1.0,96.0,40.0,87.0,1.0,,,
418,245,87.1,102.2,105.9,33.9,9.4,39.6,29.8,0.299,0.345,27.3,13.4,31.9,23.7,,,,"COL, IND, IOW, LOU, LV, OMA, STP, TOL",805346,2026,33.0,26.0,8.0,27.0,76.0,78.0,98.0,25.0,37.0,16.0,73.0,17.0,70.0,,,
427,293,88.1,103.1,109.1,38.6,3.4,29.7,55.3,0.315,0.314,16.2,14.1,15.0,22.9,,,,"CLT, DUR, GWN, JAX, LOU, MEM, NAS, NOR",805347,2026,45.0,35.0,33.0,45.0,15.0,15.0,9.0,44.0,19.0,83.0,80.0,96.0,76.0,,,
451,256,86.2,105.7,110.6,37.5,9.8,35.2,30.5,0.281,0.351,30.2,10.0,32.1,27.7,,,,"ABQ, DUR, ELP, IOW, LV, OKC, RNO, RR",805672,2025,21.0,73.0,58.0,38.0,71.0,55.0,95.0,25.0,53.0,10.0,39.0,19.0,56.0,,,
336,184,87.1,104.9,109.7,36.4,14.1,40.2,25.5,0.347,0.433,28.6,13.7,32.2,23.6,,,,"ABQ, ELP, JAX, LV, OKC, RNO, RR, SAC",805672,2026,33.0,64.0,43.0,35.0,94.0,82.0,99.0,80.0,89.0,11.0,77.0,17.0,70.0,,,
37,20,85.8,106.3,107.9,45.0,10.0,40.0,45.0,0.389,0.373,18.9,24.3,17.5,18.7,,,,"LHV, SWB",805795,2025,17.0,80.0,19.0,76.0,73.0,86.0,51.0,97.0,67.0,74.0,100.0,92.0,91.0,,,
135,83,88.4,103.6,110.1,41.0,12.0,43.4,42.2,0.335,0.403,23.7,10.4,25.9,31.3,,,,"DUN, FTM, LOU, MEM, STP, TOL",805805,2025,56.0,41.0,50.0,56.0,88.0,97.0,66.0,82.0,86.0,43.0,45.0,54.0,33.0,,,
312,219,91.0,106.1,112.3,44.3,8.2,33.8,47.0,0.364,0.38,15.4,13.5,17.0,23.1,,,,"COL, FTM, IND, IOW, LOU, OMA, STP, TOL",805805,2026,85.0,80.0,73.0,71.0,66.0,35.0,43.0,92.0,65.0,86.0,75.0,89.0,74.0,,,
287,167,95.7,108.5,114.6,63.5,16.8,36.5,45.5,0.364,0.505,30.7,9.8,33.7,29.2,,,,"ABQ, OKC, RNO, RR, SAC, SL, SUG",805811,2025,100.0,93.0,96.0,100.0,99.0,65.0,49.0,94.0,99.0,8.0,35.0,15.0,46.0,,,
137,73,93.1,106.6,113.1,60.3,17.8,46.6,34.2,0.4,0.532,29.9,14.6,33.9,25.5,,,,"SAC, SL, TAC",805811,2026,96.0,88.0,83.0,99.0,99.0,99.0,95.0,98.0,100.0,8.0,83.0,11.0,60.0,,,
61,32,90.8,109.8,113.5,46.9,21.9,46.9,40.6,0.399,0.544,27.9,16.4,25.5,17.9,,,,"RR, SUG",805904,2025,87.0,100.0,91.0,83.0,100.0,98.0,77.0,99.0,100.0,20.0,92.0,58.0,93.0,,,
225,104,92.3,109.3,113.1,51.0,12.5,31.7,42.3,0.272,0.416,40.0,10.2,39.7,26.0,,,,"ABQ, ELP, LV, OKC, RR, SUG",805904,2026,93.0,97.0,83.0,92.0,89.0,24.0,68.0,8.0,84.0,1.0,35.0,1.0,57.0,,,
170,99,87.5,102.7,107.1,42.4,5.1,34.3,48.5,0.282,0.344,27.1,10.0,28.5,33.7,,,,"ELP, OKC, RNO, SUG, TAC",806068,2026,38.0,31.0,12.0,61.0,29.0,40.0,35.0,14.0,36.0,17.0,32.0,36.0,19.0,,,
262,153,91.9,104.5,111.0,48.4,6.5,39.2,43.1,0.352,0.376,21.8,17.2,31.2,21.6,,,,"COL, IOW, LHV, SWB, SYR, WOR",806146,2026,92.0,58.0,63.0,87.0,46.0,77.0,65.0,84.0,64.0,51.0,91.0,22.0,84.0,,,
261,185,84.7,101.1,109.9,34.1,3.8,31.9,51.4,0.314,0.309,14.2,13.0,17.2,28.6,,,,"CLT, DUR, GWN, JAX, LOU, NAS, NOR",806198,2026,8.0,13.0,47.0,27.0,19.0,25.0,20.0,42.0,17.0,90.0,65.0,88.0,36.0,,,
352,233,88.4,105.4,112.6,36.1,13.7,33.5,35.2,0.362,0.415,21.0,10.8,32.8,31.9,,,,"COL, IND, LHV, OMA, STP, SYR, TOL",806252,2026,49.0,73.0,76.0,33.0,93.0,33.0,93.0,91.0,83.0,56.0,43.0,14.0,23.0,,,
365,293,86.6,101.2,108.8,33.8,3.4,39.2,51.9,0.336,0.328,8.5,10.1,10.7,20.4,,,,"ABQ, ELP, LV, OKC, RNO, RR, SAC, SL",806367,2026,26.0,14.0,28.0,26.0,15.0,77.0,18.0,67.0,24.0,98.0,33.0,98.0,89.0,,,
105,78,89.1,103.4,108.4,43.6,6.4,44.9,52.6,0.357,0.357,9.5,13.3,9.8,26.5,,,,"ELP, OKC, RNO",806956,2026,60.0,39.0,23.0,68.0,45.0,98.0,15.0,88.0,49.0,98.0,72.0,99.0,54.0,,,
498,144,91.2,105.6,111.3,48.6,14.6,34.0,43.1,0.263,0.424,18.3,19.1,31.1,15.5,,,,"BRD, CLR, DBT, DUN, FTM, JUP, LAK, PMB",806957,2025,91.0,71.0,67.0,90.0,95.0,45.0,61.0,7.0,95.0,76.0,95.0,23.0,97.0,,,
32,19,95.1,103.5,104.8,78.9,10.5,47.4,63.2,0.37,0.478,28.1,12.5,31.7,20.0,,,,"LAK, STP, WOR",807726,2026,100.0,40.0,3.0,100.0,81.0,99.0,2.0,93.0,98.0,14.0,58.0,18.0,92.0,,,
386,244,88.4,104.2,112.4,41.4,10.2,40.2,39.8,0.341,0.391,22.3,12.4,21.9,25.8,,,,"BUF, IOW, LHV, OMA, ROC, STP, SWB, SYR",807727,2026,49.0,53.0,74.0,54.0,80.0,82.0,79.0,73.0,73.0,48.0,56.0,76.0,58.0,,,
458,283,80.3,95.7,109.6,12.0,0.0,30.0,67.8,0.294,0.279,18.1,17.0,17.8,18.4,,,,"BUF, CLT, DUR, GWN, JAX, MEM, NAS, ROC",807747,2026,2.0,1.0,40.0,1.0,2.0,17.0,0.0,20.0,3.0,73.0,90.0,87.0,98.0,,,
162,120,88.2,102.6,107.8,40.0,5.0,36.7,48.3,0.33,0.353,14.8,8.6,17.0,29.1,,,,"BUF, LHV, NOR, SYR, WOR",808265,2026,46.0,30.0,16.0,50.0,27.0,58.0,36.0,60.0,45.0,88.0,23.0,89.0,34.0,,,
168,114,88.5,106.1,114.3,45.6,12.3,40.4,36.8,0.388,0.443,17.9,8.9,22.8,30.0,,,,"BRD, CLR, DUN, TAM",809092,2026,51.0,80.0,94.0,77.0,88.0,84.0,89.0,95.0,90.0,75.0,24.0,69.0,30.0,,,
566,330,89.5,105.9,112.6,41.5,10.3,40.0,42.7,0.346,0.401,25.3,12.9,29.2,19.3,,,,"ABQ, ELP, LV, OKC, RNO, RR, SAC, SL",809707,2026,67.0,78.0,76.0,55.0,81.0,80.0,67.0,78.0,78.0,23.0,62.0,30.0,95.0,,,
216,180,87.3,102.2,110.4,30.6,2.2,30.6,53.9,0.298,0.284,6.5,7.4,11.6,39.2,,,,"LV, OMA, RNO, SAC, TAC",811965,2026,36.0,26.0,55.0,12.0,6.0,20.0,13.0,23.0,5.0,99.0,9.0,96.0,4.0,,,
100,44,90.6,102.1,105.2,40.9,6.8,34.1,43.2,0.275,0.373,39.0,13.0,30.1,20.0,,,,"BRD, JUP, PMB, SLU",813075,2026,83.0,23.0,4.0,53.0,51.0,37.0,64.0,11.0,63.0,1.0,65.0,26.0,92.0,,,
52,38,85.3,101.8,104.5,36.8,5.3,44.7,47.4,0.407,0.466,17.3,9.6,25.0,24.5,,,,"LV, SAC, TAC",813841,2026,13.0,20.0,2.0,36.0,32.0,96.0,41.0,99.0,96.0,78.0,30.0,59.0,64.0,,,
315,207,90.4,105.0,110.9,48.8,10.6,33.8,51.7,0.334,0.4,23.2,7.9,28.7,36.2,,,,"CLT, LHV, OMA, ROC, SWB, SYR, WOR",814409,2026,80.0,65.0,61.0,89.0,82.0,35.0,19.0,64.0,77.0,38.0,13.0,34.0,8.0,,,
152,95,89.4,104.4,111.0,43.2,5.3,34.7,46.3,0.307,0.365,25.7,7.9,24.1,34.2,,,,"COL, IND, LOU, TOL, WOR",814430,2026,66.0,55.0,63.0,65.0,32.0,42.0,47.0,32.0,55.0,21.0,13.0,64.0,16.0,,,
234,141,86.4,104.5,111.5,36.2,7.8,38.3,36.2,0.317,0.335,22.6,13.2,24.6,18.6,,,,"ABQ, ELP, RNO, SAC, TAC",814439,2026,23.0,58.0,69.0,33.0,62.0,70.0,90.0,46.0,28.0,44.0,69.0,61.0,97.0,,,
227,141,90.4,105.0,112.8,41.8,12.1,41.8,37.6,0.398,0.451,20.3,14.1,25.3,26.4,,,,"BUF, IOW, LHV, ROC, WOR",815873,2026,80.0,65.0,80.0,57.0,86.0,92.0,85.0,97.0,92.0,62.0,80.0,57.0,55.0,,,
239,143,88.6,104.0,108.8,38.5,8.4,38.5,23.1,0.316,0.341,23.4,13.8,16.3,21.9,,,,"BRD, CLR, DUN, FTM, JUP, LAK, PMB, TAM",821273,2025,60.0,47.0,25.0,42.0,61.0,77.0,99.0,61.0,47.0,45.0,79.0,94.0,83.0,,,
41,22,94.5,106.3,107.6,40.9,13.6,22.7,40.9,0.427,0.451,17.1,26.8,40.4,13.6,,,,"BRD, CLR, TAM",821273,2026,98.0,86.0,14.0,53.0,92.0,2.0,74.0,100.0,92.0,79.0,100.0,0.0,99.0,,,
72,39,86.9,102.9,109.4,33.3,5.1,28.2,41.0,0.321,0.29,22.2,19.4,26.4,19.4,,,,"BRD, FTM, PMB",822518,2026,29.0,34.0,36.0,24.0,29.0,10.0,73.0,52.0,7.0,49.0,98.0,49.0,94.0,,,
125,83,88.4,102.8,105.8,32.5,0.0,36.1,44.6,0.299,0.35,23.2,9.6,26.2,22.0,,,,"ABQ, ELP, OKC, RR, SAC, TAC",823550,2026,49.0,33.0,7.0,19.0,2.0,53.0,55.0,25.0,42.0,38.0,30.0,50.0,82.0,,,
272,153,88.6,104.3,111.1,39.2,10.5,34.6,34.6,0.329,0.38,17.6,14.0,22.8,23.9,,,,"DBT, DUN, FTM, JUP, PMB, SLU",823787,2025,60.0,52.0,65.0,45.0,77.0,52.0,93.0,78.0,73.0,78.0,80.0,71.0,79.0,,,
82,57,91.9,104.4,108.9,45.6,3.5,31.6,64.9,0.354,0.352,13.4,15.9,15.0,12.7,,,,"CLR, FTM, TAM",828076,2025,95.0,53.0,26.0,78.0,19.0,19.0,1.0,93.0,55.0,91.0,87.0,97.0,99.0,,,
156,84,88.6,103.4,108.9,40.5,6.0,28.6,45.2,0.356,0.34,19.9,25.0,26.0,16.5,,,,"CLR, DUN, JUP, PMB, TAM",828076,2026,52.0,39.0,29.0,51.0,39.0,11.0,53.0,87.0,33.0,64.0,99.0,52.0,99.0,,,
404,227,88.9,105.2,114.2,44.5,7.5,34.4,50.2,0.324,0.36,24.5,15.6,23.7,21.4,,,,"BRD, CLR, DUN, FTM, JUP, LAK, SLU, TAM",828098,2026,56.0,69.0,93.0,72.0,59.0,41.0,26.0,56.0,50.0,30.0,88.0,66.0,85.0,,,
179,98,89.3,103.7,108.6,45.9,8.2,39.8,39.8,0.322,0.391,28.5,14.5,32.3,23.1,,,,"ABQ, LV, OKC, RR, SUG",828599,2026,65.0,42.0,25.0,78.0,66.0,79.0,79.0,54.0,73.0,13.0,82.0,16.0,74.0,,,
123,23,80.1,95.3,103.4,17.4,0.0,21.7,47.8,0.189,0.26,31.7,19.5,37.1,22.9,,,,"DBT, PMB, SLU, TAM",829162,2026,2.0,1.0,1.0,1.0,2.0,1.0,39.0,1.0,2.0,5.0,98.0,6.0,76.0,,,
