rank,fp_id,player,team,pos,RTS,FT,NFBC,CBS,Yahoo,ESPN,AVG
1,5828,Trea Turner,PHI,SS,1,2,1,1,1,8,1.2
2,6050,Vladimir Guerrero Jr.,TOR,"1B,DH",2,3,5,2,2,3,2.4
3,6906,Juan Soto,NYM,"LF,RF,DH",3,1,3,3,3,2,2.8
4,5288,Jose Ramirez,CLE,"3B,DH",4,4,2,4,4,5,4.2
5,6808,Bo Bichette,NYM,"3B,SS,DH",5,6,4,5,5,21,5.0
6,4656,Gerrit Cole,NYY,SP,6,7,6,8,6,4,6.6
7,4293,Bryce Harper,PHI,"1B,RF,DH",7,8,8,6,8,10,7.4
8,7354,Shohei Ohtani,LAD,"SP,DH",20,5,7,7,76,1,8.0
9,7251,Corbin Burnes,ARI,SP,8,9,9,12,9,7,8.4
10,7354001,Shohei Ohtani (Batter),LAD,DH,,,,,10,,10.0
11,3785,Mike Trout,LAA,"CF,RF,DH",10,10,12,9,11,13,10.4
12,4921,Mookie Betts,LAD,SS,12,13,14,10,7,6,11.2
13,3365,Freddie Freeman,LAD,1B,14,16,18,11,12,9,12.4
14,6966,Ronald Acuna Jr.,ATL,"RF,DH",13,12,11,16,14,29,13.2
15,6006,Kyle Tucker,LAD,"RF,DH",11,14,10,14,13,15,13.4
16,7002,Walker Buehler,SD,SP,9,11,16,15,17,11,14.0
17,5175,Rafael Devers,SF,"1B,DH",16,15,13,13,15,18,14.4
18,3744,Max Scherzer,TOR,SP,15,17,19,17,16,12,16.8
19,6935,Luis Robert Jr.,BAL,"LF,CF",18,20,15,19,18,64,18.0
20,6813,Brandon Woodruff,MIL,SP,17,18,20,18,20,14,18.6
21,5980,Ozzie Albies,ATL,2B,19,19,17,20,19,23,18.8
22,3778,Manny Machado,SD,"3B,DH",22,22,21,21,23,16,21.8
23,7178,Shane Bieber,TOR,SP,24,21,28,23,24,17,24.0
24,5718,Matt Olson,ATL,1B,25,26,37,22,28,20,24.2
25,6461,Yordan Alvarez,HOU,"LF,DH",27,23,22,29,21,31,24.4
26,4922,Julio Urias,,,28,24,34,26,29,22,25.8
27,4377,Starling Marte,,,21,42,24,25,22,82,26.8
28,4955,Aaron Judge,NYY,"LF,CF,RF,DH",34,25,32,24,25,36,28.0
29,4603,Zack Wheeler,PHI,SP,23,27,27,31,42,35,28.6
30,4147,Salvador Perez,KC,"C,1B,DH",26,33,26,27,32,49,28.8
31,4544,Marcus Semien,NYM,2B,29,29,36,37,30,27,30.2
32,4846,Teoscar Hernandez,LAD,"LF,RF",35,36,23,36,33,84,32.6
33,6338,Whit Merrifield,,,31,40,30,33,31,62,33.0
34,7400,Cedric Mullins II,TB,CF,32,35,33,28,39,57,33.4
35,4747,Trevor Story,BOS,SS,39,39,35,32,34,71,35.8
36,4723,Lucas Giolito,SD,SP,38,31,39,38,36,25,36.4
37,5047,Josh Hader,HOU,RP,33,43,29,49,35,42,36.4
38,4956,Tim Anderson,,,40,48,25,47,27,107,37.4
39,7109,Sandy Alcantara,MIA,SP,43,32,41,39,48,34,37.8
40,4347,Xander Bogaerts,SD,SS,44,37,42,35,26,37,39.0
41,5484,Robbie Ray,SD,SP,30,30,48,41,47,19,39.2
42,5682,Aaron Nola,PHI,SP,41,28,40,43,45,24,39.4
43,4158,Liam Hendriks,,,37,46,31,56,40,48,40.4
44,6022,Austin Riley,ATL,3B,36,44,52,30,43,69,41.0
45,6960,Pete Alonso,BAL,"1B,DH",46,38,46,34,50,41,44.2
46,7147,Wander Franco,TB,SS,55,604,56,51,41,26,45.8
47,4403,Paul Goldschmidt,NYY,"1B,DH",50,45,45,40,44,47,46.2
48,4631,Nick Castellanos,,,51,54,57,44,46,45,48.0
49,4672,Byron Buxton,MIN,"CF,DH",57,52,43,46,56,116,50.8
50,6853,Fernando Tatis Jr.,SD,"2B,RF",56,59,38,80,37,76,53.2
51,7274,Freddy Peralta,TB,SP,54,41,54,61,57,39,53.4
52,4569,Francisco Lindor,NYM,SS,61,51,49,53,38,58,54.4
53,4350,Nolan Arenado,ARI,"3B,DH",47,58,68,52,51,28,55.2
54,4614,George Springer,TOR,"LF,CF,RF,DH",59,49,55,45,55,59,55.4
55,4671,Kevin Gausman,CHC,SP,48,47,65,54,64,30,55.6
56,4334,Jose Altuve,HOU,"2B,LF,DH",60,57,69,42,52,32,56.0
57,5371,J.T. Realmuto,PHI,C,45,67,44,62,68,78,57.2
58,5141,Eloy Jimenez,TOR,"RF,DH",64,56,61,63,53,85,59.4
59,5050,Tyler O'Neill,BAL,"LF,RF,DH",53,63,47,66,71,130,60.0
60,4594,Jose Abreu,,,58,64,76,60,58,60,60.0
61,4729,Max Fried,NYY,SP,62,55,67,55,65,46,60.8
62,4934,Kris Bryant,COL,DH,67,60,72,48,60,43,61.4
63,8146,Logan Webb,SF,SP,72,53,64,65,84,53,61.4
64,5722,Jose Berrios,TOR,SP,66,50,73,57,69,38,63.0
65,7671,Will Smith,LAD,C,49,69,53,59,72,66,63.8
66,4805,Corey Seager,TEX,SS,65,62,77,50,67,44,64.2
67,6962,Randy Arozarena,SEA,"LF,CF",70,72,62,72,49,132,65.0
68,4850,Jacob deGrom,TEX,SP,42,70,50,76,54,83,66.6
69,3181,Charlie Morton,,,63,76,91,58,79,63,67.8
70,4606,Javier Baez,DET,"2B,3B,SS,LF,CF",77,75,59,69,63,136,68.6
71,7236,Brandon Lowe,PIT,"2B,DH",79,61,71,67,73,93,70.2
72,5589,Raisel Iglesias,ATL,RP,52,77,51,83,74,72,71.6
73,5883,Joe Musgrove,SD,SP,73,65,70,73,77,52,71.6
74,5860,Adalberto Mondesi,,,74,84,58,85,62,213,72.6
75,5179,Ketel Marte,ARI,"2B,DH",76,73,75,64,83,40,74.2
76,5973,Alex Bregman,CHC,"3B,DH",85,66,83,74,66,33,74.8
77,5361,Ryan Pressly,,,71,101,66,87,90,81,79.0
78,5619,Frankie Montas,,,83,71,88,71,85,51,79.6
79,5354,Jorge Polanco,NYM,"2B,3B,DH",80,87,74,79,91,80,80.0
80,4339,J.D. Martinez,,,88,81,82,88,61,70,81.8
81,27356,Emmanuel Clase,CLE,RP,75,92,60,90,88,68,82.6
82,6848,Dylan Cease,TOR,SP,82,68,79,96,95,65,84.0
83,4673,Carlos Correa,HOU,"3B,SS",93,78,98,77,75,61,84.2
84,5674,Carlos Rodon,NYY,SP,86,95,106,78,87,75,84.2
85,6818,Bryan Reynolds,PIT,"LF,CF,RF,DH",87,83,89,75,93,56,85.4
86,3965,Yu Darvish,SD,SP,84,80,97,82,86,54,85.8
87,8449,Jazz Chisholm Jr.,NYY,"2B,3B",100,98,78,84,78,196,87.6
88,5996,Edwin Diaz,LAD,RP,69,94,63,94,98,96,90.2
89,19812,Alek Manoah,,,92,74,94,99,92,73,90.2
90,6895,Jonathan India,KC,"2B,3B,LF,DH",96,82,86,101,89,106,90.8
91,3661,Lance Lynn,,,68,107,87,92,59,117,94.2
92,3068,Aroldis Chapman,BOS,RP,89,103,81,102,82,95,94.2
93,3630,Kenley Jansen,DET,RP,81,121,85,95,102,109,94.4
94,4596,Christian Yelich,MIL,"LF,DH",101,90,100,89,80,94,94.8
95,3783,Giancarlo Stanton,NYY,"LF,RF,DH",102,89,95,86,70,104,95.2
96,6995,Trevor Rogers,BAL,SP,95,85,93,107,99,114,95.8
97,3623,Justin Verlander,DET,SP,90,86,90,68,111,105,96.4
98,4445,Yasmani Grandal,,,94,106,99,103,123,86,97.6
99,6810,Bobby Witt Jr.,KC,SS,98,91,80,93,103,108,98.6
100,4291,Anthony Rendon,LAA,3B,112,97,104,104,81,50,99.6
101,6481,Mitch Haniger,,,104,88,103,97,94,100,99.6
102,7647,Jordan Romano,COL,RP,91,122,96,100,100,151,101.8
103,5686,Kyle Schwarber,PHI,"1B,LF,DH",108,100,107,81,107,101,104.6
104,6045,Cody Bellinger,NYY,"1B,LF,CF,RF",116,99,102,112,96,88,105.0
105,7487,Shane McClanahan,TB,SP,105,93,105,109,110,102,106.2
106,5719,Jesse Winker,,,113,105,109,105,105,90,107.4
107,3679,Luis Castillo,CWS,SP,99,605,108,126,108,98,107.8
108,3215,Clayton Kershaw,,,110,124,151,98,104,103,107.8
109,7551,Daulton Varsho,HOU,"LF,CF",106,115,84,116,155,127,109.6
110,8473,Jared Walsh,,,109,116,113,125,97,150,112.0
111,6571,Giovanny Gallegos,,,107,142,114,114,113,121,113.8
112,6005,Franmil Reyes,,,119,114,119,108,109,148,113.8
113,5835,Blake Snell,LAD,SP,115,102,112,115,119,110,114.2
114,7752,Tommy Edman,LAD,"2B,3B,LF,CF",103,111,92,113,116,129,114.4
115,5554,Chris Bassitt,BAL,SP,118,113,124,106,114,97,115.0
116,7239,Ryan Mountcastle,BAL,"1B,DH",111,123,110,128,115,169,117.4
117,7868,Jake Cronenworth,SD,"1B,2B,SS",138,110,117,122,120,79,121.4
118,4417,DJ LeMahieu,,,142,109,115,142,101,67,121.8
119,5965,Dansby Swanson,CHC,SS,121,128,116,131,118,144,122.8
120,6637,Tyler Mahle,ATL,SP,120,104,126,140,127,87,123.4
121,3207,Chris Sale,ATL,SP,125,154,111,169,112,126,125.6
122,7627,Framber Valdez,DET,SP,122,119,136,133,122,112,126.4
123,3535,Joey Votto,,,129,137,135,111,164,122,126.8
124,4423,Nathan Eovaldi,TEX,SP,132,108,122,136,137,74,127.0
125,4688,C.J. Cron,,,130,145,120,119,129,137,127.0
126,6744,Rhys Hoskins,CLE,"1B,DH",139,127,118,91,130,123,127.4
127,4944,Sean Manaea,NYM,"SP,RP",124,120,127,127,140,92,127.6
128,7289,Pablo Lopez,MIN,SP,127,118,132,120,131,131,128.2
129,4664,Josh Bell,MIN,"1B,DH",133,134,123,124,135,77,129.8
130,5919,Willson Contreras,BOS,1B,114,143,101,118,126,149,130.0
131,4261,Justin Turner,,,131,156,142,123,141,113,130.0
132,4888,Chris Taylor,,,141,139,128,134,121,172,132.6
133,6315,Matt Chapman,SF,3B,176,126,169,130,125,124,134.8
134,6931,Lourdes Gurriel Jr.,ARI,"LF,DH",140,135,131,143,138,133,135.4
135,6973,Seiya Suzuki,CHC,"LF,RF,DH",162,129,173,132,149,115,137.4
136,4936,Austin Meadows,,,136,133,145,135,124,142,138.2
137,3238,Craig Kimbrel,KC,RP,148,117,154,117,159,91,139.0
138,6479,Ian Anderson,,,135,131,150,145,134,154,139.0
139,4033,Adam Wainwright,,,144,159,190,129,150,138,144.0
140,3963,Eduardo Rodriguez,ARI,SP,153,130,139,154,145,99,144.2
141,6021,Jack Flaherty,DET,SP,123,181,138,171,133,157,144.4
142,5988,Willy Adames,SF,SS,149,132,121,110,158,167,145.4
143,7245,Zac Gallen,ARI,SP,177,136,153,196,144,128,147.6
144,8163,Ty France,SD,1B,150,153,144,166,156,141,148.8
145,3709,Mark Melancon,,,117,190,140,157,143,226,149.4
146,4755,Sonny Gray,BOS,SP,154,146,160,159,128,120,149.4
147,6023,Michael Kopech,,,186,150,158,156,154,134,150.4
148,7502,Trent Grisham,NYY,CF,159,149,137,177,132,194,150.8
149,5679,Yoan Moncada,LAA,3B,189,141,148,161,136,189,155.0
150,4959,Hunter Renfroe,,,151,147,156,162,179,161,155.4
151,3796,Nelson Cruz,,,160,157,170,148,117,146,156.2
152,4711,Joey Gallo,,,158,112,171,139,148,166,156.4
153,6884,Jarred Kelenic,NYY,"LF,CF,RF",191,138,133,158,166,218,157.2
154,7351,Scott Barlow,,,152,177,164,151,151,168,157.2
155,5207,Max Muncy,LAD,3B,97,617,125,70,106,390,157.6
156,7247,Ranger Suarez,BOS,SP,137,182,175,138,191,156,157.6
157,4978,Corey Knebel,,,157,220,155,137,157,197,160.6
158,7453,Logan Gilbert,SEA,SP,169,140,147,172,165,158,162.2
159,5244,Luis Severino,ATH,SP,170,152,172,164,194,155,162.6
160,4726,Marcell Ozuna,,,182,144,174,121,172,147,163.8
161,6407,Dylan Carlson,,,171,151,163,202,152,188,165.0
162,5009,Ryan McMahon,NYY,3B,175,165,149,174,169,201,166.4
163,4307,Anthony Rizzo,,,188,158,177,163,147,89,166.6
164,5473,Blake Treinen,LAD,RP,145,327,187,141,142,221,167.2
165,4796,Marcus Stroman,,,173,148,180,155,180,145,167.2
166,4556,Eddie Rosario,,,211,180,168,146,219,135,168.0
167,5983,Alex Verdugo,,,165,162,159,194,162,125,168.4
168,5905,Mike Clevinger,,,174,155,192,170,153,217,168.8
169,6901,Adolis Garcia,PHI,RF,143,169,167,176,195,253,170.0
170,5909,Taylor Rogers,MIN,RP,164,207,179,149,167,192,170.2
171,4495,Jorge Soler,,,203,167,186,173,163,165,170.8
172,3594,Josh Donaldson,,,179,174,181,147,178,140,171.8
173,6912,Keibert Ruiz,WSH,C,146,189,141,192,187,153,173.4
174,7158,Shane Baz,BAL,SP,155,191,165,205,197,162,174.0
175,7628,Myles Straw,TOR,"LF,CF,RF",126,166,129,209,247,268,175.4
176,43633,Tarik Skubal,LAD,SP,187,170,182,229,174,164,175.4
177,5966,Brendan Rodgers,BOS,2B,183,164,157,167,212,245,176.6
178,4140,Avisail Garcia,,,185,183,166,179,170,208,176.6
179,6024,Tyler Stephenson,CIN,"C,DH",156,171,130,190,186,183,177.2
180,5133,Gleyber Torres,DET,"2B,DH",194,160,146,188,168,185,179.0
181,6910,Ke'Bryan Hayes,CIN,3B,167,161,143,201,177,193,179.8
182,6239,Mitch Garver,NYY,"C,DH",180,221,162,153,199,261,183.0
183,4589,Noah Syndergaard,,,190,163,202,150,188,176,183.8
184,43997,Camilo Doval,PIT,RP,166,201,176,203,185,238,186.2
185,5487,Anthony DeSclafani,,,168,184,210,187,189,152,187.6
186,4641,Hyun Jin Ryu,,,200,168,203,199,175,139,189.0
187,7862,Akil Baddoo,MIL,LF,163,172,152,180,295,279,189.2
188,8079,John Means,KC,SP,193,193,217,212,181,178,191.4
189,4795,Robbie Grossman,,,178,185,185,184,226,233,191.6
190,3436,Jake McGee,,,161,268,250,165,146,247,193.8
191,8031,Patrick Sandoval,BOS,SP,210,173,193,175,218,243,193.8
192,6438,Yuli Gurriel,,,184,232,200,204,161,119,196.2
193,6414,Alex Kirilloff,,,192,178,178,198,252,241,197.4
194,5972,Andrew Benintendi,CWS,"LF,DH",227,198,184,244,208,171,197.6
195,4117,Eduardo Escobar,,,147,204,189,185,209,203,198.0
196,7062,Jordan Montgomery,TEX,"SP,RP",204,175,201,242,331,170,198.4
197,5976,Trey Mancini,,,242,196,199,231,184,182,198.4
198,21649,Aaron Civale,CHC,"SP,RP",230,216,261,181,196,190,202.6
199,5812,Michael Conforto,CHC,"LF,RF,DH",235,202,223,250,183,173,203.2
200,4486,Kolten Wong,,,238,210,188,200,314,186,204.4
201,43688,Joe Ryan,MIN,SP,216,195,208,207,224,199,205.0
202,6987,Tanner Houck,BOS,SP,221,176,198,226,205,252,205.2
203,22917,Jose Urquidy,CWS,RP,214,188,211,223,171,198,206.8
204,4523,Matt Barnes,,,201,249,241,182,204,207,207.0
205,7427,Gregory Soto,PIT,RP,197,233,196,193,217,232,207.0
206,4394,Trevor Bauer,,,196,199,252,215,207,223,208.0
207,5332,Eugenio Suarez,CIN,"3B,DH",236,179,195,246,192,265,209.6
208,4461,Brandon Crawford,,,208,213,209,168,215,210,211.0
209,43769,Joe Barlow,,,209,250,234,178,190,287,212.2
210,4670,Gary Sanchez,MIL,"C,1B,DH",199,217,240,214,220,216,213.2
211,5522,Enrique Hernandez,LAD,"1B,2B,3B,LF,CF",243,197,212,253,306,163,213.6
212,4179,Jean Segura,,,231,230,194,208,211,160,214.8
213,6899,Jo Adell,CLE,"LF,CF,RF,DH",225,203,214,186,251,290,215.8
214,4574,Alex Wood,,,207,194,215,228,235,187,215.8
215,43877,Spencer Torkelson,DET,1B,217,200,239,195,231,179,216.4
216,8451,David Bednar,NYY,RP,220,260,204,227,176,284,217.4
217,3748,Michael Brantley,,,222,226,245,224,173,143,218.0
218,4418,Charlie Blackmon,,,215,211,228,222,221,159,219.4
219,7888,Lou Trivino,,,206,274,251,197,198,246,219.6
220,39295,Triston McKenzie,SD,"SP,RP",250,206,222,239,225,206,219.6
221,7532,Frank Schwindel,,,213,236,232,213,206,180,220.0
222,4487,Jonathan Schoop,,,229,229,197,252,260,202,221.8
223,5317,Adam Duvall,,,228,212,216,219,182,236,222.2
224,6936,Luis Urias,TOR,"2B,3B",274,187,183,249,364,222,223.0
225,7230,Luke Voit,,,226,218,237,152,223,219,224.6
226,4637,AJ Pollock,,,239,237,213,216,228,250,226.6
227,5391,Christian Vazquez,HOU,"C,DH",233,281,205,278,203,220,227.8
228,5423,Randal Grichuk,CWS,"LF,RF,DH",223,261,298,218,241,200,228.6
229,4536,Will Smith,,,134,263,191,266,160,282,232.4
230,5994,Amed Rosario,NYY,"2B,3B,OF,DH",219,208,161,245,270,229,234.2
231,6399,Cal Quantrill,TEX,"SP,RP",267,228,269,191,237,175,238.4
232,4831,Lance McCullers Jr.,,,172,205,281,258,200,249,238.6
233,6556,Andrew Kittredge,BAL,RP,205,258,254,183,210,266,238.6
234,5893,German Marquez,MIN,SP,249,186,253,275,232,118,239.0
235,4933,Jon Gray,,,263,214,229,243,257,177,241.2
236,39199,Oneil Cruz,PIT,"CF,DH",240,222,218,235,305,328,244.0
237,43675,Alejandro Kirk,TOR,C,232,337,219,221,245,304,244.2
238,5344,Steven Matz,TB,"SP,RP",275,239,249,210,328,251,244.8
239,8022,Adley Rutschman,BOS,"C,DH",198,276,206,233,248,264,245.4
240,3034,Alex Cobb,,,264,244,236,211,374,272,245.4
241,7238,Austin Hays,SD,"LF,DH",332,240,235,295,234,225,245.8
242,6008,Ian Happ,CHC,"LF,DH",272,209,207,257,229,263,246.0
243,3107,Brandon Belt,,,258,231,225,189,283,239,247.2
244,5462,Kyle Hendricks,,,293,225,280,217,222,174,247.4
245,5584,Tommy Pham,CWS,"LF,CF,RF",237,259,243,256,369,244,247.8
246,4663,Mike Zunino,,,212,351,247,248,240,300,249.4
247,8355,Bobby Dalbec,,,195,241,220,255,261,274,250.2
248,7914,Nathaniel Lowe,CLE,"1B,DH",259,224,238,274,402,256,250.2
249,5920,Jeimer Candelario,LAA,"1B,3B",284,256,224,277,409,212,250.6
250,4032,Zack Greinke,,,257,267,300,225,277,227,250.6
251,45030,Robert Suarez,ATL,RP,247,304,334,238,214,262,253.0
252,4099,Travis d'Arnaud,LAA,C,218,288,221,268,202,275,254.0
253,7399,Casey Mize,SD,SP,268,215,260,264,254,231,255.4
254,8372,Huascar Ynoa,LAA,SP,252,223,242,272,376,307,259.2
255,5670,Mark Canha,,,251,219,272,301,256,195,259.8
256,4634,Miguel Sano,,,280,257,259,232,350,286,262.8
257,6889,Jesus Luzardo,PHI,SP,256,245,262,240,335,314,263.4
258,3150,Carlos Carrasco,ATL,"SP,RP",276,251,274,220,404,298,263.8
259,7530,Nicky Lopez,TEX,"2B,3B,SS",254,283,257,234,299,344,265.4
260,27766,Devin Williams,NYM,RP,266,279,288,237,193,258,265.6
261,7421,Gavin Lux,TB,"2B,3B,LF,DH",312,234,244,283,349,260,266.6
262,6155,Omar Narvaez,,,261,294,255,269,359,254,266.6
263,4020,Yadier Molina,,,311,332,293,236,242,259,268.2
264,5591,Elias Diaz,TEX,"C,DH",255,316,230,262,279,,268.4
265,43720,Luis Garcia,NYY,SP,,125,134,144,139,,135.5
266,8518,Tony Gonsolin,KC,SP,290,248,285,247,383,276,269.2
267,7916,Garrett Whitlock,BOS,RP,265,252,258,303,201,277,271.0
268,6480,Harrison Bader,SF,"LF,CF,RF",303,255,231,282,403,288,271.8
269,6430,Dylan Floro,,,253,296,273,260,281,,272.6
270,8467,Mike Yastrzemski,ATL,"LF,CF,RF",304,246,275,254,291,205,274.0
271,10002,Cristian Javier,HOU,"SP,RP",365,272,301,340,227,235,275.0
272,4771,Jonathan Villar,,,269,302,248,320,243,335,276.4
273,5287,Jesus Aguilar,,,318,312,279,206,391,271,277.2
274,7015,Yusei Kikuchi,LAA,SP,296,269,294,306,398,237,280.4
275,26964,Josh Rojas,KC,"2B,3B,SS,DH",292,235,267,313,387,297,280.8
276,6147,Paul Sewald,TOR,RP,260,293,295,276,239,289,282.6
277,6740,Ramon Laureano,SD,"LF,CF,RF",337,254,246,309,269,,283.0
278,4286,Stephen Strasburg,,,295,264,307,289,236,270,285.0
279,6609,Sean Murphy,ATL,C,271,265,233,315,315,267,286.6
280,7956,Joey Bart,CWS,C,310,305,268,271,280,321,286.8
281,6954,Nick Madrigal,TB,"2B,3B",294,285,317,342,284,255,287.0
282,44064,Bailey Ober,MIN,SP,313,247,256,297,323,184,287.2
283,7662,Isiah Kiner-Falefa,BOS,"2B,3B,SS",273,291,286,279,310,308,287.4
284,4122,Corey Kluber,,,288,290,310,286,303,281,289.6
285,22216,Andrew Vaughn,MIL,"1B,3B",281,227,263,299,290,320,290.6
286,6871,Hunter Greene,CIN,SP,306,318,346,265,307,257,290.6
287,19457,Riley Greene,DET,"LF,CF,RF,DH",285,280,311,259,319,341,290.8
288,18288,Zach Plesac,,,326,271,316,273,271,214,291.4
289,4078,Alex Colome,,,246,375,358,251,275,333,292.6
290,8027,Jeff McNeil,ATH,"1B,2B,LF,CF,RF",387,286,299,281,329,269,292.8
291,43665,Drew Rasmussen,TB,SP,320,238,270,300,343,191,294.2
292,5357,Max Kepler,,,348,277,278,341,410,230,294.8
293,6590,Nick Pivetta,SD,SP,341,295,318,287,309,278,297.4
294,4320,Lucas Sims,,,241,309,290,312,336,,297.6
295,4903,Anthony Santander,TOR,"LF,RF,DH",368,287,283,321,401,240,299.8
296,3052,Andrew McCutchen,,,291,301,306,329,365,273,300.0
297,4657,Jameson Taillon,TOR,SP,315,275,284,318,412,310,300.4
298,6243,Adam Frazier,LAA,"2B,LF,RF,DH",283,328,328,344,294,280,302.6
299,6177,Chad Green,,,305,355,365,292,265,303,304.0
300,43700,Aaron Ashby,MIL,RP,372,243,264,296,353,,305.6
301,6255,Patrick Wisdom,SEA,"1B,3B",323,303,315,241,259,330,306.0
302,6253,Carson Kelly,CHC,"C,DH",331,321,265,285,250,329,306.2
303,4945,Marco Gonzales,,,350,266,304,291,324,211,307.0
304,7567,Eric Haase,,,224,324,289,359,340,,307.2
305,7075,David Fletcher,,,370,335,342,,288,209,308.8
306,4950,J.P. Crawford,SEA,"3B,SS",461,323,363,334,292,234,309.2
307,7375,Nestor Cortes Jr.,PHI,SP,386,310,312,338,301,294,311.0
308,3471,Wil Myers,,,395,307,276,288,396,295,312.2
309,4678,Andrew Heaney,,,358,298,302,284,325,228,313.4
310,4685,Brandon Nimmo,TEX,"LF,CF,RF,DH",380,273,308,270,394,342,314.6
311,4988,Cavan Biggio,HOU,"1B,2B,RF",329,270,296,317,326,306,314.8
312,3655,Kyle Gibson,,,298,278,331,326,351,242,316.8
313,10142,Josh Lowe,LAA,"LF,CF,RF",277,360,382,,238,331,317.6
314,8162,Luis Arraez,PHI,"1B,2B,DH",379,325,309,,274,301,317.6
315,6543,Chris Flexen,,,328,289,344,335,296,224,318.4
316,4655,Patrick Corbin,TOR,SP,286,292,348,323,344,215,318.6
317,6409,Eric Lauer,LAD,"SP,RP",409,300,305,230,354,,319.6
318,8218,Josiah Gray,WSH,SP,361,262,277,302,399,,320.2
319,43685,Julio Rodriguez,SEA,"CF,DH",181,,226,,213,181,200.3
320,6542,Drew Steckenrider,,,309,377,361,261,304,,322.4
321,6168,Kyle Higashioka,TEX,"C,DH",319,486,452,311,249,293,324.8
322,7049,Andres Gimenez,TOR,"2B,SS",360,319,266,325,356,,325.2
323,5595,Gio Urshela,,,289,326,291,337,348,324,325.2
324,6581,Rowan Wick,SF,RP,322,329,322,290,347,316,327.2
325,7545,Garrett Hampson,CIN,"2B,LF,CF",279,322,303,365,371,,328.0
326,43642,Jeremy Pena,HOU,SS,364,340,359,280,308,285,331.2
327,8238,Luis Patino,,,353,282,292,352,390,,333.8
328,44295,Matt Brash,SEA,RP,325,374,430,293,346,332,334.0
329,6397,Kyle Lewis,,,300,317,351,298,405,,334.2
330,4946,Dominic Smith,ATL,"1B,DH",278,366,369,343,322,,335.6
331,7982,Jonathan Loaisiga,ARI,RP,371,345,356,314,267,305,338.2
332,19879,CJ Abrams,WSH,"2B,SS,DH",344,405,457,263,345,337,338.8
333,44091,Anthony Bender,MIA,RP,354,338,337,322,244,350,340.2
334,7522,Cole Sulser,TB,RP,367,384,393,308,266,,343.6
335,7302,Connor Joe,SEA,"LF,RF",373,314,320,319,392,,343.6
336,7921,Alec Bohm,PHI,"1B,3B",356,297,321,348,397,,343.8
337,4372,Josh Harrison,,,383,423,336,354,339,323,347.0
338,7091,Dinelson Lamet,,,377,336,343,351,342,,349.8
339,3779,Mike Moustakas,,,343,339,330,357,382,292,350.2
340,5506,Ken Giles,,,347,342,332,350,393,,352.8
341,4571,Taijuan Walker,,,382,308,340,332,411,248,354.6
342,6840,Dakota Hudson,,,390,354,387,310,341,,356.4
343,5563,James McCann,ARI,"C,1B",393,420,323,336,311,,356.6
344,3162,Carlos Santana,,,420,356,439,,370,204,357.8
345,3409,Ian Kennedy,,,301,387,373,,282,449,358.4
346,6475,Nick Senzel,LAD,"3B,LF,CF,RF",357,368,347,362,366,,360.0
347,32787,Art Warren,,,374,388,398,307,352,,363.8
348,3691,Madison Bumgarner,,,422,359,386,,337,317,364.2
349,43840,Reid Detmers,LAA,"SP,RP",403,330,333,339,,417,364.4
350,3329,Eric Hosmer,,,410,352,377,,407,283,365.8
351,22308,Bryson Stott,PHI,"2B,3B,SS",443,413,390,331,372,336,368.4
352,4769,Joc Pederson,TEX,"1B,DH",433,403,406,,302,302,369.2
353,30850,Tyler Rogers,TOR,RP,418,381,497,,268,296,372.0
354,4257,Wilmer Flores,,,441,386,352,,380,309,373.6
355,3672,Lorenzo Cain,,,429,438,384,316,320,,377.4
356,4317,Didi Gregorius,,,456,385,422,353,272,,377.6
357,7180,Keston Hiura,LAD,"1B,2B",314,409,355,356,,457,378.2
358,10054,Jarren Duran,BOS,"LF,CF,DH",334,371,432,,330,431,379.6
359,6146,Zach Eflin,BAL,SP,446,349,367,333,408,,380.6
360,7933,Kris Bubic,LAD,SP,442,389,444,,338,375,397.6
361,6953,Nick Lodolo,CIN,SP,424,419,412,347,388,,398.0
362,4240,Brad Hand,,,340,516,485,,285,377,400.6
363,6950,Michael Soroka,ARI,"SP,RP",244,458,520,,406,382,402.0
364,7924,Grayson Rodriguez,LAA,SP,375,411,463,,381,383,402.6
365,5232,Alex Reyes,,,248,334,397,,233,,303.0
366,5706,Kyle Farmer,ATL,"1B,2B,3B,SS,DH",308,496,474,,300,444,404.4
367,5240,Raimel Tapia,,,282,311,297,,333,,305.8
368,5569,Kendall Graveman,,,458,481,491,,262,334,405.2
369,6890,Jesus Sanchez,TOR,"LF,CF,RF,DH",346,941,227,267,395,,435.2
370,7146,MacKenzie Gore,TEX,SP,406,418,473,305,355,387,407.8
371,4601,Collin McHugh,,,462,474,490,,278,340,408.8
372,4749,Tyler Matzek,,,426,484,563,,263,311,409.4
373,3865,Robinson Cano,,,436,445,459,360,,347,409.4
374,8293,Lane Thomas,ATL,"LF,CF,RF,DH",366,284,271,349,,,317.5
375,5251,Max Stassi,,,327,363,282,304,,,319.0
376,7361,Elieser Hernandez,ATL,"SP,RP",355,306,314,,,315,322.5
377,7413,Dustin May,MIL,SP,307,473,551,,400,413,428.8
378,4034,Dylan Bundy,,,270,361,404,,,313,337.0
379,5424,Rafael Ortega,,,335,347,329,345,,,339.0
380,5878,Michael Fulmer,NYY,RP,404,348,362,,246,,340.0
381,6548,Austin Nola,,,302,382,325,,361,,342.5
382,44185,Tylor Megill,NYM,SP,388,315,287,,385,,343.8
383,8427,Abraham Toro,KC,"1B,2B,3B",454,299,313,,312,,344.5
384,4587,Tyler Glasnow,LAD,SP,202,561,781,,297,351,438.4
385,3283,David Robertson,,,398,554,537,346,362,,439.4
386,7565,Kyle Finnegan,DET,RP,351,372,357,,318,,349.5
387,7573,LaMonte Wade Jr.,HOU,"1B,LF,RF",345,344,335,,375,,349.8
388,5169,Joey Wendle,,,338,357,341,,377,,353.3
389,4847,Tucker Barnhart,,,287,477,392,,258,,353.5
390,39260,Carlos Hernandez,CLE,RP,438,346,368,,,291,360.8
391,4279,Cesar Hernandez,,,428,320,338,,363,,362.3
392,3342,Evan Longoria,,,339,443,401,,273,,364.0
393,10035,Vidal Brujan,NYM,"3B,SS,OF",414,313,379,,368,,368.5
394,4649,Rich Hill,,,369,421,403,,286,,369.8
395,7261,Nate Pearson,KC,RP,416,369,431,,276,,373.0
396,6426,Chris Paddack,,,376,333,374,,413,,374.0
397,4977,Hunter Dozier,,,405,364,349,,378,,374.0
398,7847,Diego Castillo,,,397,588,633,,293,392,460.6
399,5857,Adrian Houser,SF,"SP,RP",412,350,375,,373,,377.5
400,6173,James Kaprielian,,,419,343,395,,360,,379.3
401,7111,Paul DeJong,,,430,408,391,,289,,379.5
402,4000,Wade Miley,,,333,367,429,,389,,379.5
403,5408,Miles Mikolas,,,359,396,400,364,,,379.8
404,6677,Yandy Diaz,TB,"1B,DH",459,397,372,,,299,381.8
405,9938,James Karinchak,ATL,RP,330,410,460,,332,,383.0
406,6730,Brian Anderson,,,378,401,402,361,,,385.5
407,6477,Mitch Keller,PIT,SP,417,406,396,330,,,387.3
408,6866,Ha-Seong Kim,ATL,"2B,SS",437,383,327,,,403,387.5
409,3759,Miguel Cabrera,,,,497,479,,253,322,387.8
410,4522,Yan Gomes,,,362,493,366,,334,,388.8
411,6981,Sixto Sanchez,,,324,433,442,,367,,391.5
412,8374,Merrill Kelly,ARI,SP,402,390,399,,386,,394.3
413,5497,David Peralta,,,411,430,417,,,325,395.8
414,6811,Brady Singer,CIN,SP,435,358,380,,415,,397.0
415,4616,Darin Ruf,,,450,431,383,328,,,398.0
416,7934,Nico Hoerner,CHC,"2B,SS",474,391,433,,317,,403.8
417,6619,Dane Dunning,SEA,"SP,RP",464,362,385,,414,,406.3
418,6897,Jordan Hicks,CWS,"SP,RP",399,457,464,,,326,411.5
419,7143,Emilio Pagan,CIN,RP,321,523,517,294,,,413.8
420,6686,Josh Staumont,,,448,453,450,,313,,416.0
421,6719,Ryan Yarbrough,NYY,"SP,RP",445,451,443,,,327,416.5
422,6484,Dylan Moore,PHI,"1B,2B,3B,LF,RF",479,436,456,,298,,417.3
423,5544,Hector Neris,,,440,469,441,,327,,419.3
424,4212,Pierce Johnson,CIN,RP,425,464,419,,384,,423.0
425,4794,Chris Stratton,,,394,518,449,,357,,429.5
426,39290,Luis Gil,NYY,SP,363,437,478,,,470,437.0
427,44081,Tyler Wells,TB,"SP,RP",234,,420,,,318,324.0
428,3254,Daniel Hudson,,,444,524,508,327,,,450.8
429,5990,Tyler Wade,,,499,532,416,,,369,454.0
430,7393,Brandon Marsh,PHI,"LF,CF,RF",352,331,345,,,,342.7
431,6959,Pavin Smith,ARI,"1B,DH",,378,378,,287,,347.7
432,19909,Pete Fairbanks,MIA,RP,508,517,504,,316,,461.3
433,5030,Rowdy Tellez,ATL,1B,408,341,319,,,,356.0
434,7237,Danny Jansen,TEX,C,349,407,324,,,,360.0
435,7380,Adbert Alzolay,,,,447,418,,230,,365.0
436,6310,Jacob Stallings,,,297,440,360,,,,365.7
437,5902,Tyler Naquin,,,452,353,326,,,,377.0
438,5504,Miguel Rojas,LAD,"2B,3B,SS",,376,389,366,,,377.0
439,6629,Luis Torrens,NYM,C,299,466,371,,,,378.7
440,7886,Tanner Rainey,DET,RP,391,392,353,,,,378.7
441,43673,Brennen Davis,SEA,LF,493,483,538,,,441,488.8
442,3753,Michael Pineda,,,392,379,388,,,,386.3
443,5888,Manuel Margot,,,455,394,339,,,,396.0
444,5971,Jorge Mateo,TB,"2B,SS,CF,DH",413,412,364,,,,396.3
445,7028,Aaron Bummer,,,460,538,626,,,376,500.0
446,7470,Nick Solak,SD,1B,400,393,410,,,,401.0
447,3281,David Price,,,503,559,589,,,355,501.5
448,6002,Bobby Bradley,,,,429,421,358,,,402.7
449,43643,Gavin Sheets,SD,"1B,LF,RF,DH",336,432,447,,,,405.0
450,10031,MJ Melendez,NYM,"LF,DH",421,414,381,,,,405.3
451,7005,Willie Calhoun,,,423,400,394,,,,405.7
452,4554,Kole Calhoun,,,,404,458,363,,,408.3
453,6922,Kyle Wright,,,447,590,580,,,423,510.0
454,44067,Roansy Contreras,,,,416,454,,379,,416.3
455,5978,Victor Robles,SEA,"LF,CF,RF",381,462,409,,,,417.3
456,4501,Jake Odorizzi,,,401,425,427,,,,417.7
457,5997,Willi Castro,COL,"1B,2B,3B,SS,LF,RF",472,570,518,,,499,514.8
458,4714,Jorge Alfaro,KC,C,434,470,354,,,,419.3
459,5979,Tony Kemp,,,471,417,370,,,,419.3
460,8037,Genesis Cabrera,KC,RP,457,578,685,,,346,516.5
461,44244,Jose Miranda,,,489,370,411,,,,423.3
462,5929,Carlos Estevez,KC,RP,,522,486,,264,,424.0
463,5590,Ryan Tepera,,,463,560,581,,,472,519.0
464,4776,Rougned Odor,,,,472,428,,,388,429.3
465,4905,Christian Walker,HOU,1B,453,428,408,,,,429.7
466,4483,Aaron Hicks,,,449,422,435,,,,435.3
467,5844,Pedro Severino,,,262,583,476,,,,440.3
468,7471,Nolan Gorman,STL,"2B,3B,DH",389,460,480,,,,443.0
469,44349,Steven Kwan,CLE,"LF,CF",415,465,453,,,,444.3
470,4935,Clint Frazier,,,497,434,405,,,,445.3
471,4539,Leury Garcia,,,,527,489,,321,,445.7
472,6421,Matt Manning,,,467,415,466,,,,449.3
473,6974,Seth Beer,,,396,452,501,,,,449.7
474,5634,Domingo German,,,487,426,446,,,,453.0
475,31521,Brusdar Graterol,LAD,RP,,479,562,,,319,453.3
476,23130,Josh Jung,TEX,3B,482,454,425,,,,453.7
477,6587,Edmundo Sosa,PHI,"2B,3B,SS,LF",,503,434,,,430,455.7
478,3776,Mike Minor,,,507,402,461,,,,456.7
479,4644,Trevor Rosenthal,,,317,557,516,,,,463.3
480,4509,Aaron Loup,,,480,719,647,,,349,548.8
481,32878,Jorge Alcala,,,451,508,437,,,,465.3
482,44003,Gabriel Moreno,ARI,"C,DH",431,491,477,,,,466.3
483,8377,Ramon Urias,STL,"2B,3B",468,471,467,,,,468.7
484,8083,Jake Fraley,TB,"LF,RF",427,488,495,,,,470.0
485,8660,Ryan Jeffers,MIN,"C,DH",486,499,426,,,,470.3
486,6148,J.D. Davis,,,500,461,451,,,,470.7
487,5998,Francisco Mejia,,,509,507,413,,,,476.3
488,6997,Triston Casas,BOS,1B,494,448,488,,,,476.7
489,7070,Austin Slater,TB,"LF,CF,RF",,581,540,324,,,481.7
490,8478,Tucker Davidson,PHI,RP,432,506,532,,,,490.0
491,4660,Dallas Keuchel,ATH,SP,504,455,519,,,,492.7
492,44339,Lars Nootbaar,ARI,"LF,CF,RF,DH",,563,559,,,358,493.3
493,4937,Colin Moran,,,,565,564,355,,,494.7
494,7994,Daniel Lynch,KC,"SP,RP",491,504,494,,,,496.3
495,4567,Jackie Bradley Jr.,,,,552,604,,,343,499.7
496,41015,Yoshi Tsutsugo,,,,373,350,,,,361.5
497,5478,Jace Peterson,,,,626,533,,,370,509.7
498,4482,Drew Smyly,,,505,513,511,,,,509.7
499,43886,Garrett Crochet,BOS,SP,485,521,528,,,,511.3
500,5007,A.J. Puk,ARI,RP,478,545,512,,,,511.7
501,5248,Tommy La Stella,,,518,519,502,,,,513.0
502,3622,Justin Upton,,,490,529,530,,,,516.3
503,4746,Trevor May,,,465,541,544,,,,516.7
504,7414,Edwin Rios,,,,567,526,,,460,517.7
505,5850,Tom Murphy,,,510,562,484,,,,518.7
506,5460,Aledmys Diaz,,,,647,552,,358,,519.0
507,3324,Elvis Andrus,,,501,533,525,,,,519.7
508,3022,Adam Ottavino,,,439,826,713,,,408,596.5
509,5003,Matthew Boyd,CHC,SP,385,566,636,,,,529.0
510,43871,Cade Cavalli,WSH,SP,,548,550,,,490,529.3
511,10043,Matt Vierling,DET,"LF,CF,RF",,618,535,,,437,530.0
512,5521,Nick Ahmed,,,502,537,571,,,,536.7
513,30700,Seth Brown,,,,399,414,,,,406.5
514,4931,Ross Stripling,,,513,549,554,,,,538.7
515,7679,Sam Hilliard,,,,424,407,,,,415.5
516,4351,Martin Maldonado,,,519,606,524,,,,549.7
517,8152,JT Brubaker,SF,RP,,427,423,,,,425.0
518,4928,Nick Martinez,TB,"SP,RP",,444,415,,,,429.5
519,7588,Cole Irvin,LAD,"SP,RP",,395,465,,,,430.0
520,4336,Marwin Gonzalez,,,511,838,836,,,356,635.3
521,39222,Edward Cabrera,CHC,SP,,398,469,,,,433.5
522,6196,Luke Weaver,PIT,RP,,435,440,,,,437.5
523,5097,Tyler Duffey,,,466,636,576,,,,559.3
524,3259,Danny Duffy,,,495,569,614,,,,559.3
525,3027,Albert Pujols,,,,692,695,,,312,566.3
526,7279,Garrett Cooper,,,,463,438,,,,450.5
527,4584,Michael Wacha,KC,SP,,446,455,,,,450.5
528,10177,Chas McCormick,CHC,"LF,CF,RF",,480,424,,,,452.0
529,7218,Jose Barrero,BAL,"SS,CF",,459,445,,,,452.0
530,7166,Griffin Canning,SD,"SP,RP",470,601,638,,,,569.7
531,7919,Jose Suarez,,,,449,462,,,,455.5
532,8424,Reiver Sanmartin,SF,RP,,441,472,,,,456.5
533,6257,Austin Gomber,,,,442,471,,,,456.5
534,5442,Michael A. Taylor,,,,482,436,,,,459.0
535,3251,Daniel Bard,,,384,788,549,,,,573.7
536,4797,Andrew Chafin,,,,819,667,,255,,580.3
537,7578,Tyrone Taylor,CHC,"LF,CF,RF,DH",,476,448,,,,462.0
538,3550,Johnny Cueto,,,512,610,605,,,,575.7
539,5967,Bradley Zimmer,,,,468,468,,,,468.0
540,44192,Bryan De La Cruz,PHI,"LF,RF",,467,487,,,,477.0
541,43836,Max Meyer,MIA,SP,,450,509,,,,479.5
542,8368,Mickey Moniak,COL,"LF,CF,RF,DH",,694,720,,,353,589.0
543,5890,Seth Lugo,KC,SP,,711,662,,,401,591.3
544,6041,Kyle Freeland,COL,SP,,456,521,,,,488.5
545,5636,Tyler Anderson,,,,489,492,,,,490.5
546,5588,Amir Garrett,,,342,780,664,,,,595.3
547,8446,Zach Thompson,,,,510,475,,,,492.5
548,4764,Austin Adams,,,,,770,,216,,493.0
549,41486,Kwang Hyun Kim,,,,736,607,,,447,596.7
550,4581,Jurickson Profar,ATL,LF,,509,482,,,,495.5
551,7507,Luis Garcia,NYY,"1B,2B,DH",,487,506,,,,496.5
552,7154,Nick Pratto,,,,494,499,,,,496.5
553,8285,Kyle Isbel,KC,CF,,515,481,,,,498.0
554,5036,Christian Arroyo,,,,739,672,,,395,602.0
555,8287,Spencer Howard,,,,492,513,,,,502.5
556,7176,Trevor Larnach,MIN,"LF,RF,DH",,485,522,,,,503.5
557,6012,Reynaldo Lopez,ATL,"SP,RP",,502,507,,,,504.5
558,4976,Michael Lorenzen,TOR,"SP,RP",,514,496,,,,505.0
559,7659,William Contreras,MIL,"C,DH",,813,630,,,381,608.0
560,6823,Carter Kieboom,PHI,"1B,2B,3B",,511,500,,,,505.5
561,5032,Matt Duffy,,,,835,597,,,415,615.7
562,5034,Yu Chang,,,,844,634,,,385,621.0
563,8265,Alek Thomas,LAD,CF,,498,527,,,,512.5
564,6457,Jonah Heim,ATH,"C,1B,DH",,556,470,,,,513.0
565,8513,Jasson Dominguez,NYY,"LF,CF,RF,DH",,607,,,,420,513.5
566,5193,Yimi Garcia,TOR,RP,477,767,592,,,,612.0
567,44924,Juan Yepez,,,,540,498,,,,519.0
568,7370,Brad Keller,PHI,RP,,512,529,,,,520.5
569,3581,Jose Iglesias,,,,539,503,,,,521.0
570,5969,Brett Phillips,,,,926,645,,,398,656.3
571,6676,Andy Ibanez,SEA,"2B,3B",,530,514,,,,522.0
572,4684,Brad Miller,,,,564,483,,,,523.5
573,3459,Jason Heyward,,,,822,678,,,371,623.7
574,5727,Jose Siri,LAA,"LF,CF,RF",,528,523,,,,525.5
575,8474,Santiago Espinal,ARI,"2B,3B,LF,RF",,555,505,,,,530.0
576,5531,Phil Gosselin,,,,967,675,,,386,676.0
577,3567,Jordan Lyles,,,,495,569,,,,532.0
578,6634,Vladimir Gutierrez,,,,505,561,,,,533.0
579,7369,Victor Reyes,,,481,777,611,,,,623.0
580,20405,George Kirby,SEA,SP,,490,578,,,,534.0
581,5930,Antonio Senzatela,MIL,"SP,RP",,478,591,,,,534.5
582,6013,Dillon Tate,LAA,RP,469,704,699,,,,624.0
583,43712,Jack Leiter,TEX,SP,,720,788,,,367,625.0
584,39153,Leody Taveras,BAL,"CF,RF",,534,539,,,,536.5
585,5080,Victor Caratini,MIN,"C,1B,DH",517,858,567,,,,647.3
586,43650,Codi Heuer,BAL,RP,,526,558,,,,542.0
587,43639,Alex Vesia,LAD,RP,,859,689,,,397,648.3
588,24281,Andres Munoz,SEA,RP,,535,555,,,,545.0
589,7536,Edward Olivares,,,,550,541,,,,545.5
590,4076,Chris Archer,,,498,742,660,,,,633.3
591,5693,Anthony Alford,,,,585,515,,,,550.0
592,4268,Jake Diekman,,,506,761,637,,,,634.7
593,10153,Zach McKinstry,DET,"2B,3B,SS,LF,CF,RF",,866,649,,,455,656.7
594,6946,Michael Chavis,CIN,"1B,2B,3B",,547,557,,,,552.0
595,43704,Anthony Volpe,NYY,SS,,701,798,,,414,637.7
596,6570,Miguel Andujar,SD,"3B,LF,DH",,786,655,,,473,638.0
597,8457,Cal Raleigh,SEA,"C,DH",,584,534,,,,559.0
598,4980,Chad Pinder,,,,576,546,,,,561.0
599,5302,Jiman Choi,,,,575,547,,,,561.0
600,5977,Tyler Beede,CHC,RP,,587,536,,,,561.5
601,6447,Taylor Hearn,,,,558,565,,,,561.5
602,6921,Kyle Muller,,,,543,584,,,,563.5
603,5960,Nick Gordon,,,,573,556,,,,564.5
604,5655,Alex Dickerson,,,,,703,,,427,565.0
605,4705,Gregory Polanco,,,,990,773,,,359,707.3
606,6923,Kyler Murray,,,,710,,,,422,566.0
607,5579,Spencer Patton,,,483,795,658,,,,645.3
608,7544,Thairo Estrada,,,,913,692,,,443,682.7
609,5842,Zach Davies,,,492,830,646,,,,656.0
610,4113,Jose Quintana,COL,SP,,592,548,,,,570.0
611,6054,Josh Naylor,SEA,"1B,DH",,574,568,,,,571.0
612,7653,Cristian Pache,NYM,"LF,CF,RF",,571,572,,,,571.5
613,5644,Hanser Alberto,,,,,738,,,406,572.0
614,7030,A.J. Minter,MIN,RP,,878,783,,,362,674.3
615,5700,Mychal Givens,,,,596,553,,,,574.5
616,4652,Joe Kelly,,,,,831,,,348,589.5
617,5324,Hunter Strickland,,,475,793,686,,,,651.3
618,10160,Jake Meyers,HOU,CF,,553,599,,,,576.0
619,44222,Glenn Otto,HOU,RP,,568,585,,,,576.5
620,7455,Luis Campusano,SD,"C,DH",,611,543,,,,577.0
621,6029,Erick Fedde,CWS,"SP,RP",,572,583,,,,577.5
622,5985,Cole Tucker,,,,577,579,,,,578.0
623,3936,Shin-Soo Choo,,,,,1040,,,357,698.5
624,7177,Seranthony Dominguez,SEA,RP,,911,722,,,439,690.7
625,4559,James Paxton,,,,551,610,,,,580.5
626,4636,Billy Hamilton,,,,,918,,,363,640.5
627,5131,Kevin Kiermaier,,,,595,570,,,,582.5
628,9985,Kevin Smith,,,,365,1276,,,,820.5
629,6533,Johan Camargo,,,,922,780,,,389,697.0
630,26308,Lewin Diaz,,,,582,588,,,,585.0
631,6584,Clay Holmes,CHC,SP,,919,779,,,393,697.0
632,8157,Kyle Keller,BOS,RP,,,1223,,,373,798.0
633,6553,Thyago Vieira,,,,,1112,,,378,745.0
634,43804,Bobby Miller,LAD,SP,,909,847,,,380,712.0
635,4185,Sean Doolittle,,,,931,868,,,391,730.0
636,5858,Jorge Lopez,,,473,815,721,,,,669.7
637,4386,Matt Carpenter,,,,,825,,,394,609.5
638,6732,Richard Rodriguez,,,407,789,,,,,598.0
639,7123,Henry Ramos,,,,,1128,,,396,762.0
640,5639,Travis Shaw,,,,,806,,,400,603.0
641,4238,Steve Cishek,,,496,918,706,,,,706.7
642,6158,Rio Ruiz,,,,,1316,,,402,859.0
643,7329,Tim Locastro,,,,,856,,,404,630.0
644,4593,Yasiel Puig,,,,,966,,,405,685.5
645,10618,Otto Lopez,MIA,"2B,SS",,,1005,,,411,708.0
646,44078,Sam Long,,,,586,631,,,,608.5
647,5710,Sergio Alcantara,,,,989,834,,,416,746.3
648,5625,Hansel Robles,,,515,,704,,,,609.5
649,5529,Roberto Perez,,,,727,493,,,,610.0
650,7055,Willians Astudillo,,,,,850,,,419,634.5
651,4561,Dan Straily,,,,602,621,,,,611.5
652,7132,Mitch White,,,,660,566,,,,613.0
653,8335,Connor Wong,BOS,C,,,1024,,,425,724.5
654,4173,Garrett Richards,,,514,938,714,,,,722.0
655,8617,Jose Rojas,NYM,"2B,3B,RF",,,1051,,,432,741.5
656,36677,Victor Gonzalez,,,,,1182,,,433,807.5
657,6758,Luis Guillorme,,,,972,1105,,,434,837.0
658,5663,Odubel Herrera,,,,629,608,,,,618.5
659,4879,Renato Nunez,,,,,1048,,,436,742.0
660,5090,Jake Bauers,MIL,"1B,LF,RF",,,908,,,438,673.0
661,6751,Niko Goodrum,,,,682,560,,,,621.0
662,44139,Yoelqui Cespedes,,,,936,878,,,442,752.0
663,3650,Kurt Suzuki,,,488,,758,,,,623.0
664,3505,Jesse Chavez,,,,891,1241,,,445,859.0
665,4513,Archie Bradley,,,,,895,,,446,670.5
666,10179,Yadiel Hernandez,,,,658,593,,,,625.5
667,4811,Ronald Torreyes,,,,,907,,,450,678.5
668,10188,Jared Oliva,,,,,934,,,453,693.5
669,6504,Pat Valaika,,,,,1252,,,458,855.0
670,5546,Jake Lamb,,,,,1055,,,459,757.0
671,6776,Jon Berti,,,,688,574,,,,631.0
672,44200,Hirokazu Sawamura,,,,,1022,,,461,741.5
673,44886,Cody Morris,,,,664,601,,,,632.5
674,7089,Yermin Mercedes,,,520,915,749,,,,728.0
675,3031,Alcides Escobar,,,,667,603,,,,635.0
676,4518,Delino DeShields,,,,,1125,,,469,797.0
677,4072,Corey Dickerson,,,,689,582,,,,635.5
678,45007,Ethan Roberts,CHC,RP,,837,1109,,,471,805.7
679,5459,Ben Gamel,,,,696,577,,,,636.5
680,7673,Matt Beaty,,,,687,586,,,,636.5
681,5900,Alec Mills,,,,621,652,,,,636.5
682,6875,Jackson Kowar,BAL,RP,,630,644,,,,637.0
683,6918,Kohei Arihara,,,,,1226,,,477,851.5
684,4967,Oscar Mercado,PHI,"LF,RF",,673,606,,,,639.5
685,4258,Chris Owings,,,,,923,,,478,700.5
686,6750,Phillip Evans,,,,,1194,,,480,837.0
687,43660,John Nogowski,,,,,1023,,,481,752.0
688,8563,Alan Trejo,,,484,,1186,,,,835.0
689,6544,Aristides Aquino,,,,666,620,,,,643.0
690,6539,Tomas Nido,BOS,C,,,819,,,485,652.0
691,7322,Andres Machado,,,,,1280,,,486,883.0
692,43930,Eli Morgan,NYY,RP,,622,666,,,,644.0
693,7459,Matthew Liberatore,STL,SP,,675,615,,,,645.0
694,4996,Andrew Knapp,,,,,978,,,489,733.5
695,44355,Bryan Lavastida,ATH,C,,,891,,,493,692.0
696,5901,Matt Strahm,,,,885,867,,,495,749.0
697,5961,Sean Newcomb,CWS,"SP,RP",,,1104,,,497,800.5
698,5825,Travis Jankowski,,,,,1094,,,498,796.0
699,43641,Sam Huff,BAL,C,,678,624,,,,651.0
700,4148,Manny Pina,,,,763,542,,,,652.5
701,43756,Taylor Walls,TB,SS,,724,590,,,,657.0
702,4706,Heath Hembree,,,516,,844,,,,680.0
703,8375,Joshua Fuentes,,,521,,814,,,,667.5
704,6419,Justin Dunn,LAA,SP,,734,594,,,,664.0
705,3479,Jed Lowrie,,,,709,622,,,,665.5
706,5861,Luis Cessa,,,,732,600,,,,666.0
707,6627,Caleb Smith,,,,729,609,,,,669.0
708,7664,Julian Merryweather,MIN,RP,,726,613,,,,669.5
709,7159,Julio Rodriguez,,,,542,865,,,,703.5
710,5217,Kirby Yates,PIT,RP,,691,657,,,,674.0
711,4683,Brad Boxberger,,,,776,575,,,,675.5
712,8681,Tyler Alexander,TEX,"SP,RP",,779,573,,,,676.0
713,5070,Mike Mayers,,,,733,629,,,,681.0
714,6482,Brent Suter,ATL,"SP,RP",,758,612,,,,685.0
715,8158,Justin Steele,CHC,SP,,728,643,,,,685.5
716,5020,Dom Nunez,CLE,C,,775,598,,,,686.5
717,43732,Geraldo Perdomo,ARI,SS,,731,642,,,,686.5
718,39133,Daulton Jefferies,,,,766,617,,,,691.5
719,6550,Jose Alvarado,PHI,RP,,768,618,,,,693.0
720,4680,Austin Hedges,CLE,C,,827,587,,,,707.0
721,5646,Luke Jackson,,,,712,683,,,,697.5
722,5684,Kevin Plawecki,,,,834,595,,,,714.5
723,7275,David Peterson,CHC,"SP,RP",,908,596,,,,752.0
724,6967,Royce Lewis,MIN,"1B,2B,3B",,707,691,,,,699.0
725,10128,Nolan Jones,SEA,"LF,CF,RF",,750,659,,,,704.5
726,7417,Everson Pereira,STL,"LF,CF,RF,DH",,608,1163,,,,885.5
727,7023,Jose Trevino,CIN,C,,876,616,,,,746.0
728,6615,Mauricio Dubon,ATL,"2B,3B,SS,LF,CF",,832,619,,,,725.5
729,4411,Drew Pomeranz,CHC,"SP,RP",,806,623,,,,714.5
730,8370,Tyler Gilbert,CWS,"SP,RP",,685,740,,,,712.5
731,3387,Greg Holland,,,,802,625,,,,713.5
732,44069,A.J. Alexy,,,,764,663,,,,713.5
733,6044,Kevin Newman,KC,"1B,2B,3B,SS",,803,627,,,,715.0
734,5533,Curt Casali,,,,910,628,,,,769.0
735,5732,Touki Toussaint,,,,714,717,,,,715.5
736,4725,Maikel Franco,,,,934,632,,,,783.0
737,5633,Austin Barnes,,,,853,635,,,,744.0
738,6449,J.P. Feyereisen,,,,769,671,,,,720.0
739,43678,Riley Adams,WSH,C,,881,639,,,,760.0
740,10074,Jake Burger,TEX,1B,,882,640,,,,761.0
741,4583,Andrelton Simmons,,,,870,641,,,,755.5
742,10050,Isaac Paredes,HOU,"1B,3B,DH",,680,764,,,,722.0
743,7484,Ryan Weathers,NYY,SP,,760,687,,,,723.5
744,3334,Eric Thames,,,,770,679,,,,724.5
745,4734,Robert Stephenson,LAA,RP,,939,648,,,,793.5
746,43830,Jordan Walker,STL,"LF,RF,DH",,650,1029,,,,839.5
747,4697,Daniel Vogelbach,,,,841,650,,,,745.5
748,8485,Mike Brosseau,,,,861,651,,,,756.0
749,7922,Cole Winn,TEX,RP,,820,653,,,,736.5
750,8024,Diego Cartaya,,,,655,1190,,,,922.5
751,5702,Stephen Piscotty,,,,875,656,,,,765.5
752,4710,Joe Ross,TEX,RP,,721,737,,,,729.0
753,43842,Robert Hassell III,PIT,"CF,RF",,661,1273,,,,967.0
754,6942,Matt Thaiss,HOU,C,,920,661,,,,790.5
755,6777,Greg Allen,,,,945,665,,,,805.0
756,8025,Marco Luciano,NYY,"2B,SS",,668,1090,,,,879.0
757,5274,Kevin Pillar,,,,921,668,,,,794.5
758,43695,Orelvis Martinez,,,,669,1154,,,,911.5
759,8361,Tony Santillan,CIN,RP,,951,669,,,,810.0
760,43686,Francisco Alvarez,NYM,"C,DH",,670,986,,,,828.0
761,3454,Jason Castro,,,,940,670,,,,805.0
762,6234,Adam Engel,,,,798,674,,,,736.0
763,6641,Josh VanMeter,,,,975,673,,,,824.0
764,44024,Dylan Coleman,,,,964,676,,,,820.0
765,23991,Ethan Small,,,,676,845,,,,760.5
766,7065,Steven Duggar,,,,937,677,,,,807.0
767,6004,Brent Honeywell Jr.,SD,RP,,899,680,,,,789.5
768,44282,Spencer Strider,ATL,SP,,851,681,,,,766.0
769,4943,Ryne Stanek,STL,RP,,781,702,,,,741.5
770,6125,Paolo Espino,,,,865,682,,,,773.5
771,4591,Donovan Solano,,,,927,684,,,,805.5
772,7250,Colton Welker,,,,847,688,,,,767.5
773,23993,Corbin Carroll,ARI,"CF,RF",,693,1017,,,,855.0
774,7500,Travis Swaggerty,,,,943,693,,,,818.0
775,6232,Tyler White,,,,695,1332,,,,"1,013.5"
776,7397,Bryse Wilson,MIL,"SP,RP",,855,696,,,,775.5
777,44073,Bailey Falter,ATL,SP,,893,697,,,,795.0
778,6711,Joey Krehbiel,,,,700,1147,,,,923.5
779,8519,Wil Crowe,,,,991,700,,,,845.5
780,7264,Clarke Schmidt,NYY,SP,,843,701,,,,772.0
781,7107,Andrew Knizner,SF,C,,997,705,,,,851.0
782,8614,Yonny Hernandez,NYM,"2B,3B",,880,707,,,,793.5
783,44219,Jake Cousins,LAD,RP,,868,708,,,,788.0
784,7663,David Bote,LAD,3B,,791,719,,,,755.0
785,3417,J.A. Happ,,,,979,710,,,,844.5
786,5022,Zack Collins,,,,925,711,,,,818.0
787,43845,Tyler Soderstrom,ATH,"1B,LF,DH",,713,1032,,,,872.5
788,7225,Evan White,,,,784,732,,,,758.0
789,7666,Kelvin Gutierrez,,,,929,715,,,,822.0
790,8044,Bruce Zimmermann,STL,"SP,RP",,957,716,,,,836.5
791,39233,Deivi Garcia,,,,935,718,,,,826.5
792,43847,Zac Veen,COL,"LF,RF",,722,970,,,,846.0
793,43974,Josh Fleming,STL,RP,,903,723,,,,813.0
794,3239,Craig Stammen,,,,956,725,,,,840.5
795,7927,Jordan Groshans,ATL,3B,,725,838,,,,781.5
796,8534,Ben Rortvedt,LAD,C,,928,726,,,,827.0
797,44894,Vinnie Pasquantino,KC,"1B,DH",,857,727,,,,792.0
798,6018,Daz Cameron,TOR,"LF,CF,RF",,874,729,,,,801.5
799,39264,Miguel Yajure,,,,946,730,,,,838.0
800,43979,Joan Adon,,,,953,733,,,,843.0
801,43881,Austin Martin,MIN,"2B,LF,CF,RF",,787,748,,,,767.5
802,6071,Taylor Ward,SEA,"LF,RF,DH",,980,734,,,,857.0
803,39212,Elehuris Montero,,,,986,736,,,,861.0
804,24863,JJ Bleday,CIN,"LF,CF,RF,DH",,796,742,,,,769.0
805,8489,Michael King,SD,SP,,983,739,,,,861.0
806,8305,Brayan Rocchio,CLE,"2B,SS",,740,1234,,,,987.0
807,5362,Brooks Raley,PHI,RP,,924,741,,,,832.5
808,6321,Tim Mayza,PHI,"SP,RP",,894,743,,,,818.5
809,7318,Brent Rooker,ATH,"LF,RF,DH",,856,744,,,,800.0
810,43924,Michael Harris II,ATL,CF,,745,1039,,,,892.0
811,3501,Martin Perez,ATL,SP,,860,745,,,,802.5
812,10033,Heliot Ramos,NYY,"LF,CF,RF",,901,746,,,,823.5
813,7667,Yonathan Daza,,,,982,751,,,,866.5
814,4822,Masahiro Tanaka,,,,752,917,,,,834.5
815,7262,Jeter Downs,,,,905,753,,,,829.0
816,20680,Daniel Espino,CLE,"SP,RP",,754,967,,,,860.5
817,5167,J.B. Wendelken,,,,965,755,,,,860.0
818,5881,JT Chargois,,,,981,756,,,,868.5
819,44360,Josh Winder,PHI,RP,,930,759,,,,844.5
820,5247,Carlos Martinez,,,,958,760,,,,859.0
821,8034,Jhoan Duran,PHI,RP,,950,761,,,,855.5
822,43874,Nick Gonzales,PIT,"2B,3B,SS,DH",,762,848,,,,805.0
823,8301,Miguel Vargas,CWS,"1B,3B,DH",,871,763,,,,817.0
824,44226,Hoy Park,,,,992,766,,,,879.0
825,43749,Oswald Peraza,LAA,"1B,2B,3B,SS,DH",,884,771,,,,827.5
826,7224,Drew Waters,KC,"LF,CF,RF",,949,772,,,,860.5
827,5689,Matt Wisler,,,,971,774,,,,872.5
828,4277,Freddy Galvis,,,,864,775,,,,819.5
829,6010,Kolby Allard,PHI,"SP,RP",,904,778,,,,841.0
830,7672,DJ Peters,,,,778,803,,,,790.5
831,7423,George Valera,CLE,"LF,RF,DH",,782,974,,,,878.0
832,5033,Harold Castro,,,,933,782,,,,857.5
833,4834,Lewis Brinson,,,,960,787,,,,873.5
834,20757,Brett Baty,NYM,"1B,2B,3B,LF,RF,DH",,845,789,,,,817.0
835,6046,Justus Sheffield,,,,906,790,,,,848.0
836,6417,Taylor Trammell,HOU,"LF,CF,RF",,797,795,,,,796.0
837,6828,Chris Rodriguez,,,,792,1319,,,,"1,055.5"
838,7488,Sheldon Neuse,,,,862,800,,,,831.0
839,5939,Kenta Maeda,,,,801,846,,,,823.5
840,44326,Pedro Leon,PHI,RF,,810,802,,,,806.0
841,23372,Gunnar Henderson,BAL,"SS,DH",,804,1214,,,,"1,009.0"
842,7665,Yonny Chirinos,,,,998,807,,,,902.5
843,10118,Trevor Megill,MIL,RP,,955,809,,,,882.0
844,6129,Paul Fry,,,,818,870,,,,844.0
845,43825,Emerson Hancock,SEA,"SP,RP",,823,926,,,,874.5
846,8164,Nick Anderson,ATH,RP,,999,824,,,,911.5
847,7751,Jake Woodford,TB,RP,,969,832,,,,900.5
848,23367,Quinn Priester,MIL,"SP,RP",,836,1247,,,,"1,041.5"
849,7850,Spencer Turnbull,,,,839,989,,,,914.0
850,23859,Michael Busch,CHC,1B,,968,839,,,,903.5
851,10000,Derek Hill,PHI,"LF,CF,RF,DH",,985,843,,,,914.0
852,3600,Josh Reddick,,,,848,1097,,,,972.5
853,10063,Owen Miller,CHC,"2B,3B,SS,LF",,898,849,,,,873.5
854,8039,Devin Smeltzer,,,,854,1028,,,,941.0
855,10084,Gabriel Arias,CHC,"2B,3B,SS",,932,859,,,,895.5
856,44502,Brendon Davis,,,,886,862,,,,874.0
857,7496,Taylor Widener,,,,917,873,,,,895.0
858,43731,Tucupita Marcano,,,,961,874,,,,917.5
859,6865,Hans Crouse,SD,RP,,974,875,,,,924.5
860,7335,Jalen Beeks,TEX,RP,,994,881,,,,937.5
861,6927,Lewis Thorpe,,,,883,1052,,,,967.5
862,4013,Wilson Ramos,,,,952,884,,,,918.0
863,38313,Ryan Pepiot,TB,SP,,973,887,,,,930.0
864,44593,Joey Wiemer,CWS,"LF,CF,RF",,888,1264,,,,"1,076.0"
865,43932,Nick Sandlin,DET,RP,,948,894,,,,921.0
866,6859,Garrett Mitchell,MIL,"CF,RF",,895,1152,,,,"1,023.5"
867,3319,Edwin Encarnacion,,,,896,1331,,,,"1,113.5"
868,8515,Kyle Garlick,,,,897,1217,,,,"1,057.0"
869,43619,Peyton Battenfield,,,,966,899,,,,932.5
870,43709,Oscar Colas,,,,914,955,,,,934.5
871,5471,Aaron Brooks,TB,"SP,RP",,942,920,,,,931.0
872,44317,Austin Warren,NYM,RP,,959,1021,,,,990.0
873,10024,Tyler Freeman,COL,"2B,RF,DH",,963,993,,,,978.0
874,4557,Jake Marisnick,,,,977,1153,,,,"1,065.0"
875,8254,Kristian Robinson,ARI,"CF,RF",,978,1198,,,,"1,088.0"
876,20342,Zack Thompson,STL,RP,,984,1027,,,,"1,005.5"
877,6501,Wandy Peralta,SD,"SP,RP",,987,1208,,,,"1,097.5"
