mlbam_id,name,season,birth_date,primary_pos,bats,team,G,PA,AB,H,2B,3B,HR,R,RBI,BB,HBP,SB,CS,K,SF,1B,E,CSA,AOF,g_C,g_1B,g_2B,g_3B,g_SS,g_OF,g_DH,player_age,pa_savant,k_percent,bb_percent,batting_avg,slg_percent,on_base_percent,isolated_power,babip,xba,xslg,woba,xwoba,xobp,xiso,wobacon,xwobacon,xbadiff,xslgdiff,wobadiff,exit_velocity_avg,launch_angle_avg,sweet_spot_percent,barrel_batted_rate,hard_hit_percent,avg_best_speed,avg_hyper_speed,z_swing_percent,oz_swing_percent,oz_contact_percent,iz_contact_percent,whiff_percent,swing_percent,pull_percent,groundballs_percent,flyballs_percent,linedrives_percent,popups_percent,avg_swing_length,avg_swing_speed,blasts_swing,squared_up_swing,fast_swing_rate,attack_angle,ideal_angle_rate,swing_take_run_value,sprint_speed,hp_to_1b,b_hit_fly,b_hit_ground,b_hit_line_drive,batted_ball,meatball_swing_percent,f_strike_percent,nkey,team_abbr,adp_name,adp_team,adp_pos,adp,adp_hitter_rank,adp_nfbc,adp_fantrax,pts,age,pts_g,pts_pa,final_hitter_rank,elig,elig_next,undrafted,adp_hitter_rank_f,exp_pts,exp_pts_g,pts_over_exp,ppg_over_exp,rank_gain,beat,big_beat,produced_like_rank,bust,prev_best_pts,jump
701807,Carson Benge,2026,2003-01-20,OF,L,New York Mets,156,654,595,168,22,3,20,86,65,50,8,22,5,142,1,123,6,0,10,0,0,0,0,0,164,1,23.0,654.0,21.7,7.6,0.282,0.43,0.346,0.148,0.341,0.279,0.438,0.342,0.341,0.342,0.158,0.403,0.403,0.003,-0.008,0.001,88.8,12.1,38.1,7.3,38.8,99.519345378,93.954813653,63.8,28.0,61.3,86.3,21.4,45.8,32.6,42.7,27.5,26.7,3.1,6.6,71.0,10.6,25.3,17.0,6.7,41.4,16.0,28.6,4.27,33.0,55.0,80.0,454.0,77.8,54.8,carson benge,NYM,Carson Benge,NYM,"LF,CF,RF",298.6,180.0,330.0,332.0,713.0,23.4,4.57051282051282,1.0902140672782874,27,OF,OF,False,180.0,379.45454545454544,3.18680233337683,333.54545454545456,1.3837104871359904,153.0,True,True,1,False,0.0,713.0
805808,Kevin McGonigle,2026,2004-08-18,SS,L,Detroit Tigers,156,707,605,168,28,5,18,97,72,95,3,12,4,100,4,117,19,0,0,0,0,0,94,96,0,5,21.0,707.0,14.1,13.4,0.278,0.43,0.376,0.152,0.305,0.264,0.445,0.357,0.355,0.364,0.182,0.362,0.36,0.014,-0.015,0.002,87.8,19.5,36.3,7.3,37.6,98.454122638,93.40873561,67.2,19.6,66.7,89.0,16.2,42.9,37.1,33.8,35.6,22.8,7.9,6.9,71.2,10.5,29.9,16.0,15.3,49.8,24.0,28.2,4.35,38.0,49.0,80.0,509.0,76.6,55.0,kevin mcgonigle,DET,Kevin McGonigle,DET,"3B,SS",248.4,152.0,264.0,245.0,712.0,21.9,4.564102564102564,1.007072135785007,28,3B/SS,3B/SS,False,152.0,425.5,3.7174234694899297,286.5,0.8466790946126341,124.0,True,True,1,False,0.0,712.0
701398,Sal Stewart,2026,2003-12-07,1B,R,Cincinnati Reds,162,700,623,164,25,0,32,87,111,63,4,15,8,155,10,107,4,0,0,0,117,8,45,0,0,11,22.0,700.0,22.1,9.0,0.263,0.457,0.33,0.194,0.296,0.256,0.466,0.339,0.343,0.324,0.21,0.402,0.409,0.007,-0.009,-0.004,90.5,12.9,35.4,12.2,41.6,100.796886111,94.787875589,69.1,32.1,61.8,78.8,27.0,49.6,32.2,45.0,27.8,22.8,4.4,7.6,72.1,11.7,24.3,26.6,11.5,54.8,13.0,26.6,4.68,41.0,57.0,66.0,478.0,77.5,61.6,sal stewart,CIN,Sal Stewart,CIN,"1B,2B,3B,DH",190.0,113.0,190.0,190.0,755.0,22.6,4.660493827160494,1.0785714285714285,13,1B/3B,1B/3B,False,113.0,560.7627118644068,4.015944775657477,194.2372881355932,0.6445490515030166,100.0,True,True,1,False,65.0,690.0
681198,TJ Rumfield,2026,2000-05-17,1B,L,Colorado Rockies,155,631,547,164,30,3,16,67,73,72,10,0,0,86,2,115,7,0,0,0,139,0,0,0,0,11,26.0,631.0,13.6,11.4,0.3,0.453,0.39,0.153,0.331,0.261,0.386,0.373,0.333,0.357,0.125,0.384,0.329,0.039,0.067,0.04,84.3,15.7,37.4,5.0,27.9,96.180816261,92.096667739,70.6,30.4,61.5,91.7,18.8,48.3,40.8,39.5,28.7,25.7,6.0,6.5,68.4,6.4,25.0,7.5,8.9,44.2,29.0,24.9,4.72,37.0,39.0,88.0,463.0,82.4,62.4,tj rumfield,COL,,,,,,,,627.0,26.1,4.04516129032258,0.993660855784469,61,1B,1B,True,339.0,172.67,2.396692273871662,454.33000000000004,1.6484690164509184,278.0,True,True,40,False,0.0,627.0
695600,Carter Jensen,2026,2003-07-03,C,L,Kansas City Royals,149,603,527,126,35,2,27,80,81,65,4,2,1,170,7,62,5,19,0,106,0,0,0,0,0,42,22.0,603.0,28.2,10.8,0.239,0.467,0.323,0.228,0.294,0.217,0.423,0.341,0.318,0.304,0.206,0.434,0.395,0.022,0.044,0.023,91.5,20.6,33.0,12.7,44.8,102.069247033,95.57430843,67.5,24.1,45.1,80.4,29.7,44.7,41.8,32.7,38.7,19.5,9.1,7.1,73.9,11.3,23.2,37.4,6.7,48.8,14.0,27.8,4.37,38.0,41.0,46.0,364.0,75.4,55.7,carter jensen,KC,Carter Jensen,KC,"C,DH",230.0,139.0,182.0,320.0,641.0,23.0,4.302013422818792,1.0630182421227197,52,C,C,False,139.0,425.5,3.7174234694899297,215.5,0.5845899533288623,87.0,True,True,40,False,89.0,552.0
641343,Jake Bauers,2026,1995-10-06,1B,L,Milwaukee Brewers,144,578,477,127,22,2,26,93,86,94,4,11,6,156,3,77,10,0,0,0,119,0,0,0,48,4,30.0,578.0,27.0,16.3,0.266,0.484,0.389,0.218,0.339,0.253,0.467,0.381,0.371,0.376,0.214,0.472,0.454,0.013,0.017,0.01,92.1,12.1,38.6,14.0,51.9,103.241504938,96.516969938,62.0,21.7,40.1,82.1,29.8,40.6,41.0,41.0,29.9,25.6,3.4,7.7,76.5,14.5,23.4,68.1,10.9,48.2,27.0,26.9,4.49,33.0,35.0,59.0,324.0,75.3,60.1,jake bauers,MIL,Jake Bauers,MIL,"1B,LF,RF",810.5,316.0,1189.0,,658.0,30.7,4.569444444444445,1.1384083044982698,43,1B/OF,1B/OF,False,316.0,172.67,2.396692273871662,485.33000000000004,2.1727521705727826,273.0,True,True,1,False,335.0,323.0
691023,Jordan Walker,2026,2002-05-22,OF,R,St. Louis Cardinals,158,667,609,164,33,0,29,97,102,50,4,22,5,174,4,102,8,0,9,0,0,0,0,0,149,7,24.0,667.0,26.1,7.5,0.269,0.466,0.327,0.197,0.329,0.263,0.462,0.344,0.34,0.322,0.198,0.437,0.431,0.006,0.004,0.004,92.6,11.8,32.3,13.2,49.9,104.782178227,96.841838884,71.1,35.9,49.1,78.7,32.3,52.1,38.7,42.8,24.4,24.6,8.2,8.3,79.3,15.5,19.8,85.5,6.0,48.3,15.0,29.1,4.35,35.0,53.0,76.0,439.0,77.0,67.6,jordan walker,STL,Jordan Walker,STL,"LF,RF,DH",379.3,229.0,345.0,370.0,777.0,24.1,4.917721518987341,1.1649175412293853,8,OF,OF,False,229.0,341.7741935483871,3.088741546261319,435.2258064516129,1.8289799727260223,221.0,True,True,1,False,480.0,297.0
695734,Daylen Lile,2026,2002-11-30,OF,L,Washington Nationals,160,655,602,148,28,8,22,81,89,40,6,15,7,127,7,90,2,0,4,0,0,0,0,0,144,24,23.0,655.0,19.4,6.1,0.246,0.429,0.296,0.183,0.274,0.255,0.442,0.312,0.324,0.304,0.187,0.36,0.375,-0.009,-0.013,-0.012,88.6,19.2,37.8,9.6,38.0,99.074034958,93.689429833,76.2,38.5,61.0,85.5,23.6,55.8,40.7,32.4,38.2,23.0,6.4,7.5,71.5,10.2,24.9,12.8,12.3,54.9,-8.0,29.4,4.21,42.0,33.0,73.0,482.0,84.5,63.8,daylen lile,WSH,Daylen Lile,WSH,"LF,RF,DH",198.4,117.0,204.0,196.0,673.0,23.6,4.20625,1.0274809160305343,39,OF,OF,False,117.0,560.7627118644068,3.8958333333333335,112.23728813559319,0.31041666666666634,78.0,True,False,1,False,400.0,273.0
678246,Miguel Vargas,2026,1999-11-17,3B,R,Chicago White Sox,159,704,588,147,31,1,33,106,93,101,7,22,2,126,7,82,14,0,0,0,32,0,140,0,0,6,26.0,704.0,17.9,14.3,0.25,0.474,0.363,0.224,0.261,0.263,0.496,0.363,0.378,0.371,0.233,0.387,0.41,-0.013,-0.022,-0.015,90.1,20.5,39.4,13.0,43.8,100.367790769,94.615853953,68.9,20.9,68.6,82.4,21.0,43.9,46.7,30.1,35.4,23.9,10.7,7.8,73.9,13.0,26.3,42.4,12.8,64.9,28.0,28.6,4.37,44.0,32.0,69.0,469.0,75.3,59.6,miguel vargas,CWS,Miguel Vargas,CWS,"1B,3B,DH",289.0,174.0,273.0,229.0,785.0,26.6,4.937106918238993,1.1150568181818181,7,1B/3B,1B/3B,False,174.0,379.45454545454544,3.2573529411764706,405.54545454545456,1.6797539770625227,167.0,True,True,1,False,529.0,256.0
672515,Gabriel Moreno,2026,2000-02-14,C,R,Arizona Diamondbacks,130,549,473,147,33,1,16,72,83,61,5,6,4,80,10,97,3,14,0,104,0,0,1,0,0,25,26.0,549.0,14.6,11.1,0.311,0.486,0.388,0.175,0.339,0.289,0.451,0.38,0.363,0.372,0.162,0.403,0.38,0.022,0.035,0.017,89.3,12.9,36.2,7.7,42.2,99.899212438,94.093065075,55.2,28.7,75.1,90.4,15.5,41.1,35.2,41.9,25.3,26.6,6.2,7.1,71.7,12.4,28.3,22.7,8.5,41.5,24.0,26.2,4.49,24.0,46.0,76.0,403.0,58.6,59.9,gabriel moreno,ARI,Gabriel Moreno,ARI,"C,DH",215.8,128.0,170.0,314.0,641.0,26.4,4.930769230769231,1.1675774134790529,52,C,C,False,128.0,449.0,3.7174234694899297,192.0,1.2133457612793013,76.0,True,True,40,False,410.0,231.0
691718,Pete Crow-Armstrong,2026,2002-03-25,OF,L,Chicago Cubs,162,726,626,175,31,8,45,119,107,83,12,41,7,187,4,91,6,0,5,0,0,0,0,0,157,4,24.0,726.0,25.8,11.4,0.28,0.57,0.372,0.29,0.327,0.264,0.508,0.4,0.374,0.355,0.245,0.508,0.467,0.016,0.062,0.026,90.6,22.0,38.1,13.3,48.6,102.38778711,95.808047982,68.6,34.2,58.0,82.8,26.3,50.1,51.1,31.3,33.6,23.4,11.7,7.5,75.1,12.6,20.6,53.7,15.6,51.4,51.0,29.5,4.26,64.0,44.0,64.0,444.0,76.0,62.8,pete crowarmstrong,CHC,Pete Crow-Armstrong,CHC,CF,30.4,26.0,29.0,29.0,980.0,24.3,6.049382716049383,1.3498622589531681,1,OF,OF,False,26.0,652.3103448275862,4.530864197530864,327.68965517241384,1.518518518518519,25.0,True,False,1,False,767.0,213.0
677800,Wilyer Abreu,2026,1999-06-24,OF,L,Boston Red Sox,157,681,597,148,38,4,24,81,76,71,3,8,4,141,7,82,9,0,13,0,0,0,0,0,153,4,27.0,681.0,20.7,10.4,0.248,0.446,0.327,0.198,0.282,0.253,0.468,0.335,0.346,0.331,0.216,0.381,0.398,-0.005,-0.022,-0.011,89.8,18.9,36.2,12.5,43.5,100.851443463,94.713825411,67.8,29.9,61.4,82.4,24.6,47.5,35.8,33.2,35.8,22.4,8.6,7.2,73.8,11.9,24.3,36.3,8.0,51.0,11.0,28.0,4.28,52.0,41.0,55.0,464.0,71.8,58.1,wilyer abreu,BOS,Wilyer Abreu,BOS,"LF,CF,RF",210.6,125.0,214.0,197.0,686.0,27.0,4.369426751592357,1.0073421439060206,35,OF,OF,False,125.0,452.0,3.7174234694899297,234.0,0.6520032821024273,90.0,True,True,1,False,479.0,207.0
672640,Otto Lopez,2026,1998-10-01,SS,R,Miami Marlins,157,687,627,191,32,9,11,94,71,40,9,34,5,89,11,139,21,0,0,0,0,0,0,156,0,1,27.0,687.0,13.0,5.8,0.305,0.437,0.349,0.132,0.335,0.281,0.417,0.342,0.327,0.329,0.136,0.366,0.347,0.024,0.02,0.015,89.1,8.4,30.4,6.0,40.8,100.262247259,94.353564593,62.2,31.2,62.2,90.1,19.5,46.3,34.1,51.4,22.6,21.9,4.2,6.8,71.9,14.9,31.1,23.5,5.0,45.3,17.0,28.5,4.22,24.0,90.0,77.0,549.0,72.4,60.7,otto lopez,MIA,Otto Lopez,MIA,"2B,SS",270.2,165.0,213.0,300.0,760.0,27.7,4.840764331210191,1.1062590975254731,12,2B/SS,SS,False,165.0,425.5,3.476923076923077,334.5,1.363841254287114,153.0,True,True,1,False,557.0,203.0
805367,Chase Meidroth,2026,2001-07-23,2B,R,Chicago White Sox,154,643,566,156,31,0,16,90,63,61,6,4,2,141,4,109,8,0,0,0,0,150,3,19,0,0,24.0,643.0,21.9,9.5,0.276,0.415,0.35,0.139,0.339,0.239,0.348,0.339,0.301,0.32,0.109,0.394,0.337,0.037,0.067,0.038,87.2,8.5,34.1,4.6,34.6,97.389329665,92.822576483,55.5,28.9,69.4,86.1,19.7,42.0,41.0,49.5,21.7,24.4,4.4,6.7,66.9,6.6,29.4,1.0,12.2,60.2,7.0,27.3,4.41,24.0,58.0,74.0,434.0,61.9,60.3,chase meidroth,CWS,Chase Meidroth,CWS,"2B,3B,SS",376.7,227.0,337.0,359.0,615.0,24.9,3.9935064935064934,0.9564541213063764,72,2B/SS,2B,False,227.0,341.7741935483871,3.088741546261319,273.2258064516129,0.9047649472451744,155.0,True,True,41,False,416.0,199.0
700250,Ben Rice,2026,1999-02-22,DH,L,New York Yankees,154,667,573,151,24,4,41,105,97,85,6,3,1,162,3,82,4,0,0,0,56,0,0,0,0,95,27.0,667.0,24.3,12.7,0.264,0.534,0.363,0.27,0.295,0.267,0.511,0.384,0.378,0.364,0.243,0.468,0.458,-0.003,0.023,0.006,91.9,14.5,38.4,14.3,48.6,101.739325556,95.439571618,63.8,24.5,53.4,83.6,25.4,43.2,44.9,40.3,32.1,23.4,4.1,7.7,72.6,14.1,27.5,24.3,13.1,54.9,36.0,26.8,4.56,49.0,40.0,61.0,414.0,80.1,59.0,ben rice,NYY,Ben Rice,NYY,"C,1B,DH",65.4,46.0,47.0,72.0,755.0,27.4,4.902597402597403,1.1319340329835081,13,C/1B,1B,False,46.0,598.2727272727273,4.308335730801607,156.72727272727275,0.5942616717957954,33.0,True,False,1,False,560.0,195.0
666018,Jonathan Aranda,2026,1998-05-23,1B,L,Tampa Bay Rays,155,668,580,159,27,0,22,73,92,69,11,0,1,163,8,110,7,0,0,0,148,0,0,0,0,6,28.0,668.0,24.4,10.3,0.274,0.434,0.358,0.16,0.34,0.254,0.438,0.348,0.343,0.341,0.184,0.417,0.407,0.02,-0.004,0.005,91.1,14.4,38.8,9.9,46.0,100.602724528,94.760901038,66.2,29.0,69.2,81.8,22.5,46.7,30.1,37.2,31.3,27.5,4.0,7.1,70.3,11.1,27.4,12.9,8.3,52.9,17.0,25.7,4.56,38.0,39.0,82.0,425.0,73.5,64.8,jonathan aranda,TB,Jonathan Aranda,TB,"1B,DH",208.2,124.0,181.0,175.0,649.0,28.1,4.187096774193549,0.9715568862275449,48,1B,1B,False,124.0,452.0,3.7174234694899297,197.0,0.469673304703619,76.0,True,True,33,False,457.0,192.0
671056,Iván Herrera,2026,2000-06-01,DH,R,St. Louis Cardinals,161,717,605,146,26,1,19,98,69,76,31,8,0,138,5,100,3,2,0,52,1,0,0,0,0,108,26.0,717.0,19.2,10.6,0.241,0.382,0.353,0.141,0.28,0.249,0.39,0.329,0.336,0.357,0.141,0.344,0.353,-0.008,-0.008,-0.007,89.4,9.4,31.6,6.2,40.6,100.671085171,94.557141432,61.6,28.4,63.1,87.4,20.8,44.2,37.7,48.5,20.1,22.7,8.7,7.7,73.6,12.0,24.6,40.3,7.6,46.0,15.0,26.1,4.71,31.0,48.0,66.0,472.0,67.9,62.2,ivan herrera,STL,Ivan Herrera,STL,"C,DH",176.0,103.0,156.0,317.0,676.0,26.1,4.198757763975156,0.9428172942817294,38,C,C,False,103.0,560.7627118644068,4.015944775657477,115.23728813559319,0.18281298831767856,65.0,True,False,1,False,491.0,185.0
664983,Jake McCarthy,2026,1997-07-30,OF,L,Colorado Rockies,147,596,547,159,30,13,15,80,83,30,8,32,6,95,5,101,4,0,3,0,0,0,0,0,173,9,28.0,596.0,15.9,5.0,0.291,0.475,0.334,0.184,0.326,0.274,0.41,0.349,0.321,0.32,0.136,0.392,0.356,0.017,0.065,0.028,85.3,11.9,37.2,5.4,28.1,97.079708165,92.561288575,79.3,37.8,62.9,87.2,21.3,57.3,38.5,45.9,21.0,27.3,5.8,7.1,71.5,8.9,24.3,15.8,8.5,50.3,12.0,30.0,4.17,31.0,58.0,69.0,462.0,89.1,68.6,jake mccarthy,COL,Jake McCarthy,COL,"LF,CF,RF,DH",422.7,247.0,424.0,451.0,718.0,28.9,4.884353741496598,1.2046979865771812,25,OF,OF,False,247.0,296.0,2.990566037735849,422.0,1.8937877037607493,222.0,True,True,1,False,547.0,171.0
686797,Brooks Lee,2026,2001-02-14,3B,S,Minnesota Twins,156,631,586,148,25,3,24,72,83,37,4,8,5,102,3,96,10,0,0,0,0,0,110,48,0,0,25.0,631.0,16.2,5.9,0.253,0.428,0.3,0.175,0.268,0.233,0.358,0.316,0.281,0.281,0.125,0.351,0.305,0.02,0.07,0.035,88.1,16.2,32.2,4.5,34.2,97.530784362,92.893899278,73.4,35.1,59.5,89.6,20.8,53.4,42.2,39.1,30.3,23.2,7.4,7.0,70.2,8.4,27.4,8.2,11.8,56.7,2.0,26.3,4.46,32.0,46.0,70.0,488.0,75.8,64.0,brooks lee,MIN,Brooks Lee,MIN,"2B,3B,SS",318.2,195.0,313.0,383.0,609.0,25.4,3.9038461538461537,0.96513470681458,74,2B/3B/SS,3B/SS,False,195.0,377.25,3.18680233337683,231.75,0.7170438204693239,121.0,True,True,42,False,443.0,166.0
693307,Dillon Dingler,2026,1998-09-17,C,R,Detroit Tigers,145,607,551,134,27,2,27,72,91,34,15,0,0,139,5,78,5,20,0,116,0,0,0,0,0,29,27.0,607.0,22.9,5.6,0.243,0.446,0.302,0.203,0.274,0.266,0.468,0.325,0.344,0.325,0.202,0.389,0.415,-0.023,-0.022,-0.019,88.8,17.6,39.1,10.1,43.4,100.44813399,94.484766322,65.0,33.4,59.6,88.0,22.4,48.2,42.2,37.2,29.0,24.7,9.1,7.6,71.9,12.2,25.7,16.7,13.4,55.8,9.0,27.3,4.52,42.0,30.0,61.0,417.0,74.6,60.8,dillon dingler,DET,Dillon Dingler,DET,"C,DH",259.4,160.0,224.0,342.0,627.0,27.8,4.324137931034483,1.0329489291598024,61,C,C,False,160.0,425.5,3.7076163798852875,201.5,0.6165215511491953,99.0,True,True,40,False,494.0,133.0
676475,Alec Burleson,2026,1998-11-25,1B,L,St. Louis Cardinals,160,670,605,169,37,1,26,89,116,55,6,4,0,121,4,105,8,0,0,0,156,0,0,0,0,3,27.0,670.0,18.1,8.2,0.279,0.473,0.343,0.194,0.31,0.289,0.522,0.353,0.374,0.349,0.234,0.4,0.428,-0.01,-0.049,-0.021,92.0,13.0,34.6,11.3,50.0,102.344379671,95.865822963,72.6,38.1,68.2,83.4,22.5,53.6,48.6,44.7,26.6,22.5,6.1,7.7,73.8,14.9,26.5,37.6,14.1,52.5,21.0,25.6,4.49,35.0,54.0,80.0,488.0,86.0,62.7,alec burleson,STL,Alec Burleson,STL,"1B,LF,RF,DH",172.6,100.0,165.0,185.0,725.0,27.6,4.53125,1.0820895522388059,23,1B/OF,1B,False,100.0,560.7627118644068,4.015944775657477,164.2372881355932,0.5153052243425229,77.0,True,True,1,False,603.0,122.0
682928,CJ Abrams,2026,2000-10-03,SS,L,Washington Nationals,152,654,579,151,30,4,33,93,106,57,12,34,6,158,6,84,20,0,0,0,0,14,0,132,0,11,25.0,654.0,24.2,8.7,0.261,0.497,0.336,0.236,0.299,0.247,0.438,0.358,0.333,0.323,0.191,0.437,0.4,0.014,0.059,0.025,89.6,18.0,34.2,10.6,40.5,99.979603803,94.2347827,68.7,36.9,54.0,81.0,29.6,51.3,45.0,36.5,28.6,23.2,11.7,7.7,73.0,10.3,22.9,27.5,14.3,57.5,26.0,28.4,4.29,42.0,42.0,67.0,427.0,70.3,64.4,cj abrams,WSH,CJ Abrams,WSH,"2B,SS,DH",68.6,49.0,58.0,71.0,789.0,25.7,5.190789473684211,1.2064220183486238,6,SS,SS,False,49.0,598.2727272727273,4.308335730801607,190.72727272727275,0.8824537428826034,43.0,True,False,1,False,681.0,108.0
