season,team,hitters_drafted,pts,pts_over_exp,beats,big_beats
2024,Some Ting Wong,7,4635.0,885.8846153846154,4,2
2024,Let's try this again,7,3577.0,407.3205128205127,3,3
2024,The Great Bambi,8,3899.0,163.8205128205127,1,1
2024,City to the Shore,9,4289.0,101.17948717948701,1,1
2024,Basketball,6,3168.0,-30.782051282051384,2,0
2024,SS Factory,11,5093.0,-134.820512820513,4,2
2024,Gotham Knights,6,2307.0,-149.52173382173385,0,0
2024,The Chosen Juan,8,3721.0,-161.6495726495727,1,0
2024,Ring the bell,12,5752.0,-469.20512820512846,2,0
2024,The Greatest Glizzy Guzzlers,8,3491.0,-595.1153846153848,4,2
2024,Brandywine Riverhounds,7,2371.0,-602.6529914529915,1,0
2024,Juiced Ballz,8,2991.0,-902.2051282051282,1,1
2025,Juiced Ballz,9,5275.0,574.1883597883599,3,0
2025,City to the Shore,9,4493.0,544.8249158249157,3,1
2025,Some Ting Wong,15,7622.0,521.7635401635401,4,2
2025,Let's try this again,7,3609.0,453.7154882154882,3,1
2025,Gotham Knights,7,3125.0,200.7717171717171,2,1
2025,Charlie Hustle,8,3375.0,54.21563251563248,2,1
2025,The Greatest Glizzy Guzzlers,11,5343.0,-165.1810726310726,2,1
2025,Basketball,6,2627.0,-236.39932659932663,1,1
2025,Ring the bell,11,5171.0,-275.48436748436745,3,1
2025,Midwest MooseKnuckle Mafia,10,5069.0,-280.28888888888883,2,1
2025,The Chosen Juan,12,4801.0,-390.0466570466571,2,0
2025,The Great Bambi,9,3618.0,-586.4672919672919,2,1
2026,The Greatest Glizzy Guzzlers,10,5178.0,668.6859115936168,4,3
2026,The Great Bambi,11,5961.0,555.0665638058503,7,1
2026,Basketball,6,3316.0,425.04445204840266,3,2
2026,Midwest MooseKnuckle Mafia,8,3672.0,-7.678142076502695,2,0
2026,Baseball Phanatic,10,4188.0,-15.328678881388669,3,1
2026,The Real Doctor,8,4311.0,-73.47814207650265,1,1
2026,City to the Shore,8,3848.0,-93.39392478302796,3,0
2026,Charlie Hustle,9,4410.0,-120.70456755944048,3,1
2026,Some Ting Wong,17,7962.0,-188.21903236175484,4,2
2026,The Chosen Juan,6,2467.0,-289.68794910878154,0,0
2026,Let's try this again,9,3372.0,-738.3379008927739,2,0
2026,Gotham Knights,8,2755.0,-796.7524652378138,2,1
