year,round,original,owner
2027,1,BAMBI,BAMBI
2027,1,BB,BB
2027,1,CH,THALER
2027,1,CJF,CJF
2027,1,CS,Dan
2027,1,Dan,THALER
2027,1,Dpf,THALER
2027,1,GK,GK
2027,1,GLIZZY,GLIZZY
2027,1,LTTA,LTTA
2027,1,MMM,LTTA
2027,1,THALER,THALER
2027,2,BAMBI,Dpf
2027,2,BB,BB
2027,2,CH,CH
2027,2,CJF,CJF
2027,2,CS,CS
2027,2,Dan,Dan
2027,2,Dpf,THALER
2027,2,GK,GK
2027,2,GLIZZY,GLIZZY
2027,2,LTTA,THALER
2027,2,MMM,THALER
2027,2,THALER,THALER
2027,3,BAMBI,BAMBI
2027,3,BB,CJF
2027,3,CH,CH
2027,3,CJF,CJF
2027,3,CS,CH
2027,3,Dan,Dan
2027,3,Dpf,THALER
2027,3,GK,GK
2027,3,GLIZZY,GLIZZY
2027,3,LTTA,LTTA
2027,3,MMM,LTTA
2027,3,THALER,GK
2027,4,BAMBI,Dpf
2027,4,BB,GK
2027,4,CH,THALER
2027,4,CJF,CJF
2027,4,CS,CS
2027,4,Dan,Dan
2027,4,Dpf,CH
2027,4,GK,GK
2027,4,GLIZZY,GLIZZY
2027,4,LTTA,LTTA
2027,4,MMM,Dpf
2027,4,THALER,LTTA
2027,5,BAMBI,BAMBI
2027,5,BB,BB
2027,5,CH,CH
2027,5,CJF,CJF
2027,5,CS,CS
2027,5,Dan,Dan
2027,5,Dpf,CH
2027,5,GK,GK
2027,5,GLIZZY,GLIZZY
2027,5,LTTA,LTTA
2027,5,MMM,MMM
2027,5,THALER,THALER
2027,6,BAMBI,BAMBI
2027,6,BB,BB
2027,6,CH,CH
2027,6,CJF,CJF
2027,6,CS,CH
2027,6,Dan,Dan
2027,6,Dpf,Dpf
2027,6,GK,BB
2027,6,GLIZZY,GLIZZY
2027,6,LTTA,LTTA
2027,6,MMM,Dpf
2027,6,THALER,THALER
2027,7,BAMBI,BAMBI
2027,7,BB,BB
2027,7,CH,CS
2027,7,CJF,CJF
2027,7,CS,Dan
2027,7,Dan,Dan
2027,7,Dpf,Dpf
2027,7,GK,GK
2027,7,GLIZZY,GLIZZY
2027,7,LTTA,LTTA
2027,7,MMM,MMM
2027,7,THALER,THALER
2027,8,BAMBI,BAMBI
2027,8,BB,BB
2027,8,CH,CH
2027,8,CJF,CJF
2027,8,CS,CS
2027,8,Dan,Dan
2027,8,Dpf,Dpf
2027,8,GK,GK
2027,8,GLIZZY,GLIZZY
2027,8,LTTA,LTTA
2027,8,MMM,MMM
2027,8,THALER,THALER
2027,9,BAMBI,BAMBI
2027,9,BB,BB
2027,9,CH,CH
2027,9,CJF,CJF
2027,9,CS,CS
2027,9,Dan,Dan
2027,9,Dpf,Dpf
2027,9,GK,GK
2027,9,GLIZZY,GLIZZY
2027,9,LTTA,LTTA
2027,9,MMM,MMM
2027,9,THALER,THALER
2027,10,BAMBI,BAMBI
2027,10,BB,BB
2027,10,CH,CH
2027,10,CJF,CJF
2027,10,CS,CS
2027,10,Dan,Dan
2027,10,Dpf,Dpf
2027,10,GK,GK
2027,10,GLIZZY,GLIZZY
2027,10,LTTA,LTTA
2027,10,MMM,MMM
2027,10,THALER,THALER
2027,11,BAMBI,BAMBI
2027,11,BB,BB
2027,11,CH,CH
2027,11,CJF,CJF
2027,11,CS,CS
2027,11,Dan,Dan
2027,11,Dpf,Dpf
2027,11,GK,GK
2027,11,GLIZZY,GLIZZY
2027,11,LTTA,LTTA
2027,11,MMM,MMM
2027,11,THALER,THALER
2027,12,BAMBI,BAMBI
2027,12,BB,BB
2027,12,CH,CH
2027,12,CJF,CJF
2027,12,CS,CS
2027,12,Dan,Dan
2027,12,Dpf,Dpf
2027,12,GK,GK
2027,12,GLIZZY,GLIZZY
2027,12,LTTA,LTTA
2027,12,MMM,MMM
2027,12,THALER,THALER
2027,13,BAMBI,BAMBI
2027,13,BB,BB
2027,13,CH,CH
2027,13,CJF,CJF
2027,13,CS,CS
2027,13,Dan,Dan
2027,13,Dpf,Dpf
2027,13,GK,GK
2027,13,GLIZZY,GLIZZY
2027,13,LTTA,LTTA
2027,13,MMM,MMM
2027,13,THALER,THALER
2027,14,BAMBI,BAMBI
2027,14,BB,BB
2027,14,CH,CH
2027,14,CJF,CJF
2027,14,CS,CS
2027,14,Dan,Dan
2027,14,Dpf,Dpf
2027,14,GK,GK
2027,14,GLIZZY,GLIZZY
2027,14,LTTA,LTTA
2027,14,MMM,MMM
2027,14,THALER,THALER
