player,pos,mlb,owner,status
Keider Montero,SP,DET,CS,ACTIVE
Shea Langeliers,C,ATH,CS,INJURED_RESERVE
Michael King,SP,SD,CS,ACTIVE
Michael Harris II,CF,ATL,CS,ACTIVE
Max Clark,CF,DET,CS,RESERVE
Andy Pages,CF,LAD,CS,INJURED_RESERVE
Andre Pallante,SP,STL,CS,ACTIVE
Mickey Gasper,C,BOS,CS,ACTIVE
Ryan Sloan,SP,SEA,CS,MINORS
Bryson Stott,2B,PHI,CS,ACTIVE
Maikel Garcia,3B,KC,CS,INJURED_RESERVE
Kyle Schwarber,DH,PHI,CS,ACTIVE
Ben Rice,1B,NYY,CS,ACTIVE
Trea Turner,SS,PHI,CS,ACTIVE
Geraldo Perdomo,SS,ARI,CS,RESERVE
Cristopher Sanchez,SP,PHI,CS,ACTIVE
Javier Sanoja,3B,MIA,CS,RESERVE
Ernie Clement,3B,TOR,CS,RESERVE
Manny Machado,3B,SD,CS,ACTIVE
Jesus Luzardo,SP,PHI,CS,RESERVE
Andrew Abbott,SP,CIN,CS,RESERVE
Cade Cavalli,SP,WSH,CS,ACTIVE
Henry Bolte,RF,ATH,CS,ACTIVE
Alec Bohm,3B,PHI,CS,ACTIVE
Walker Buehler,SP,SD,CS,RESERVE
Jeremy Pena,SS,HOU,CS,ACTIVE
Riley Greene,LF,DET,CH,ACTIVE
Zebby Matthews,SP,MIN,CH,ACTIVE
Roch Cholowsky,SS,CHW,CH,MINORS
Dean Kremer,SP,MIN,CH,ACTIVE
Gage Jump,SP,ATH,CH,ACTIVE
Zac Thornton,SP,NYM,CH,RESERVE
Garrett Crochet,SP,BOS,CH,INJURED_RESERVE
Eduardo Valencia,1B,DET,CH,RESERVE
Austin Riley,3B,ATL,CH,RESERVE
Bryce Eldridge,1B,SF,CH,ACTIVE
Franklin Arias,SS,BOS,CH,MINORS
Trevor Story,SS,BOS,CH,ACTIVE
A.J. Ewing,CF,NYM,CH,RESERVE
Brice Turang,2B,MIL,CH,ACTIVE
Jackson Merrill,CF,SD,CH,ACTIVE
Jac Caglianone,RF,KC,CH,RESERVE
Alex Bregman,3B,CHC,CH,ACTIVE
Andrew Painter,SP,PHI,CH,RESERVE
Cal Raleigh,C,SEA,CH,ACTIVE
Cooper Pratt,SS,MIL,CH,ACTIVE
Davis Martin,SP,CHW,CH,ACTIVE
Tarik Skubal,SP,LAD,CH,RESERVE
Ryan Jeffers,C,MIN,CH,ACTIVE
Emerson Hancock,SP,SEA,CH,INJURED_RESERVE
Patrick Sandoval,SP,BOS,CH,ACTIVE
Jarren Duran,LF,BOS,CH,ACTIVE
Brooks Lee,SS,MIN,BAMBI,RESERVE
Sam Antonacci,2B,CHW,BAMBI,ACTIVE
Cole Ragans,SP,KC,BAMBI,INJURED_RESERVE
Byron Buxton,CF,MIN,BAMBI,INJURED_RESERVE
Yoshinobu Yamamoto,SP,LAD,BAMBI,ACTIVE
Andrew Alvarez,SP,WSH,BAMBI,ACTIVE
Chandler Simpson,CF,TB,BAMBI,ACTIVE
Trey Yesavage,SP,TOR,BAMBI,INJURED_RESERVE
Kade Anderson,SP,SEA,BAMBI,RESERVE
Drake Baldwin,C,ATL,BAMBI,ACTIVE
Blake Snell,SP,LAD,BAMBI,RESERVE
Jose Altuve,2B,HOU,BAMBI,ACTIVE
Jordan Lawlar,3B,ARI,BAMBI,RESERVE
Eury Perez,SP,MIA,BAMBI,ACTIVE
Parker Messick,SP,CLE,BAMBI,ACTIVE
Bryce Harper,1B,PHI,BAMBI,ACTIVE
Seiya Suzuki,DH,CHC,BAMBI,ACTIVE
CJ Abrams,SS,WSH,BAMBI,ACTIVE
Eli Willits,SS,WSH,BAMBI,MINORS
Wyatt Langford,LF,TEX,BAMBI,ACTIVE
Joshua Baez,RF,STL,BAMBI,RESERVE
Adley Rutschman,C,BOS,BAMBI,RESERVE
Jonathan Aranda,1B,TB,BAMBI,RESERVE
Junior Caminero,3B,TB,BAMBI,ACTIVE
Jesus Made,SS,MIL,BAMBI,MINORS
Troy Melton,RP,DET,BAMBI,ACTIVE
Jackson Chourio,CF,MIL,BAMBI,ACTIVE
Shane Bieber,SP,TOR,MMM,INJURED_RESERVE
Sandy Alcantara,SP,MIA,MMM,RESERVE
Thomas Saggese,2B,STL,MMM,ACTIVE
Matt Olson,1B,ATL,MMM,RESERVE
Josh Jung,3B,TEX,MMM,ACTIVE
Dillon Dingler,C,DET,MMM,ACTIVE
Yordan Alvarez,LF,HOU,MMM,ACTIVE
Jake McCarthy,LF,COL,MMM,ACTIVE
Liam Hicks,C,TB,MMM,RESERVE
Kyle Tucker,RF,LAD,MMM,ACTIVE
Chris Sale,SP,ATL,MMM,RESERVE
Jacob Misiorowski,SP,MIL,MMM,ACTIVE
Gerrit Cole,SP,NYY,MMM,ACTIVE
Bryan Reynolds,RF,PIT,MMM,RESERVE
Josue De Paula,RF,LAD,MMM,ACTIVE
Jazz Chisholm Jr.,2B,NYY,MMM,INJURED_RESERVE
Jose Ramirez,3B,CLE,MMM,ACTIVE
Joe Ryan,SP,MIN,MMM,ACTIVE
Freddie Freeman,1B,LAD,MMM,ACTIVE
Hunter Brown,SP,HOU,MMM,RESERVE
Aaron Judge,RF,NYY,MMM,RESERVE
Cam Schlittler,SP,NYY,MMM,ACTIVE
Elly De La Cruz,SS,CIN,MMM,ACTIVE
Jacob deGrom,SP,TEX,MMM,ACTIVE
Zack Gelof,2B,ATH,LTTA,ACTIVE
Willson Contreras,1B,BOS,LTTA,INJURED_RESERVE
Kody Clemens,1B,MIN,LTTA,ACTIVE
Theo Gillen,CF,TB,LTTA,MINORS
Kyle Bradish,SP,BAL,LTTA,ACTIVE
Christian Yelich,DH,MIL,LTTA,ACTIVE
George Springer,RF,TOR,LTTA,RESERVE
Ivan Herrera,DH,STL,LTTA,ACTIVE
Christian Scott,SP,NYM,LTTA,ACTIVE
Esmerlyn Valdez,RF,PIT,LTTA,ACTIVE
Reid Detmers,RP,LAA,LTTA,RESERVE
Alec Burleson,1B,STL,LTTA,ACTIVE
Xavier Edwards,2B,MIA,LTTA,INJURED_RESERVE
George Kirby,SP,SEA,LTTA,ACTIVE
Yandy Diaz,DH,TB,LTTA,ACTIVE
Chase Meidroth,SS,CHW,LTTA,RESERVE
Shane Drohan,SP,MIL,LTTA,RESERVE
Spencer Arrighetti,SP,TOR,LTTA,ACTIVE
Zach Neto,SS,LAA,LTTA,ACTIVE
Mauricio Dubon,LF,ATL,LTTA,ACTIVE
Framber Valdez,SP,DET,LTTA,ACTIVE
Kevin Gausman,SP,CHC,LTTA,RESERVE
Will Smith,C,LAD,LTTA,RESERVE
Cody Bellinger,LF,NYY,LTTA,ACTIVE
Nathan Eovaldi,SP,TEX,LTTA,INJURED_RESERVE
Peter Lambert,SP,HOU,GLIZZY,ACTIVE
Miguel Vargas,3B,CHW,GLIZZY,ACTIVE
Zack Wheeler,SP,PHI,GLIZZY,ACTIVE
Jung Hoo Lee,CF,SF,GLIZZY,RESERVE
Hayden Wesneski,SP,HOU,GLIZZY,ACTIVE
Ryne Nelson,SP,ARI,GLIZZY,RESERVE
MacKenzie Gore,SP,TEX,GLIZZY,RESERVE
Jake Bennett,SP,BOS,GLIZZY,RESERVE
Samad Taylor,2B,SD,GLIZZY,ACTIVE
Kyle Stowers,LF,MIA,GLIZZY,ACTIVE
William Contreras,C,MIL,GLIZZY,ACTIVE
Randy Arozarena,LF,SEA,GLIZZY,ACTIVE
Drew Rasmussen,SP,TB,GLIZZY,RESERVE
Pete Crow-Armstrong,CF,CHC,GLIZZY,ACTIVE
Wilyer Abreu,RF,BOS,GLIZZY,ACTIVE
Taj Bradley,SP,MIN,GLIZZY,ACTIVE
Josh Naylor,1B,SEA,GLIZZY,ACTIVE
Thomas White,SP,MIA,GLIZZY,MINORS
Luis Arraez,1B,PHI,GLIZZY,ACTIVE
Brent Rooker,DH,ATH,GLIZZY,INJURED_RESERVE
Heliot Ramos,LF,NYY,GLIZZY,RESERVE
Bo Bichette,SS,NYM,GLIZZY,RESERVE
Kevin McGonigle,SS,DET,GLIZZY,ACTIVE
Jose Soriano,SP,TOR,GLIZZY,ACTIVE
Leo De Vries,SS,ATH,Dan,MINORS
Spencer Torkelson,1B,DET,Dan,RESERVE
Salvador Perez,C,KC,Dan,ACTIVE
Jorge Soler,RF,LAA,Dan,RESERVE
Andres Gimenez,2B,TOR,Dan,RESERVE
Max Meyer,SP,MIA,Dan,INJURED_RESERVE
Brandon Nimmo,LF,TEX,Dan,ACTIVE
Chase Burns,SP,CIN,Dan,ACTIVE
Robbie Ray,SP,SD,Dan,ACTIVE
Michael McGreevy,SP,STL,Dan,ACTIVE
Jared Jones,SP,PIT,Dan,RESERVE
Corbin Carroll,RF,ARI,Dan,ACTIVE
Ethan Holliday,SS,COL,Dan,MINORS
Gavin Williams,SP,CLE,Dan,ACTIVE
Foster Griffin,SP,CLE,Dan,ACTIVE
Nico Hoerner,2B,CHC,Dan,ACTIVE
Rafael Devers,DH,SF,Dan,ACTIVE
Dansby Swanson,SS,CHC,Dan,ACTIVE
Steven Kwan,LF,CLE,Dan,ACTIVE
Carlos Correa,SS,HOU,Dan,INJURED_RESERVE
Mitch Keller,SP,PIT,Dan,RESERVE
Luis Garcia Jr.,2B,NYY,Dan,ACTIVE
Isaac Paredes,3B,HOU,Dan,ACTIVE
Otto Lopez,SS,MIA,Dan,ACTIVE
Ryan Pepiot,SP,TB,Dan,INJURED_RESERVE
Sonny Gray,SP,BOS,Dan,RESERVE
J.T. Ginn,SP,ATH,THALER,RESERVE
Michael Busch,1B,CHC,THALER,ACTIVE
Ethan Salas,C,SD,THALER,ACTIVE
Colson Montgomery,SS,CHW,THALER,ACTIVE
Will Warren,SP,NYY,THALER,ACTIVE
Casey Mize,SP,SD,THALER,ACTIVE
JJ Wetherholt,SS,STL,THALER,INJURED_RESERVE
Mike Trout,DH,LAA,THALER,ACTIVE
Jake Bauers,LF,MIL,THALER,ACTIVE
JJ Bleday,CF,CIN,THALER,RESERVE
Willi Castro,2B,COL,THALER,INJURED_RESERVE
Travis Bazzana,2B,CLE,THALER,ACTIVE
Konnor Griffin,SS,PIT,THALER,RESERVE
George Lombard Jr.,SS,NYY,THALER,ACTIVE
Brett Bateman,CF,TOR,THALER,ACTIVE
Gabriel Moreno,C,ARI,THALER,ACTIVE
Shane Baz,SP,BAL,THALER,ACTIVE
Juan Soto,RF,NYM,THALER,ACTIVE
Eduardo Rodriguez,SP,ARI,THALER,ACTIVE
Elmer Rodriguez,SP,NYY,THALER,RESERVE
Spencer Schwellenbach,SP,ATL,THALER,INJURED_RESERVE
Charlie Condon,1B,COL,THALER,MINORS
Dustin May,SP,MIL,THALER,ACTIVE
Gage Wood,SP,PHI,THALER,MINORS
Walbert Urena,SP,LAA,THALER,RESERVE
Joe Musgrove,SP,SD,THALER,INJURED_RESERVE
Jackson Jobe,SP,DET,THALER,RESERVE
Brandon Marsh,CF,PHI,Dpf,RESERVE
Paul Skenes,SP,PIT,Dpf,ACTIVE
Zac Gallen,SP,ARI,Dpf,INJURED_RESERVE
Tyler Mahle,SP,ATL,Dpf,RESERVE
Tyler Soderstrom,LF,ATH,Dpf,INJURED_RESERVE
Braxton Ashcraft,RP,PIT,Dpf,ACTIVE
Ranger Suarez,SP,BOS,Dpf,ACTIVE
Mookie Betts,SS,LAD,Dpf,ACTIVE
Max Muncy,3B,LAD,Dpf,ACTIVE
Luis Robert Jr.,CF,BAL,Dpf,RESERVE
Luke Keaschall,2B,MIN,Dpf,ACTIVE
Kazuma Okamoto,3B,TOR,Dpf,ACTIVE
Francisco Lindor,SS,NYM,Dpf,ACTIVE
Aaron Nola,SP,PHI,Dpf,RESERVE
J.T. Realmuto,C,PHI,Dpf,ACTIVE
Giancarlo Stanton,DH,NYY,Dpf,INJURED_RESERVE
Grant Holmes,SP,ATL,Dpf,RESERVE
Nick Martinez,SP,TB,Dpf,RESERVE
Nolan McLean,SP,NYM,Dpf,ACTIVE
Brandon Pfaadt,SP,ARI,Dpf,ACTIVE
Ozzie Albies,2B,ATL,Dpf,ACTIVE
Mickey Moniak,RF,COL,Dpf,ACTIVE
Royce Lewis,3B,MIN,Dpf,ACTIVE
Bryce Elder,SP,ATL,Dpf,RESERVE
Joshua Kuroda-Grauer,SS,ATH,Dpf,INJURED_RESERVE
Tristan Peters,LF,CHW,Dpf,ACTIVE
Braden Montgomery,CF,CHW,CJF,ACTIVE
Nick Lodolo,SP,CIN,CJF,ACTIVE
Munetaka Murakami,1B,CHW,CJF,ACTIVE
Teoscar Hernandez,RF,LAD,CJF,ACTIVE
Ezequiel Duran,SS,TEX,CJF,ACTIVE
Ian Happ,LF,CHC,CJF,ACTIVE
Spencer Steer,1B,CIN,CJF,RESERVE
Noah Schultz,SP,CHW,CJF,RESERVE
Landen Roupp,SP,SF,CJF,RESERVE
Vladimir Guerrero Jr.,1B,TOR,CJF,RESERVE
Nick Gonzales,2B,PIT,CJF,ACTIVE
Carlos Rodon,SP,NYY,CJF,INJURED_RESERVE
Matthew Boyd,SP,CHC,CJF,ACTIVE
Clay Holmes,SP,CHC,CJF,INJURED_RESERVE
Freddy Peralta,SP,TB,CJF,RESERVE
Roman Anthony,RF,BOS,CJF,INJURED_RESERVE
Jake Burger,1B,TEX,CJF,ACTIVE
Jordan Walker,RF,STL,CJF,ACTIVE
Bryce Miller,SP,SEA,CJF,ACTIVE
Tanner Bibee,SP,CLE,CJF,ACTIVE
Ryan Weathers,SP,NYY,CJF,RESERVE
Brayan Rocchio,SS,CLE,CJF,ACTIVE
Oneil Cruz,CF,PIT,CJF,INJURED_RESERVE
Michael Wacha,SP,KC,CJF,RESERVE
Hunter Goodman,C,COL,CJF,ACTIVE
Noah Cameron,SP,KC,CJF,ACTIVE
Grady Emerson,SS,TB,GK,MINORS
Brandon Young,SP,BAL,GK,RESERVE
Ceddanne Rafaela,CF,BOS,GK,RESERVE
Jonah Heim,C,ATH,GK,ACTIVE
Connelly Early,SP,WSH,GK,INJURED_RESERVE
Anthony Kay,SP,CHW,GK,RESERVE
Spencer Strider,SP,ATL,GK,INJURED_RESERVE
Ronald Acuna Jr.,RF,ATL,GK,ACTIVE
Caleb Durbin,3B,BOS,GK,ACTIVE
Samuel Basallo,C,BAL,GK,RESERVE
Sebastian Walcott,SS,TEX,GK,MINORS
Cal Quantrill,SP,TEX,GK,RESERVE
Dominic Canzone,RF,SEA,GK,ACTIVE
Max Fried,SP,NYY,GK,ACTIVE
Sean Burke,SP,CHW,GK,ACTIVE
Pete Alonso,1B,BAL,GK,ACTIVE
Shota Imanaga,SP,CHC,GK,ACTIVE
Ryan OHearn,1B,PIT,GK,INJURED_RESERVE
Chase DeLauter,CF,CLE,GK,RESERVE
Carson Benge,CF,NYM,GK,ACTIVE
Yohandy Morales,1B,WSH,GK,RESERVE
Angel Martinez,CF,CLE,GK,ACTIVE
Ketel Marte,2B,ARI,GK,ACTIVE
Kyle Leahy,RP,STL,GK,ACTIVE
Daylen Lile,RF,WSH,GK,ACTIVE
Tyler Phillips,RP,MIA,GK,ACTIVE
Curtis Mead,1B,BOS,GK,INJURED_RESERVE
Gunnar Henderson,SS,BAL,GK,ACTIVE
Carter Jensen,C,KC,BB,ACTIVE
T.J. Rumfield,1B,COL,BB,ACTIVE
Cole Carrigg,CF,COL,BB,ACTIVE
Ty France,1B,SD,BB,ACTIVE
Brandon Lowe,2B,PIT,BB,RESERVE
Tyler Glasnow,SP,LAD,BB,RESERVE
Jacob Lopez,SP,ATH,BB,ACTIVE
Trevor Rogers,SP,BAL,BB,ACTIVE
Payton Tolle,RP,BOS,BB,ACTIVE
Seth Hernandez,SP,PIT,BB,MINORS
Shohei Ohtani,DH,LAD,BB,INJURED_RESERVE
Julio Rodriguez,CF,SEA,BB,ACTIVE
Bobby Witt Jr.,SS,KC,BB,ACTIVE
Logan Gilbert,SP,SEA,BB,RESERVE
James Wood,LF,WSH,BB,ACTIVE
Sal Stewart,1B,CIN,BB,ACTIVE
Dylan Cease,SP,TOR,BB,ACTIVE
Leo Bernal,C,STL,BB,RESERVE
Corey Seager,SS,TEX,BB,ACTIVE
Bryan Woo,SP,SEA,BB,ACTIVE
Logan Henderson,SP,MIL,BB,RESERVE
Fernando Tatis Jr.,RF,SD,BB,ACTIVE
Nick Kurtz,1B,ATH,BB,INJURED_RESERVE
Ian Seymour,RP,TB,BB,RESERVE
Rainiel Rodriguez,C,STL,BB,MINORS
