player,pos,mlb,owner,age,fpts,IP,K,ER,BS,QS,CG,SHO,GP
Jacob Misiorowski,SP,MIL,MMM,24,452.33,161.1,236,35,0,18,1,1,27
Cristopher Sanchez,SP,PHI,CS,29,437.33,187.1,210,58,0,20,1,1,30
Cam Schlittler,SP,NYY,MMM,25,430.67,178.2,220,40,0,18,0,0,30
Jesus Luzardo,SP,PHI,CS,28,428.67,178.2,221,57,0,17,1,1,29
Dylan Cease,SP,TOR,BB,30,423.33,161.1,227,43,0,15,1,1,27
Chris Sale,SP,ATL,MMM,37,403,157,190,38,0,19,1,1,26
Yoshinobu Yamamoto,SP,LAD,BAMBI,28,383,172,171,50,0,20,1,0,26
Cade Cavalli,SP,WSH,CS,28,373.67,164.2,194,57,0,18,0,0,31
Gavin Williams,SP,CLE,Dan,27,370,169,228,71,0,11,0,0,29
Nolan McLean,SP,NYM,Dpf,25,362.67,166.2,184,60,0,18,0,0,29
Sandy Alcantara,SP,MIA,MMM,31,361,200,143,84,0,21,1,1,31
Parker Messick,SP,CLE,BAMBI,25,354.33,172.1,178,48,0,13,0,0,29
Reid Detmers,SP,LAA,LTTA,27,353,168,191,62,0,14,0,0,29
Michael Wacha,SP,KC,CJF,35,343.67,182.2,147,66,0,20,0,0,29
Logan Gilbert,SP,SEA,BB,29,340,172,187,71,0,13,0,0,29
Drew Rasmussen,SP,TB,GLIZZY,31,338.33,160.1,160,50,0,17,0,0,28
Taj Bradley,SP,MIN,GLIZZY,25,337.33,165.1,190,70,0,13,0,0,29
Braxton Ashcraft,SP,PIT,Dpf,26,332.33,165.1,173,68,0,13,1,0,28
Michael King,SP,SD,CS,31,332,175,148,59,0,17,0,0,30
Paul Skenes,SP,PIT,Dpf,24,327,162,185,68,0,12,0,0,30
Zack Wheeler,SP,PHI,GLIZZY,36,325.33,143.1,172,50,0,15,0,0,25
Eduardo Rodriguez,SP,ARI,THALER,33,324,173,128,49,0,18,0,0,29
Chase Burns,SP,CIN,Dan,23,323.33,148.1,176,45,0,11,0,0,27
Sonny Gray,SP,BOS,Dan,36,320.67,156.2,140,48,0,18,0,0,27
Jacob deGrom,SP,TEX,MMM,38,320.33,149.1,186,63,0,12,0,0,28
Bryan Woo,SP,SEA,BB,26,319.33,162.1,163,70,0,16,0,0,28
Tarik Skubal,SP,LAD,CH,29,315.67,139.2,164,44,0,14,0,0,23
Kevin Gausman,SP,CHC,LTTA,35,307.33,166.1,171,86,0,14,0,0,30
Sean Burke,SP,CHW,GK,26,303,156,169,62,0,10,0,0,29
Shane Baz,SP,BAL,THALER,27,301,169,150,76,0,12,1,0,29
Shota Imanaga,SP,CHC,GK,33,300.33,162.1,156,70,0,13,0,0,29
Foster Griffin,SP,CLE,Dan,31,298.67,162.2,146,66,0,14,0,0,29
Jose Soriano,SP,TOR,GLIZZY,27,297,163,154,64,0,11,0,0,29
Payton Tolle,SP,BOS,BB,23,296,137,159,48,0,12,0,0,24
George Kirby,SP,SEA,LTTA,28,295.33,165.1,138,78,0,15,1,0,28
Noah Cameron,SP,KC,CJF,27,293.33,160.1,145,70,0,10,1,1,28
Tanner Bibee,SP,CLE,CJF,27,291.67,170.2,133,80,0,17,0,0,30
Logan Webb,SP,SF,BAMBI,29,289.67,155.2,127,71,0,17,1,0,26
MacKenzie Gore,SP,TEX,GLIZZY,27,286.67,161.2,172,83,0,9,0,0,31
Aaron Nola,SP,PHI,Dpf,33,286.33,161.1,165,84,0,11,0,0,30
Walbert Urena,SP,LAA,THALER,22,282.33,137.1,131,44,0,12,1,0,27
Nick Martinez,SP,TB,Dpf,36,280.33,166.1,98,54,0,15,1,0,28
Framber Valdez,SP,DET,LTTA,32,275.67,163.2,121,73,0,16,0,0,29
Trevor Rogers,SP,BAL,BB,28,275.67,151.2,138,70,0,14,0,0,27
Kyle Bradish,SP,BAL,LTTA,30,274,155,142,71,0,12,0,0,29
Eury Perez,SP,MIA,BAMBI,23,272.33,139.1,150,61,0,11,0,0,26
Dustin May,SP,MIL,THALER,29,272.33,138.1,133,69,0,13,1,1,28
Robbie Ray,SP,SD,Dan,34,,156.1,132,62,0,11,0,0,29
Joey Cantillo,SP,CLE,FA,26,270,148,162,64,0,6,0,0,31
Landen Roupp,SP,SF,CJF,28,266.67,150.2,139,67,0,11,0,0,28
Peter Lambert,SP,HOU,GLIZZY,29,266.67,145.2,141,60,0,10,0,0,26
Joe Ryan,SP,MIN,MMM,30,265.67,129.2,145,53,0,11,0,0,24
Bryce Elder,SP,ATL,Dpf,27,262,149,121,68,0,15,0,0,26
Ryan Weathers,SP,NYY,CJF,26,261.33,137.1,143,55,0,9,0,0,25
Emerson Hancock,SP,SEA,CH,27,257.67,138.2,126,55,0,12,0,0,25
Nathan Eovaldi,SP,TEX,LTTA,36,,135.1,139,63,0,11,0,0,23
Seth Lugo,SP,KC,FA,36,255,164,126,91,0,14,0,0,30
J.T. Ginn,SP,ATH,THALER,27,253.33,138.1,121,57,1,11,1,0,27
Michael McGreevy,SP,STL,Dan,26,253,154,106,67,0,15,0,0,28
Ranger Suarez,SP,BOS,Dpf,31,252.67,137.2,130,51,0,9,0,0,26
Will Warren,SP,NYY,THALER,27,251.33,142.1,141,64,0,8,0,0,29
Freddy Peralta,SP,TB,CJF,30,245,153,142,82,0,8,0,0,29
Brandon Young,SP,BAL,GK,28,242.67,140.2,112,58,0,12,0,0,25
Tyler Mahle,SP,ATL,Dpf,31,,138,127,60,0,9,0,0,25
Ian Seymour,SP,TB,FA,27,238.33,122.1,150,58,0,6,0,0,44
Kyle Leahy,SP,STL,GK,29,237,135,128,50,0,6,0,0,28
Andrew Abbott,SP,CIN,CS,27,,154.1,120,82,0,11,0,0,30
Justin Wrobleski,SP,LAD,FA,26,236.33,133.1,111,56,0,12,0,0,24
Grant Holmes,SP,ATL,Dpf,30,230.67,137.2,110,53,0,9,0,0,28
Davis Martin,SP,CHW,CH,29,229.67,135.2,115,61,0,10,0,0,26
Gerrit Cole,SP,NYY,MMM,36,229.33,115.1,117,47,0,11,0,0,20
Andre Pallante,SP,STL,CS,27,228,146,102,56,0,9,0,0,26
Max Meyer,SP,MIA,Dan,27,,111,121,33,0,7,0,0,20
Brady Singer,SP,CIN,FA,30,,150.2,125,90,0,10,0,0,29
Matthew Liberatore,SP,STL,FA,26,,143.1,146,88,0,6,0,0,29
Bubba Chandler,SP,PIT,FA,23,224,142,129,67,0,5,0,0,28
Keider Montero,SP,DET,CS,26,,147,98,58,0,9,0,0,30
Kumar Rocker,SP,TEX,FA,26,221.67,138.2,132,70,1,6,0,0,28
Kyle Harrison,SP,MIL,BB,25,219.67,110.2,134,49,0,6,0,0,24
Casey Mize,SP,SD,THALER,29,,119.1,107,49,0,10,0,0,23
Merrill Kelly,SP,ARI,W (Sun),37,216,152,102,84,0,9,1,0,27
Anthony Kay,SP,CHW,GK,31,213,145,118,74,0,6,0,0,30
Walker Buehler,SP,SD,CS,32,,138.2,121,71,0,6,0,0,29
Sean Manaea,SP,NYM,FA,34,212.33,133.1,126,71,0,6,0,0,30
Shohei Ohtani,"UT,SP",LAD,BB,32,,85.2,95,17,0,12,0,0,134
Martin Perez,SP,ATL,FA,35,,131.2,98,45,0,5,0,0,28
Roki Sasaki,SP,LAD,FA,24,203.33,119.1,117,61,0,7,0,0,23
Troy Melton,SP,DET,BAMBI,25,202,108,87,29,0,9,0,0,18
Shane Drohan,SP,MIL,LTTA,27,,118,119,57,0,5,0,0,29
Shane McClanahan,SP,TB,FA,29,196,118,106,44,0,4,0,0,24
Logan Henderson,SP,MIL,BB,24,192.33,88.1,99,23,0,7,0,0,16
Zebby Matthews,SP,MIN,CH,26,192.33,119.1,99,66,0,10,0,0,21
Max Fried,SP,NYY,GK,32,,99,94,30,0,7,0,0,18
Bailey Ober,SP,MIN,FA,31,188.67,117.2,85,56,0,6,1,1,22
Brandon Pfaadt,SP,ARI,Dpf,27,,124,84,52,0,8,0,0,27
Colin Rea,SP,CHC,FA,36,187,133,100,66,0,5,0,0,31
Christian Scott,SP,NYM,LTTA,27,185.33,99.1,120,42,0,2,0,0,21
Hunter Brown,SP,HOU,MMM,28,,92,100,36,0,7,0,0,17
David Peterson,SP,CHC,FA,31,,131.1,117,77,0,3,0,0,29
Michael Soroka,SP,ARI,FA,29,183.33,99.1,95,39,0,7,0,0,19
Emmet Sheehan,SP,LAD,GLIZZY,26,182,101,118,57,0,5,0,0,21
Jake Bennett,SP,BOS,GLIZZY,25,181,105,83,43,0,9,0,0,18
Matthew Boyd,SP,CHC,CJF,35,178.33,109.1,86,49,0,8,0,0,19
Connelly Early,SP,WSH,GK,24,,91.2,93,35,0,7,0,0,17
Randy Vasquez,SP,SD,FA,27,,129,81,57,0,6,0,0,28
Connor Prielipp,SP,MIN,FA,25,,113.1,117,66,0,3,0,0,22
Luis Castillo,SP,CHW,FA,33,175.67,128.2,111,81,1,5,0,0,27
Andrew Alvarez,SP,WSH,BAMBI,27,175,102,99,38,0,3,0,0,23
Trey Yesavage,SP,TOR,BAMBI,23,174.67,93.2,91,38,0,7,0,0,18
Cal Quantrill,SP,TEX,GK,31,174.67,102.2,77,33,0,7,0,0,30
Spencer Arrighetti,SP,TOR,LTTA,26,173.33,106.1,102,59,0,6,0,0,22
Tyler Phillips,SP,MIA,GK,28,,119,96,47,1,2,0,0,35
Tomoyuki Sugano,SP,COL,FA,36,172.67,137.2,84,81,0,8,0,0,26
Mitch Keller,SP,PIT,Dan,30,172.67,115.2,89,68,0,9,0,0,22
Jacob Lopez,SP,ATH,BB,28,,111,104,59,0,4,0,0,24
Jeffrey Springs,SP,ATH,FA,33,171,135,105,89,0,5,0,0,27
Gage Jump,SP,ATH,CH,23,,98.2,108,60,0,6,0,0,20
Erick Fedde,SP,CHW,FA,33,169.67,133.2,91,59,0,1,0,0,31
Bryce Miller,SP,SEA,CJF,28,167.33,102.1,101,48,0,3,0,0,19
Jared Jones,SP,PIT,Dan,25,,85.2,100,39,0,5,0,0,18
Kyle Freeland,SP,COL,FA,33,,124.1,103,88,0,4,1,0,24
Slade Cecconi,SP,CLE,FA,27,,115.2,93,65,0,5,0,0,25
Griffin Jax,SP,TB,FA,31,163.33,99.1,103,41,2,2,0,0,31
Clay Holmes,SP,CHC,CJF,33,161.67,91.2,71,29,0,7,0,0,16
Andrew Painter,SP,PHI,CH,23,,110.1,97,70,0,6,0,0,22
Rhett Lowder,SP,CIN,FA,24,,119.1,94,77,0,6,0,0,26
Chad Patrick,SP,MIL,FA,28,,101.1,90,36,1,1,0,0,52
Carmen Mlodzinski,SP,PIT,FA,27,,114,89,49,1,1,0,0,33
Brandon Sproat,SP,MIL,FA,25,,97,101,60,0,4,0,0,22
Jack Flaherty,SP,DET,FA,30,,86.1,102,44,0,2,0,0,19
Robert Gasser,SP,MIL,FA,27,,91.1,87,45,0,4,0,0,18
Spencer Miles,SP,TOR,FA,26,,89.2,86,27,0,0,0,0,46
Adrian Houser,SP,SF,FA,33,,109.2,75,49,0,3,0,0,26
Aaron Civale,SP,CHC,FA,31,,103,87,49,0,1,0,0,29
A.J. Blubaugh,SP,HOU,FA,26,,90,90,33,1,0,0,0,58
Drew Anderson,SP,DET,FA,32,,97,105,41,6,0,0,0,47
Tatsuya Imai,SP,HOU,FA,28,,72.2,91,42,0,5,0,0,20
Ryan Feltner,SP,COL,FA,30,,111.2,83,73,0,5,0,0,23
Jack Perkins,SP,ATH,FA,26,141.33,103.1,119,75,2,0,0,0,34
Carlos Rodon,SP,NYY,CJF,33,,70.1,78,23,0,4,0,0,14
Janson Junk,SP,MIA,FA,30,,111,74,56,0,3,0,0,23
Grant Taylor,SP,CHW,FA,24,,76.2,100,19,6,0,0,0,56
Eric Lauer,SP,LAD,FA,31,138.33,108.1,72,63,1,6,0,0,22
Tyler Glasnow,SP,LAD,BB,33,,61.2,77,24,0,5,0,0,11
Sean Newcomb,SP,CHW,FA,33,,84.1,78,26,1,0,0,0,54
Mason Montgomery,SP,PIT,FA,26,131.67,61.2,95,19,2,0,0,0,63
Nick Lodolo,SP,CIN,CJF,28,,89.2,75,51,0,4,0,0,18
Zack Littell,SP,ARI,FA,30,,124.1,73,72,0,1,0,0,26
Brayan Bello,SP,BOS,FA,27,128.67,102.2,77,55,0,1,0,0,23
Zac Thornton,SP,NYM,CH,24,,73.1,55,28,0,7,0,0,13
Lake Bachar,SP,PIT,FA,31,,79.1,83,31,1,0,0,0,48
Ben Brown,SP,CHC,FA,27,,68,65,14,1,3,0,0,20
Jake Irvin,SP,WSH,FA,29,,91.1,90,56,0,0,0,0,19
Tyler Wells,SP,TB,FA,32,,72,72,19,0,0,0,0,57
Jack Leiter,SP,TEX,FA,26,,80,83,47,0,2,0,0,15
Jameson Taillon,SP,TOR,FA,34,124,86,76,54,0,4,0,0,18
Ryne Nelson,SP,ARI,GLIZZY,28,,83.1,62,46,0,6,0,0,15
Michael Lorenzen,SP,TOR,FA,34,,124.1,88,97,0,2,0,0,30
Mike Burrows,SP,HOU,FA,26,,94.2,75,63,0,4,0,0,18
Brent Suter,SP,ATL,FA,37,,86.1,73,34,1,0,0,0,51
Tanner Gordon,SP,COL,FA,28,,97.1,81,60,0,1,0,0,22
Chris Bassitt,SP,BAL,FA,37,,90.1,66,49,0,3,0,0,18
Paul Blackburn,SP,NYY,FA,32,,79.2,66,15,4,0,0,0,57
Didier Fuentes,SP,ATL,FA,21,,67.1,86,17,6,0,0,0,54
Braydon Fisher,SP,TOR,FA,26,,72.1,71,26,0,0,0,0,71
Reynaldo Lopez,SP,ATL,FA,32,,76.1,71,35,0,1,0,0,25
Luis Medina,SP,ATH,FA,27,,67.1,86,25,4,0,0,0,53
Javier Assad,SP,CHC,FA,29,,89,58,35,0,1,0,0,24
Kai-Wei Teng,SP,HOU,FA,27,,73.2,73,39,0,2,0,0,30
Ryan Gusto,SP,MIA,FA,27,,78.1,65,36,0,2,0,0,21
Ryan Johnson,SP,LAA,FA,24,,84.1,63,48,0,4,0,0,19
Jake Latz,SP,TEX,FA,30,,64.2,72,13,3,0,0,0,52
Griffin Canning,SP,SD,FA,30,,80.2,81,52,0,1,0,0,26
Edward Cabrera,SP,CHC,FA,28,,76,67,48,0,4,0,0,15
Luis Severino,SP,ATH,FA,32,,62.2,65,29,0,3,0,0,12
Bradgley Rodriguez,SP,SD,FA,22,,66.1,74,17,5,0,0,0,63
Brad Lord,SP,WSH,FA,26,,77.2,71,35,2,0,0,0,37
Grayson Rodriguez,SP,LAA,FA,26,107.67,81.2,75,57,0,2,0,0,17
Dean Kremer,SP,MIN,CH,30,,71.2,69,45,0,3,0,0,14
Randy Dobnak,SP,KC,FA,31,,69.1,47,21,0,3,0,0,13
Trevor McDonald,SP,SF,FA,25,107.33,70.1,57,40,0,5,0,0,14
Zac Gallen,SP,ARI,Dpf,31,,101.1,62,70,0,3,0,0,20
Tim Mayza,SP,PHI,FA,34,,64.1,63,22,0,0,0,0,55
Jovani Moran,SP,BOS,FA,29,,62,68,23,1,0,0,0,47
Stephen Kolek,SP,KC,FA,29,,54,34,27,0,5,1,1,10
Miles Mikolas,SP,WSH,FA,38,,116,58,75,0,0,0,0,25
Mason Fluharty,SP,TOR,FA,25,,58,63,22,0,0,0,0,77
Jack Dreyer,SP,LAD,FA,27,,58.1,68,19,3,0,0,0,62
Patrick Corbin,SP,TOR,FA,37,,80,63,49,0,1,0,0,19
Tyler Holton,SP,DET,FA,30,97,69,55,21,2,0,0,0,63
Blake Snell,SP,LAD,BAMBI,33,96.67,37.2,51,8,0,4,0,0,7
Kris Bubic,SP,LAD,BAMBI,29,,50.1,51,23,0,4,0,0,9
Luinder Avila,SP,KC,FA,25,,70,61,43,0,1,0,0,21
Hunter Dobbins,SP,STL,FA,27,,54,52,22,0,2,0,0,11
Yoendrys Gomez,SP,MIN,FA,26,,62,57,27,0,0,0,0,59
Bryan Hudson,SP,CHW,FA,29,,62.2,58,20,3,0,0,0,64
Tyler Alexander,SP,TEX,FA,32,,64.2,56,23,2,0,0,0,66
Yusei Kikuchi,SP,LAA,FA,35,,53,54,28,0,3,0,0,11
Steven Matz,SP,TB,FA,35,,74,54,47,1,3,0,0,30
Brandon Woodruff,SP,MIL,FA,33,89.33,45.1,47,15,0,3,0,0,9
Shane Bieber,SP,TOR,MMM,31,,55.2,44,27,0,4,0,0,11
Kyle Hart,SP,SD,FA,33,88.33,61.1,57,27,1,0,0,0,42
Noah Schultz,SP,CHW,CJF,23,88.33,65.1,59,44,0,2,0,0,15
Patrick Sandoval,SP,BOS,CH,29,,55,57,28,0,1,0,0,11
Casey Legumina,SP,TB,FA,29,,65.1,49,27,0,0,0,0,50
Jack Kochanowicz,SP,LAA,FA,25,,64,47,44,0,5,0,0,13
Max Scherzer,SP,TOR,FA,42,,67.2,51,48,0,4,0,0,15
Daniel Lynch,SP,KC,FA,29,,71.2,49,28,2,0,0,0,53
J.R. Ritchie,SP,ATL,FA,23,,58,53,29,0,1,0,0,14
Chase Silseth,SP,TEX,FA,26,,55,63,21,4,0,0,0,66
Cristian Javier,SP,HOU,FA,29,,55.2,55,34,0,2,0,0,15
Wandy Peralta,SP,SD,FA,35,,70,46,26,2,0,0,0,60
Kodai Senga,SP,NYM,FA,33,,58,68,46,0,1,0,0,27
Andrew Morris,SP,MIN,FA,25,,67.1,61,30,5,0,0,0,57
Huascar Brazoban,SP,CHW,FA,36,,62.2,54,22,4,0,0,0,56
Zach Agnos,SP,COL,FA,26,82,82,54,54,0,0,0,0,38
Hayden Wesneski,SP,HOU,GLIZZY,28,,45.2,36,17,0,4,0,0,8
Dylan Dodd,SP,ATL,FA,28,,45.1,47,12,0,0,0,0,44
Mitch Farris,SP,LAA,FA,25,,50.1,54,23,1,0,0,0,28
Chase Dollander,SP,COL,FA,24,,44,47,19,0,1,0,0,10
Jordan Hicks,SP,CHW,FA,30,,44.1,57,21,2,0,0,0,48
Travis Adams,SP,MIN,FA,26,,48.1,54,28,0,0,0,0,35
Ryan Yarbrough,SP,NYY,FA,34,73.67,56.2,41,24,0,0,0,0,34
Cole Ragans,SP,KC,BAMBI,28,,35.1,45,19,0,3,0,0,8
Antonio Senzatela,SP,MIL,FA,31,,68.2,56,31,7,0,0,0,51
Kyle Hurt,SP,LAD,FA,28,,43.2,56,21,2,0,0,0,43
Gabriel Hughes,SP,COL,FA,25,,57.1,48,37,0,1,0,0,12
Drew Sommers,SP,DET,FA,26,,35,53,14,1,0,0,0,39
Will Klein,SP,LAD,FA,26,70.67,41.2,49,17,1,0,0,0,36
Spencer Strider,SP,ATL,GK,27,,39,46,23,0,2,0,0,8
Julian Garcia,SP,CIN,FA,31,,44,40,15,0,0,0,0,31
Caleb Kilian,SP,PHI,FA,29,,47.2,56,26,3,0,0,0,49
Lance McCullers Jr.,SP,MIL,FA,32,,44,48,32,0,2,0,0,10
Nate Pearson,SP,KC,FA,30,,41,36,9,1,0,0,0,36
Ty Madden,SP,DET,FA,26,,39,40,15,0,0,0,0,17
Enmanuel De Jesus,SP,DET,FA,29,,42.1,39,18,0,0,0,0,30
Will Dion,SP,WSH,FA,26,,41,46,19,2,0,0,0,22
Simeon Woods-Richardson,SP,SEA,FA,25,,66,40,49,0,1,0,0,20
Blade Tidwell,SP,SF,FA,25,,46.2,38,25,0,0,0,0,15
Mitch Bratt,SP,ARI,FA,23,,44,30,23,0,2,0,0,10
German Marquez,SP,MIN,FA,31,,53,37,31,0,0,0,0,13
Craig Yoho,SP,CLE,FA,26,58.33,37.1,40,16,1,0,0,0,31
Garrett Crochet,SP,BOS,CH,27,,30,37,21,0,3,0,0,6
Brandon Eisert,SP,PIT,FA,28,,38.1,46,24,1,0,0,0,35
Jesse Scholtens,SP,TB,FA,32,,44.2,34,20,1,0,0,0,11
Chris Paddack,SP,(N/A),FA,30,,57,40,43,1,1,0,0,13
Kendry Rojas,SP,MIN,FA,23,,29.2,34,11,0,0,0,0,12
Cade Povich,SP,BAL,FA,26,,33.1,25,15,0,2,0,0,7
Bryse Wilson,SP,MIL,FA,28,,34.1,30,14,0,0,0,0,15
Jimmy Herget,SP,COL,FA,33,,46,42,32,2,0,0,0,46
Mason Englert,SP,TB,FA,26,,35.2,32,18,0,0,0,0,14
Victor Mederos,SP,ATL,FA,25,,30.1,29,10,0,0,0,0,25
Quinn Mathews,SP,STL,FA,25,,30.2,28,14,0,1,0,0,6
Hagen Smith,SP,CHW,FA,23,,20,29,1,0,0,0,0,12
George Klassen,SP,LAA,FA,24,,27,24,11,0,2,0,0,6
Wilber Dotel,SP,PIT,FA,23,,34.2,35,19,1,0,0,0,18
Hunter Greene,SP,CIN,FA,27,,27.2,33,21,0,2,0,0,5
Mason Barnett,SP,ATH,FA,25,,40.2,38,32,0,0,0,0,18
Tobias Myers,SP,NYM,FA,28,,49.2,38,32,3,0,0,0,29
Brady Basso,SP,ATH,FA,28,,37.1,28,16,1,0,0,0,23
Cam Sanders,SP,BAL,FA,29,,27,34,15,0,0,0,0,25
PJ Poulin,SP,WSH,FA,30,,36.2,25,11,2,0,0,0,35
Matt Waldron,SP,WSH,FA,29,,42.2,33,31,0,0,0,0,17
Brandon Williamson,SP,CIN,FA,28,,37.2,28,25,0,1,0,0,8
Alec Gamboa,SP,BOS,FA,29,,28,20,4,0,0,0,0,17
Cole Wilcox,SP,SEA,FA,27,,27,28,12,0,0,0,0,23
Mick Abel,SP,MIN,FA,25,,20.1,23,9,0,2,0,0,4
Tyler Schweitzer,SP,CHW,FA,25,,37.1,18,13,0,0,0,0,18
Jose Quintana,SP,COL,FA,37,,41,20,24,0,1,0,0,9
J.P. Sears,SP,SD,FA,30,,32.2,25,17,0,0,0,0,8
Adam Macko,SP,TEX,FA,25,40.67,28.2,30,18,0,0,0,0,29
Jackson Jobe,SP,DET,THALER,24,,28.1,26,14,0,0,0,0,6
Trevor Williams,SP,TEX,FA,34,,22.1,26,8,0,0,0,0,12
Robert Stock,SP,NYM,FA,36,,30.1,29,20,0,0,0,0,8
Nick Pivetta,SP,SD,FA,33,,21,26,8,0,0,0,0,5
Jonathan Pintaro,SP,NYM,FA,28,,28,26,13,1,0,0,0,18
Alan Rangel,SP,PHI,FA,29,,26,29,17,0,0,0,0,7
Dax Fulton,SP,MIA,FA,24,,23.2,22,8,0,0,0,0,12
David Sandlin,SP,CHW,FA,25,,24.2,24,19,0,2,0,0,5
Cody Bradford,SP,TEX,FA,28,,34.1,17,18,0,1,0,0,7
Samuel Aldegheri,SP,LAA,FA,24,,33.2,22,19,0,0,0,0,9
Trey Gibson,SP,BAL,FA,24,36,33,30,27,0,0,0,0,8
Elmer Rodriguez,SP,NYY,THALER,23,,26.2,21,16,0,1,0,0,6
Carson Whisenhunt,SP,SF,FA,25,,34.2,26,25,0,0,0,0,8
Richard Lovelady,SP,WSH,FA,31,,30.1,27,13,3,0,0,0,33
Mike Paredes,SP,MIN,FA,26,,34.1,19,18,0,0,0,0,9
Mason Black,SP,KC,FA,26,,31.1,19,15,0,0,0,0,17
Riley Cornelio,SP,WSH,FA,26,,25.2,27,15,1,0,0,0,13
Jackson Kent,SP,WSH,FA,23,,27.1,23,20,0,1,0,0,6
Ryan Weiss,SP,HOU,FA,29,,26,30,22,0,0,0,0,9
Mason Adams,SP,COL,FA,26,,18.2,22,7,0,0,0,0,4
Jose Urquidy,SP,CHW,FA,31,,29,21,17,0,0,0,0,11
Joe Boyle,SP,TB,FA,27,,19,21,11,0,1,0,0,4
Gavin Collyer,SP,TEX,FA,25,,23,22,13,0,0,0,0,22
Jose Cabrera,SP,ARI,FA,24,,27,18,13,0,0,0,0,7
Tyler Samaniego,SP,BOS,FA,27,,20.1,17,6,0,0,0,0,20
Kade Anderson,SP,SEA,FA,22,,21,16,10,0,1,0,0,4
Lucas Giolito,SP,SD,FA,32,,29.2,18,17,0,0,0,0,7
Peyton Pallette,SP,CHW,FA,25,,20.2,22,12,0,0,0,0,16
Ronel Blanco,SP,HOU,FA,33,,27.1,23,20,0,0,0,0,6
Cody Bolton,SP,HOU,FA,28,,20,22,12,0,0,0,0,8
Mitchell Parker,SP,WSH,FA,26,,39.2,34,29,5,0,0,0,22
Daniel Espino,SP,CLE,FA,25,,12,20,3,0,0,0,0,10
Anthony Molina,SP,SF,FA,24,,22.1,19,13,0,0,0,0,7
Jake Woodford,SP,TB,FA,29,,26.1,23,21,0,0,0,0,18
Luis Gil,SP,NYY,FA,28,,23.1,14,14,0,1,0,0,6
Ethan Pecko,SP,HOU,FA,24,,23,15,11,0,0,0,0,5
Chase Petty,SP,CIN,FA,23,,31.2,15,17,1,0,0,0,16
Jose Franco,SP,CIN,FA,25,,20.1,15,10,0,0,0,0,10
