age,rel_to_27,yoy_delta,n_pairs
21,-0.0033080623152370505,0.008874393035326401,4
22,0.0055663307200893505,0.009942511913038151,26
23,0.015508842633127502,0.009987067316739042,34
24,0.025495909949866544,0.00020861094211438273,71
25,0.025704520891980928,-0.012781966159275363,78
26,0.012922554732705566,-0.012922554732705566,106
27,0.0,-0.020388161675196873,104
28,-0.020388161675196873,-0.016977266744818423,111
29,-0.03736542842001529,-0.02627946897975689,91
30,-0.06364489739977218,-0.019772585550699478,98
31,-0.08341748295047166,-0.03573509974786369,79
32,-0.11915258269833534,-0.03542513660797389,64
33,-0.15457771930630923,-0.049232791438997926,41
34,-0.20381051074530715,-0.043716138561946734,36
35,-0.24752664930725388,-0.05989080447742173,21
36,-0.3074174537846756,-0.06305677842196106,12
37,-0.37047423220663667,-0.07178833112286302,6
38,-0.4422625633294997,-0.07065397350181982,7
39,-0.5129165368313195,,0
