overall,round,pick,team,player,pos,mlb,type,season,nkey,is_pitcher,name,PA,pts,pts_g,final_hitter_rank,adp,adp_hitter_rank,exp_pts,pts_over_exp,beat,big_beat,produced_like_rank,mine,league_draft_hitter_rank,league_finish_rank,slot_gain,hitter_pick,exp_pts_slot,pts_over_slot
5,1,5,Basketball,Evan Carter,OF,TEX,LS,2024,evan carter,False,Evan Carter,162.0,145.0,3.2222222222222223,389.0,99.0,62.0,587.8333333333334,-442.83333333333337,False,False,403.0,True,1,92.0,-91.0,1.0,609.2,-464.20000000000005
9,1,9,Ring the bell,Spencer Torkelson,1B,DET,LS,2024,spencer torkelson,False,Spencer Torkelson,381.0,318.0,3.4565217391304346,255.0,117.2,73.0,587.8333333333334,-269.83333333333337,False,False,253.0,False,2,76.0,-74.0,2.0,609.2,-291.20000000000005
10,1,10,SS Factory,Triston Casas,1B,BOS,LS,2024,triston casas,False,Triston Casas,243.0,235.0,3.7301587301587302,311.0,89.2,57.0,587.8333333333334,-352.83333333333337,False,False,280.0,False,3,84.0,-81.0,3.0,609.2,-374.20000000000005
14,2,2,Ring the bell,George Springer,OF,TOR,LS,2024,george springer,False,George Springer,614.0,570.0,3.9310344827586206,88.0,100.2,63.0,587.8333333333334,-17.83333333333337,False,False,84.0,False,4,32.0,-28.0,4.0,609.2,-39.200000000000045
15,2,3,Juiced Ballz,Nolan Jones,OF,COL,LS,2024,nolan jones,False,Nolan Jones,297.0,251.0,3.1772151898734178,299.0,53.8,37.0,610.0,-359.0,False,False,280.0,False,5,82.0,-77.0,5.0,609.2,-358.20000000000005
18,2,6,City to the Shore,Nick Castellanos,OF,PHI,LS,2024,nick castellanos,False,Nick Castellanos,659.0,653.0,4.030864197530864,46.0,98.2,61.0,587.8333333333334,65.16666666666663,False,False,24.0,False,6,19.0,-13.0,6.0,609.2,43.799999999999955
19,2,7,The Chosen Juan,Christian Walker,1B,ARI,LS,2024,christian walker,False,Christian Walker,552.0,569.0,4.376923076923077,89.0,72.4,48.0,589.5555555555555,-20.555555555555543,False,False,84.0,False,7,33.0,-26.0,7.0,609.2,-40.200000000000045
20,2,8,The Greatest Glizzy Guzzlers,Teoscar Hernandez,OF,LAD,LS,2024,teoscar hernandez,False,Teoscar Hernández,652.0,746.0,4.8441558441558445,18.0,106.0,65.0,587.8333333333334,158.16666666666663,True,False,1.0,False,8,4.0,4.0,8.0,609.2,136.79999999999995
21,2,9,The Chosen Juan,Bryan Reynolds,OF,PIT,LA,2024,bryan reynolds,False,Bryan Reynolds,692.0,727.0,4.660256410256411,20.0,73.4,49.0,589.5555555555555,137.44444444444446,True,False,1.0,False,9,5.0,4.0,9.0,609.2,117.79999999999995
23,2,11,Some Ting Wong,Jazz Chisholm Jr.,"2B,3B,OF",MIA/NYY,LS,2024,jazz chisholm,False,Jazz Chisholm Jr.,621.0,710.0,4.829931972789115,24.0,63.2,44.0,595.0,115.0,False,False,1.0,False,10,7.0,3.0,10.0,609.2,100.79999999999995
24,2,12,Ring the bell,Luis Arraez,"1B,2B",MIA/SD,LS,2024,luis arraez,False,Luis Arraez,672.0,629.0,4.193333333333333,55.0,139.4,87.0,565.5,63.5,False,False,28.0,False,11,22.0,-11.0,11.0,609.2,19.799999999999955
26,3,2,Ring the bell,Anthony Santander,OF,BAL,LS,2024,anthony santander,False,Anthony Santander,665.0,717.0,4.625806451612903,22.0,123.0,75.0,587.8333333333334,129.16666666666663,True,False,1.0,False,12,6.0,6.0,12.0,609.2,107.79999999999995
29,3,5,The Great Bambi,Josh Jung,3B,TEX,LS,2024,josh jung,False,Josh Jung,188.0,175.0,3.8043478260869565,360.0,115.2,72.0,587.8333333333334,-412.83333333333337,False,False,365.0,False,13,89.0,-76.0,13.0,609.2,-434.20000000000005
30,3,6,City to the Shore,Spencer Steer,"1B,3B,OF",CIN,LS,2024,spencer steer,False,Spencer Steer,656.0,677.0,4.284810126582278,35.0,90.4,58.0,587.8333333333334,89.16666666666663,False,False,20.0,False,14,13.0,1.0,14.0,609.2,67.79999999999995
31,3,7,The Chosen Juan,Christopher Morel,"2B,3B,OF",CHC/TB,LS,2024,christopher morel,False,Christopher Morel,611.0,488.0,3.210526315789474,129.0,177.2,107.0,430.3076923076923,57.69230769230768,False,False,98.0,False,15,48.0,-33.0,15.0,609.2,-121.20000000000005
33,3,9,Ring the bell,Anthony Volpe,SS,NYY,LS,2024,anthony volpe,False,Anthony Volpe,689.0,651.0,4.06875,47.0,127.0,77.0,587.8333333333334,63.16666666666663,False,False,25.0,False,16,20.0,-4.0,16.0,557.6666666666666,93.33333333333337
34,3,10,Some Ting Wong,Cedric Mullins,OF,BAL,LS,2024,cedric mullins,False,Cedric Mullins,499.0,552.0,3.7551020408163267,101.0,137.8,85.0,565.5,-13.5,False,False,95.0,False,17,38.0,-21.0,17.0,557.6666666666666,-5.666666666666629
35,3,11,Let's try this again,Lane Thomas,OF,WSH/CLE,LS,2024,lane thomas,False,Lane Thomas,528.0,583.0,4.484615384615385,79.0,108.6,68.0,587.8333333333334,-4.833333333333371,False,False,81.0,False,18,29.0,-11.0,18.0,557.6666666666666,25.33333333333337
36,3,12,Some Ting Wong,Marcell Ozuna,UT,ATL,LS,2024,marcell ozuna,False,Marcell Ozuna,688.0,794.0,4.901234567901234,11.0,133.2,82.0,574.6666666666666,219.33333333333337,True,True,1.0,False,19,2.0,17.0,19.0,557.6666666666666,236.33333333333337
37,4,1,SS Factory,Xander Bogaerts,"2B,SS",SD,LS,2024,xander bogaerts,False,Xander Bogaerts,463.0,429.0,3.864864864864865,165.0,86.4,56.0,587.8333333333334,-158.83333333333337,False,False,181.0,False,20,57.0,-37.0,20.0,557.6666666666666,-128.66666666666663
38,4,2,Ring the bell,Max Muncy,3B,LAD,LS,2024,max muncy,False,Max Muncy,293.0,314.0,4.301369863013699,258.0,145.6,89.0,565.0,-251.0,False,False,253.0,False,21,77.0,-56.0,21.0,557.6666666666666,-243.66666666666663
41,4,5,Some Ting Wong,Yandy Diaz,1B,TB,LS,2024,yandy diaz,False,Yandy Díaz,621.0,556.0,3.8344827586206898,96.0,114.0,70.0,587.8333333333334,-31.83333333333337,False,False,91.0,False,22,36.0,-14.0,22.0,557.6666666666666,-1.6666666666666288
43,4,7,The Chosen Juan,Rhys Hoskins,1B,MIL,LS,2024,rhys hoskins,False,Rhys Hoskins,517.0,491.0,3.7480916030534353,127.0,188.4,112.0,430.3076923076923,60.69230769230768,False,False,96.0,False,23,47.0,-24.0,23.0,557.6666666666666,-66.66666666666663
44,4,8,The Greatest Glizzy Guzzlers,Alec Bohm,"1B,3B",PHI,LS,2024,alec bohm,False,Alec Bohm,606.0,608.0,4.251748251748252,66.0,156.8,95.0,504.0,104.0,True,False,38.0,False,24,25.0,-1.0,24.0,557.6666666666666,50.33333333333337
47,4,11,Let's try this again,Ke'Bryan Hayes,3B,PIT,LS,2024,kebryan hayes,False,Ke'Bryan Hayes,396.0,309.0,3.21875,263.0,178.2,108.0,430.3076923076923,-121.30769230769232,False,False,258.0,False,25,79.0,-54.0,25.0,557.6666666666666,-248.66666666666663
48,4,12,Some Ting Wong,Cal Raleigh,C,SEA,LS,2024,cal raleigh,False,Cal Raleigh,628.0,683.0,4.4640522875816995,33.0,136.6,84.0,565.5,117.5,True,False,20.0,False,26,11.0,15.0,26.0,557.6666666666666,125.33333333333337
50,5,2,Ring the bell,Yainer Diaz,"C,1B",HOU,LS,2024,yainer diaz,False,Yainer Diaz,619.0,662.0,4.472972972972973,42.0,108.0,67.0,587.8333333333334,74.16666666666663,False,False,24.0,False,27,17.0,10.0,27.0,557.6666666666666,104.33333333333337
51,5,3,Juiced Ballz,Christian Encarnacion-Strand,1B,CIN,LS,2024,christian encarnacionstrand,False,Christian Encarnacion-Strand,123.0,90.0,3.103448275862069,445.0,131.8,81.0,574.6666666666666,-484.66666666666663,False,False,456.0,False,28,95.0,-67.0,28.0,557.6666666666666,-467.66666666666663
53,5,5,Basketball,Josh Naylor,1B,CLE,LS,2024,josh naylor,False,Josh Naylor,633.0,660.0,4.342105263157895,44.0,127.8,78.0,587.8333333333334,72.16666666666663,False,False,24.0,True,29,18.0,11.0,29.0,557.6666666666666,102.33333333333337
54,5,6,City to the Shore,Parker Meadows,OF,DET,LS,2024,parker meadows,False,Parker Meadows,298.0,302.0,3.682926829268293,267.0,299.4,173.0,430.3076923076923,-128.30769230769232,False,False,258.0,False,30,80.0,-50.0,30.0,557.6666666666666,-255.66666666666663
56,5,8,The Greatest Glizzy Guzzlers,Jordan Walker,OF,STL,LS,2024,jordan walker,False,Jordan Walker,178.0,147.0,2.8823529411764706,387.0,119.4,74.0,587.8333333333334,-440.83333333333337,False,False,369.0,False,31,91.0,-60.0,31.0,557.6666666666666,-410.66666666666663
57,5,9,Gotham Knights,Seiya Suzuki,OF,CHC,LS,2024,seiya suzuki,False,Seiya Suzuki,585.0,663.0,5.0227272727272725,40.0,103.0,64.0,587.8333333333334,75.16666666666663,False,False,24.0,False,32,15.0,17.0,32.0,557.6666666666666,105.33333333333337
58,5,10,SS Factory,James Outman,OF,LAD,LS,2024,james outman,False,James Outman,156.0,108.0,2.0377358490566038,427.0,166.6,101.0,430.3076923076923,-322.3076923076923,False,False,425.0,False,33,93.0,-60.0,33.0,557.6666666666666,-449.66666666666663
59,5,11,Some Ting Wong,Willy Adames,SS,MIL,LS,2024,willy adames,False,Willy Adames,688.0,758.0,4.708074534161491,16.0,186.4,111.0,430.3076923076923,327.6923076923077,True,True,1.0,False,34,3.0,31.0,34.0,557.6666666666666,200.33333333333337
60,5,12,Brandywine Riverhounds,Trevor Story,"2B,SS",BOS,LS,2024,trevor story,False,Trevor Story,106.0,108.0,4.153846153846154,427.0,190.0,114.0,430.3076923076923,-322.3076923076923,False,False,425.0,False,35,93.0,-58.0,35.0,557.6666666666666,-449.66666666666663
61,6,1,Basketball,Andres Gimenez,2B,CLE,LS,2024,andres gimenez,False,Andrés Giménez,633.0,594.0,3.9078947368421053,76.0,114.8,71.0,587.8333333333334,6.166666666666629,False,False,46.0,True,36,28.0,8.0,36.0,557.6666666666666,36.33333333333337
63,6,3,Juiced Ballz,Chas McCormick,OF,HOU,LS,2024,chas mccormick,False,Chas McCormick,267.0,230.0,2.4468085106382977,314.0,151.2,90.0,557.0,-327.0,False,False,280.0,False,37,86.0,-49.0,37.0,556.5,-326.5
65,6,5,The Great Bambi,Zack Gelof,"2B,SS",OAK,LS,2024,zack gelof,False,Zack Gelof,547.0,504.0,3.652173913043478,124.0,138.0,86.0,565.5,-61.5,False,False,96.0,False,38,46.0,-8.0,38.0,556.5,-52.5
67,6,7,The Chosen Juan,Brandon Drury,"1B,2B,3B",LAA,LS,2024,brandon drury,False,Brandon Drury,360.0,202.0,2.082474226804124,337.0,241.4,145.0,430.3076923076923,-228.30769230769232,False,False,365.0,False,39,88.0,-49.0,39.0,548.0,-346.0
69,6,9,Gotham Knights,Masataka Yoshida,OF,BOS,LS,2024,masataka yoshida,False,Masataka Yoshida,421.0,411.0,3.8055555555555554,180.0,167.6,103.0,430.3076923076923,-19.30769230769232,False,False,182.0,False,40,60.0,-20.0,40.0,502.0,-91.0
70,6,10,SS Factory,Ian Happ,OF,CHC,LS,2024,ian happ,False,Ian Happ,657.0,710.0,4.640522875816994,24.0,156.6,94.0,552.0,158.0,True,True,1.0,False,41,7.0,34.0,41.0,485.27272727272725,224.72727272727275
72,6,12,Brandywine Riverhounds,Riley Greene,OF,DET,LS,2024,riley greene,False,Riley Greene,584.0,621.0,4.532846715328467,59.0,145.4,88.0,565.0,56.0,False,False,34.0,False,42,23.0,19.0,42.0,485.27272727272725,135.72727272727275
73,7,1,Basketball,Isaac Paredes,"1B,3B",TB/CHC,LS,2024,isaac paredes,False,Isaac Paredes,641.0,566.0,3.6993464052287583,92.0,165.8,98.0,430.3076923076923,135.69230769230768,False,False,84.0,True,43,34.0,9.0,43.0,485.27272727272725,80.72727272727275
78,7,6,City to the Shore,Carlos Correa,SS,MIN,LS,2024,carlos correa,False,Carlos Correa,367.0,411.0,4.77906976744186,180.0,208.8,124.0,430.3076923076923,-19.30769230769232,False,False,182.0,False,44,60.0,-16.0,44.0,485.27272727272725,-74.27272727272725
80,7,8,The Greatest Glizzy Guzzlers,Esteury Ruiz,OF,OAK,LS,2024,esteury ruiz,False,Esteury Ruiz,65.0,70.0,2.413793103448276,470.0,125.0,76.0,587.8333333333334,-517.8333333333334,False,False,463.0,False,45,96.0,-51.0,45.0,485.27272727272725,-415.27272727272725
82,7,10,Some Ting Wong,Steven Kwan,OF,CLE,LS,2024,steven kwan,False,Steven Kwan,540.0,582.0,4.770491803278689,80.0,193.0,115.0,430.3076923076923,151.69230769230768,True,False,81.0,False,46,30.0,16.0,46.0,485.27272727272725,96.72727272727275
83,7,11,Let's try this again,Brandon Nimmo,OF,NYM,LS,2024,brandon nimmo,False,Brandon Nimmo,663.0,674.0,4.4635761589403975,36.0,182.4,109.0,430.3076923076923,243.69230769230768,True,True,20.0,False,47,14.0,33.0,47.0,485.27272727272725,188.72727272727275
87,8,3,Juiced Ballz,Thairo Estrada,"2B,SS",SF,LS,2024,thairo estrada,False,Thairo Estrada,381.0,313.0,3.2604166666666665,259.0,166.2,99.0,430.3076923076923,-117.30769230769232,False,False,258.0,False,48,78.0,-30.0,48.0,485.27272727272725,-172.27272727272725
88,8,4,Let's try this again,Jonah Heim,C,TEX,LS,2024,jonah heim,False,Jonah Heim,491.0,413.0,3.1526717557251906,178.0,188.8,113.0,430.3076923076923,-17.30769230769232,False,False,182.0,False,49,59.0,-10.0,49.0,485.27272727272725,-72.27272727272725
89,8,5,The Great Bambi,Logan O'Hoppe,C,LAA,LS,2024,logan ohoppe,False,Logan O'Hoppe,522.0,534.0,3.926470588235294,110.0,224.8,131.0,430.3076923076923,103.69230769230768,False,False,95.0,False,50,40.0,10.0,50.0,485.27272727272725,48.72727272727275
92,8,8,The Greatest Glizzy Guzzlers,Sean Murphy,C,ATL,LS,2024,sean murphy,False,Sean Murphy,264.0,226.0,3.138888888888889,317.0,153.8,92.0,552.0,-326.0,False,False,365.0,False,51,87.0,-36.0,51.0,485.27272727272725,-259.27272727272725
93,8,9,Gotham Knights,Francisco Alvarez,C,NYM,LS,2024,francisco alvarez,False,Francisco Alvarez,342.0,340.0,3.4,238.0,166.8,102.0,430.3076923076923,-90.30769230769232,False,False,253.0,False,52,74.0,-22.0,52.0,485.27272727272725,-145.27272727272725
94,8,10,SS Factory,Willson Contreras,C,STL,LS,2024,willson contreras,False,Willson Contreras,358.0,392.0,4.666666666666667,195.0,164.0,96.0,488.0,-96.0,False,False,198.0,False,53,64.0,-11.0,53.0,485.27272727272725,-93.27272727272725
95,8,11,Let's try this again,Jorge Polanco,"2B,SS",SEA,LS,2024,jorge polanco,False,Jorge Polanco,469.0,380.0,3.2203389830508473,203.0,239.0,143.0,430.3076923076923,-50.30769230769232,False,False,198.0,False,54,66.0,-12.0,54.0,485.27272727272725,-105.27272727272725
97,9,1,Basketball,Salvador Perez,"C,1B",KC,LS,2024,salvador perez,False,Salvador Perez,652.0,663.0,4.19620253164557,40.0,135.8,83.0,574.6666666666666,88.33333333333337,True,False,24.0,True,55,15.0,40.0,55.0,485.27272727272725,177.72727272727275
98,9,2,Ring the bell,TJ Friedl,OF,CIN,LA,2024,tj friedl,False,TJ Friedl,341.0,338.0,3.976470588235294,239.0,196.0,116.0,430.3076923076923,-92.30769230769232,False,False,253.0,False,56,75.0,-19.0,56.0,485.27272727272725,-147.27272727272725
99,9,3,Juiced Ballz,Ezequiel Tovar,SS,COL,LS,2024,ezequiel tovar,False,Ezequiel Tovar,695.0,681.0,4.337579617834395,34.0,202.6,120.0,430.3076923076923,250.69230769230768,True,True,20.0,False,57,12.0,45.0,57.0,485.27272727272725,195.72727272727275
101,9,5,The Great Bambi,Jarren Duran,OF,BOS,LS,2024,jarren duran,False,Jarren Duran,735.0,887.0,5.54375,6.0,170.2,105.0,430.3076923076923,456.6923076923077,True,True,1.0,False,58,1.0,57.0,58.0,485.27272727272725,401.72727272727275
104,9,8,The Greatest Glizzy Guzzlers,Jake Cronenworth,"1B,2B",SD,LS,2024,jake cronenworth,False,Jake Cronenworth,656.0,600.0,3.870967741935484,73.0,312.6,183.0,406.0,194.0,True,True,43.0,False,59,27.0,32.0,59.0,485.27272727272725,114.72727272727275
105,9,9,Gotham Knights,Cavan Biggio,"1B,2B,3B,OF",TOR/LAD/SF/ATL,LS,2024,cavan biggio,False,Cavan Biggio,224.0,171.0,2.1923076923076925,362.0,379.0,233.0,373.8222222222222,-202.8222222222222,False,False,365.0,False,60,90.0,-30.0,60.0,485.27272727272725,-314.27272727272725
108,9,12,Brandywine Riverhounds,Edouard Julien,2B,MIN,LS,2024,edouard julien,False,Edouard Julien,301.0,244.0,2.595744680851064,305.0,214.6,125.0,430.3076923076923,-186.30769230769232,False,False,280.0,False,61,83.0,-22.0,61.0,485.27272727272725,-241.27272727272725
110,10,2,Ring the bell,Nolan Gorman,2B,STL,LA,2024,nolan gorman,False,Nolan Gorman,402.0,355.0,3.317757009345794,227.0,166.2,100.0,430.3076923076923,-75.30769230769232,False,False,251.0,False,62,70.0,-8.0,62.0,485.27272727272725,-130.27272727272725
111,10,3,Juiced Ballz,Daulton Varsho,OF,TOR,LS,2024,daulton varsho,False,Daulton Varsho,513.0,506.0,3.7205882352941178,122.0,202.8,121.0,430.3076923076923,75.69230769230768,False,False,95.0,False,63,45.0,18.0,63.0,431.2659574468085,74.7340425531915
115,10,7,The Chosen Juan,Jake Burger,"1B,3B",MIA,LA,2024,jake burger,False,Jake Burger,579.0,554.0,4.043795620437956,99.0,154.4,93.0,552.0,2.0,False,False,92.0,False,64,37.0,27.0,64.0,431.2659574468085,122.7340425531915
118,10,10,SS Factory,Byron Buxton,OF,MIN,LS,2024,byron buxton,False,Byron Buxton,388.0,459.0,4.5,150.0,231.4,136.0,430.3076923076923,28.69230769230768,False,False,98.0,False,65,52.0,13.0,65.0,431.2659574468085,27.7340425531915
122,11,2,Ring the bell,Eloy Jimenez,UT,CHW/BAL,LA,2024,eloy jimenez,False,Eloy Jiménez,349.0,267.0,2.7244897959183674,290.0,183.4,110.0,430.3076923076923,-163.30769230769232,False,False,266.0,False,66,81.0,-15.0,66.0,431.2659574468085,-164.2659574468085
126,11,6,City to the Shore,J.P. Crawford,SS,SEA,LS,2024,jp crawford,False,J.P. Crawford,451.0,367.0,3.4952380952380953,214.0,221.6,129.0,430.3076923076923,-63.30769230769232,False,False,249.0,False,67,68.0,-1.0,67.0,431.2659574468085,-64.2659574468085
127,11,7,The Chosen Juan,Giancarlo Stanton,OF,NYY,LS,2024,giancarlo stanton,False,Giancarlo Stanton,459.0,456.0,4.0,151.0,224.0,130.0,430.3076923076923,25.69230769230768,False,False,98.0,False,68,53.0,15.0,68.0,431.2659574468085,24.7340425531915
130,11,10,SS Factory,Ryan McMahon,"2B,3B",COL,LS,2024,ryan mcmahon,False,Ryan McMahon,645.0,564.0,3.6862745098039214,94.0,231.0,135.0,430.3076923076923,133.69230769230768,True,False,90.0,False,69,35.0,34.0,69.0,431.2659574468085,132.7340425531915
132,11,12,Brandywine Riverhounds,J.D. Martinez,UT,NYM,LS,2024,jd martinez,False,J.D. Martinez,495.0,448.0,3.7333333333333334,156.0,238.8,142.0,430.3076923076923,17.69230769230768,False,False,98.0,False,70,54.0,16.0,70.0,431.2659574468085,16.7340425531915
134,12,2,Ring the bell,Kerry Carpenter,OF,DET,LA,2024,kerry carpenter,False,Kerry Carpenter,296.0,359.0,4.126436781609195,224.0,199.6,118.0,430.3076923076923,-71.30769230769232,False,False,251.0,False,71,69.0,2.0,71.0,431.2659574468085,-72.2659574468085
137,12,5,The Great Bambi,Brandon Lowe,"1B,2B",TB,LS,2024,brandon lowe,False,Brandon Lowe,425.0,443.0,4.140186915887851,160.0,270.4,158.0,430.3076923076923,12.69230769230768,False,False,98.0,False,72,56.0,16.0,72.0,431.2659574468085,11.7340425531915
138,12,6,City to the Shore,Jeimer Candelario,"1B,3B",CIN,LS,2024,jeimer candelario,False,Jeimer Candelario,463.0,416.0,3.7142857142857144,177.0,206.8,122.0,430.3076923076923,-14.30769230769232,False,False,182.0,False,73,58.0,15.0,73.0,431.2659574468085,-15.2659574468085
139,12,7,The Chosen Juan,Jack Suwinski,OF,PIT,LA,2024,jack suwinski,False,Jack Suwinski,277.0,234.0,2.659090909090909,312.0,245.2,148.0,430.3076923076923,-196.30769230769232,False,False,280.0,False,74,85.0,-11.0,74.0,431.2659574468085,-197.2659574468085
141,12,9,Gotham Knights,Davis Schneider,"2B,3B,OF",TOR,LS,2024,davis schneider,False,Davis Schneider,454.0,380.0,2.814814814814815,203.0,381.4,236.0,373.8222222222222,6.177777777777806,False,False,198.0,False,75,66.0,9.0,75.0,431.2659574468085,-51.2659574468085
146,13,2,Ring the bell,Lourdes Gurriel Jr.,OF,ARI,LA,2024,lourdes gurriel,False,Lourdes Gurriel Jr.,553.0,572.0,4.3007518796992485,85.0,216.0,126.0,430.3076923076923,141.69230769230768,True,False,84.0,False,76,31.0,45.0,76.0,431.2659574468085,140.7340425531915
149,13,5,The Great Bambi,Starling Marte,OF,NYM,LS,2024,starling marte,False,Starling Marte,370.0,394.0,4.191489361702128,192.0,227.8,134.0,430.3076923076923,-36.30769230769232,False,False,198.0,False,77,63.0,14.0,77.0,431.2659574468085,-37.2659574468085
150,13,6,City to the Shore,Mitch Garver,C,SEA,LS,2024,mitch garver,False,Mitch Garver,430.0,346.0,3.0350877192982457,234.0,201.8,119.0,430.3076923076923,-84.30769230769232,False,False,251.0,False,78,72.0,6.0,78.0,431.2659574468085,-85.2659574468085
152,13,8,The Greatest Glizzy Guzzlers,Jarred Kelenic,OF,ATL,LA,2024,jarred kelenic,False,Jarred Kelenic,449.0,410.0,3.1297709923664123,182.0,248.6,150.0,430.3076923076923,-20.30769230769232,False,False,182.0,False,79,62.0,17.0,79.0,431.2659574468085,-21.2659574468085
154,13,10,SS Factory,Alex Verdugo,OF,NYY,LS,2024,alex verdugo,False,Alex Verdugo,621.0,533.0,3.577181208053691,112.0,278.4,163.0,430.3076923076923,102.69230769230768,True,False,95.0,False,80,42.0,38.0,80.0,431.2659574468085,101.7340425531915
155,13,11,Let's try this again,Jonathan India,2B,CIN,LS,2024,jonathan india,False,Jonathan India,637.0,613.0,4.059602649006623,62.0,252.4,153.0,430.3076923076923,182.69230769230768,True,True,36.0,False,81,24.0,57.0,81.0,431.2659574468085,181.7340425531915
156,13,12,Brandywine Riverhounds,Nolan Schanuel,"1B,3B,OF",LAA,LS,2024,nolan schanuel,False,Nolan Schanuel,607.0,534.0,3.63265306122449,110.0,380.6,235.0,373.8222222222222,160.1777777777778,True,False,95.0,False,82,40.0,42.0,82.0,431.2659574468085,102.7340425531915
157,14,1,Basketball,Andrew Vaughn,"1B,OF",CHW,LA,2024,andrew vaughn,False,Andrew Vaughn,619.0,540.0,3.6241610738255035,108.0,247.2,149.0,430.3076923076923,109.69230769230768,True,False,95.0,True,83,39.0,44.0,83.0,431.2659574468085,108.7340425531915
159,14,3,Juiced Ballz,Nathaniel Lowe,1B,TEX,LS,2024,nathaniel lowe,False,Nathaniel Lowe,565.0,531.0,3.7928571428571427,113.0,221.4,128.0,430.3076923076923,100.69230769230768,False,False,95.0,False,84,43.0,41.0,84.0,431.2659574468085,99.7340425531915
160,14,4,SS Factory,Ryan Mountcastle,1B,BAL,LS,2024,ryan mountcastle,False,Ryan Mountcastle,507.0,480.0,3.870967741935484,135.0,250.0,151.0,430.3076923076923,49.69230769230768,False,False,98.0,False,85,50.0,35.0,85.0,431.2659574468085,48.7340425531915
161,14,5,The Great Bambi,Keibert Ruiz,C,WSH,LS,2024,keibert ruiz,False,Keibert Ruiz,485.0,445.0,3.5039370078740157,157.0,221.0,127.0,430.3076923076923,14.69230769230768,False,False,98.0,False,86,55.0,31.0,86.0,431.2659574468085,13.7340425531915
162,14,6,City to the Shore,Taylor Ward,OF,LAA,LA,2024,taylor ward,False,Taylor Ward,663.0,640.0,4.102564102564102,53.0,238.6,141.0,430.3076923076923,209.69230769230768,True,True,27.0,False,87,21.0,66.0,87.0,431.2659574468085,208.7340425531915
164,14,8,The Greatest Glizzy Guzzlers,Matt Chapman,3B,SF,LA,2024,matt chapman,False,Matt Chapman,647.0,684.0,4.441558441558442,32.0,257.2,154.0,430.3076923076923,253.69230769230768,True,True,20.0,False,88,10.0,78.0,88.0,431.2659574468085,252.7340425531915
166,14,10,SS Factory,Sal Frelick,OF,MIL,LS,2024,sal frelick,False,Sal Frelick,524.0,486.0,3.3517241379310345,130.0,291.2,168.0,430.3076923076923,55.69230769230768,False,False,98.0,False,89,49.0,40.0,89.0,431.2659574468085,54.7340425531915
168,14,12,Brandywine Riverhounds,Bo Naylor,C,CLE,LS,2024,bo naylor,False,Bo Naylor,389.0,348.0,2.8292682926829267,231.0,231.8,137.0,430.3076923076923,-82.30769230769232,False,False,251.0,False,90,71.0,19.0,90.0,431.2659574468085,-83.2659574468085
171,15,3,Juiced Ballz,Lars Nootbaar,OF,STL,LS,2024,lars nootbaar,False,Lars Nootbaar,405.0,389.0,3.5688073394495414,199.0,241.6,146.0,430.3076923076923,-41.30769230769232,False,False,198.0,False,91,65.0,26.0,91.0,431.2659574468085,-42.2659574468085
172,15,4,SS Factory,Jackson Merrill,"SS,OF",SD,LS,2024,jackson merrill,False,Jackson Merrill,593.0,697.0,4.467948717948718,27.0,272.2,160.0,430.3076923076923,266.6923076923077,True,True,1.0,False,92,9.0,83.0,92.0,431.2659574468085,265.7340425531915
173,15,5,The Great Bambi,Tyler O'Neill,OF,BOS,LS,2024,tyler oneill,False,Tyler O'Neill,473.0,517.0,4.575221238938053,117.0,226.4,133.0,430.3076923076923,86.69230769230768,False,False,95.0,False,93,44.0,49.0,93.0,431.2659574468085,85.7340425531915
174,15,6,City to the Shore,Justin Turner,1B,TOR/SEA,LA,2024,justin turner,False,Justin Turner,539.0,477.0,3.431654676258993,139.0,198.4,117.0,430.3076923076923,46.69230769230768,False,False,98.0,False,94,51.0,43.0,94.0,431.2659574468085,45.7340425531915
177,15,9,Gotham Knights,Seth Brown,"1B,OF",OAK,LS,2024,seth brown,False,Seth Brown,400.0,342.0,2.7580645161290325,237.0,446.5,276.0,258.14285714285717,83.85714285714283,False,False,253.0,False,95,73.0,22.0,95.0,431.2659574468085,-89.2659574468085
179,15,11,Let's try this again,Maikel Garcia,"2B,3B,SS",KC,LS,2024,maikel garcia,False,Maikel Garcia,626.0,605.0,3.8535031847133756,69.0,237.6,140.0,430.3076923076923,174.69230769230768,True,True,43.0,False,96,26.0,70.0,96.0,431.2659574468085,173.7340425531915
180,15,12,Brandywine Riverhounds,Jasson Dominguez,OF,NYY,LS,2024,jasson dominguez,False,Jasson Domínguez,67.0,68.0,3.7777777777777777,474.0,415.0,256.0,313.6,-245.60000000000002,False,False,466.0,False,97,97.0,0.0,97.0,431.2659574468085,-363.2659574468085
1,1,1,The Greatest Glizzy Guzzlers,Brent Rooker,OF,ATH,LS,2025,brent rooker,False,Brent Rooker,699.0,736.0,4.54320987654321,23.0,46.8,36.0,627.25,108.75,False,False,15.0,False,1,4.0,-3.0,1.0,609.2,126.79999999999995
2,1,2,Juiced Ballz,Cal Raleigh,C,SEA,LA,2025,cal raleigh,False,Cal Raleigh,705.0,919.0,5.779874213836478,4.0,87.8,56.0,572.1428571428571,346.8571428571429,True,False,1.0,False,2,1.0,1.0,2.0,609.2,309.79999999999995
4,1,4,Ring the bell,Teoscar Hernandez,OF,LAD,LS,2025,teoscar hernandez,False,Teoscar Hernández,546.0,566.0,4.223880597014926,93.0,53.0,42.0,616.0,-50.0,False,False,67.0,False,3,39.0,-36.0,3.0,609.2,-43.200000000000045
6,1,6,Ring the bell,Matt McLain,"2B,SS",CIN,LS,2025,matt mclain,False,Matt McLain,577.0,517.0,3.5170068027210886,123.0,95.0,63.0,572.1428571428571,-55.14285714285711,False,False,98.0,False,4,50.0,-46.0,4.0,609.2,-92.20000000000005
7,1,7,Midwest MooseKnuckle Mafia,Jazz Chisholm Jr.,"2B,3B,OF",NYY,LS,2025,jazz chisholm,False,Jazz Chisholm Jr.,531.0,628.0,4.8307692307692305,65.0,24.8,21.0,695.0,-67.0,False,False,33.0,False,5,27.0,-22.0,5.0,609.2,18.799999999999955
8,1,8,Gotham Knights,Ozzie Albies,2B,ATL,LS,2025,ozzie albies,False,Ozzie Albies,667.0,612.0,3.8980891719745223,76.0,49.2,38.0,623.0,-11.0,False,False,48.0,False,6,32.0,-26.0,6.0,609.2,2.7999999999999545
9,1,9,Some Ting Wong,Christian Walker,1B,HOU,LA,2025,christian walker,False,Christian Walker,640.0,596.0,3.8701298701298703,83.0,78.0,50.0,596.0,0.0,False,False,51.0,False,7,34.0,-27.0,7.0,609.2,-13.200000000000045
10,1,10,Some Ting Wong,Bryan Reynolds,OF,PIT,LA,2025,bryan reynolds,False,Bryan Reynolds,654.0,600.0,3.896103896103896,79.0,86.2,55.0,572.1428571428571,27.85714285714289,False,False,50.0,False,8,33.0,-25.0,8.0,609.2,-9.200000000000045
12,1,12,The Great Bambi,Oneil Cruz,"SS,OF",PIT,LS,2025,oneil cruz,False,Oneil Cruz,544.0,578.0,4.281481481481482,87.0,41.8,32.0,628.0,-50.0,False,False,51.0,False,9,36.0,-27.0,9.0,609.2,-31.200000000000045
14,2,2,Juiced Ballz,Willy Adames,SS,SF,LA,2025,willy adames,False,Willy Adames,686.0,668.0,4.175,52.0,71.4,48.0,600.0,68.0,False,False,26.0,False,10,21.0,-11.0,10.0,609.2,58.799999999999955
18,2,6,The Chosen Juan,Triston Casas,1B,BOS,LS,2025,triston casas,False,Triston Casas,112.0,75.0,2.586206896551724,471.0,103.2,67.0,546.0,-471.0,False,False,485.0,False,11,112.0,-101.0,11.0,609.2,-534.2
20,2,8,Some Ting Wong,Ian Happ,OF,CHC,LS,2025,ian happ,False,Ian Happ,663.0,659.0,4.3933333333333335,54.0,117.2,74.0,544.1333333333333,114.86666666666667,False,False,27.0,False,12,22.0,-10.0,12.0,609.2,49.799999999999955
21,2,9,Some Ting Wong,Ezequiel Tovar,SS,COL,LS,2025,ezequiel tovar,False,Ezequiel Tovar,390.0,340.0,3.5789473684210527,234.0,135.8,84.0,544.1333333333333,-204.13333333333333,False,False,216.0,False,13,89.0,-76.0,13.0,609.2,-269.20000000000005
22,2,10,Some Ting Wong,Steven Kwan,OF,CLE,LS,2025,steven kwan,False,Steven Kwan,693.0,680.0,4.358974358974359,46.0,133.2,81.0,544.1333333333333,135.86666666666667,True,False,25.0,False,14,18.0,-4.0,14.0,609.2,70.79999999999995
24,2,12,Charlie Hustle,Adolis Garcia,OF,TEX,LS,2025,adolis garcia,False,Adolis García,547.0,530.0,3.925925925925926,116.0,124.6,77.0,544.1333333333333,-14.133333333333326,False,False,95.0,False,15,47.0,-32.0,15.0,609.2,-79.20000000000005
25,3,1,The Greatest Glizzy Guzzlers,Josh Naylor,1B,ARI/SEA,LS,2025,josh naylor,False,Josh Naylor,604.0,721.0,4.904761904761905,30.0,69.8,46.0,615.0,106.0,False,False,17.0,False,16,8.0,8.0,16.0,557.6666666666666,163.33333333333337
29,3,5,City to the Shore,Maikel Garcia,"2B,3B,SS",KC,LS,2025,maikel garcia,False,Maikel Garcia,666.0,716.0,4.475,32.0,222.8,134.0,434.0,282.0,True,True,17.0,False,17,9.0,8.0,17.0,557.6666666666666,158.33333333333337
30,3,6,The Chosen Juan,Jurickson Profar,OF,ATL,LS,2025,jurickson profar,False,Jurickson Profar,371.0,394.0,4.925,206.0,162.8,98.0,502.0,-108.0,False,False,150.0,False,18,82.0,-64.0,18.0,557.6666666666666,-163.66666666666663
31,3,7,Midwest MooseKnuckle Mafia,Riley Greene,OF,DET,LS,2025,riley greene,False,Riley Greene,655.0,704.0,4.484076433121019,35.0,100.6,65.0,568.0,136.0,True,False,19.0,False,19,11.0,8.0,19.0,557.6666666666666,146.33333333333337
33,3,9,Some Ting Wong,Eugenio Suarez,3B,ARI/SEA,LA,2025,eugenio suarez,False,Eugenio Suárez,657.0,709.0,4.459119496855346,34.0,146.8,88.0,541.0,168.0,True,False,19.0,False,20,10.0,10.0,20.0,557.6666666666666,151.33333333333337
34,3,10,Let's try this again,Dansby Swanson,SS,CHC,LS,2025,dansby swanson,False,Dansby Swanson,645.0,649.0,4.081761006289308,57.0,175.6,105.0,494.6296296296296,154.37037037037038,True,False,31.0,False,21,24.0,-3.0,21.0,557.6666666666666,91.33333333333337
35,3,11,The Great Bambi,Jordan Westburg,"2B,3B",BAL,LS,2025,jordan westburg,False,Jordan Westburg,352.0,360.0,4.235294117647059,221.0,82.2,53.0,572.1428571428571,-212.1428571428571,False,False,216.0,False,22,85.0,-63.0,22.0,557.6666666666666,-197.66666666666663
37,4,1,The Greatest Glizzy Guzzlers,Luis Robert Jr.,OF,CHW,LS,2025,luis robert,False,Luis Robert Jr.,431.0,473.0,4.3,151.0,89.0,60.0,572.1428571428571,-99.14285714285711,False,False,130.0,False,23,60.0,-37.0,23.0,557.6666666666666,-84.66666666666663
38,4,2,Juiced Ballz,Seiya Suzuki,OF,CHC,LA,2025,seiya suzuki,False,Seiya Suzuki,651.0,677.0,4.483443708609271,47.0,88.0,57.0,572.1428571428571,104.85714285714289,False,False,25.0,False,24,19.0,5.0,24.0,557.6666666666666,119.33333333333337
39,4,3,Midwest MooseKnuckle Mafia,Matt Chapman,3B,SF,LS,2025,matt chapman,False,Matt Chapman,535.0,528.0,4.125,118.0,115.6,72.0,544.1333333333333,-16.133333333333326,False,False,98.0,False,25,48.0,-23.0,25.0,557.6666666666666,-29.66666666666663
40,4,4,Ring the bell,Mark Vientos,3B,NYM,LS,2025,mark vientos,False,Mark Vientos,463.0,409.0,3.3801652892561984,195.0,88.8,59.0,572.1428571428571,-163.1428571428571,False,False,146.0,False,26,76.0,-50.0,26.0,557.6666666666666,-148.66666666666663
46,4,10,Let's try this again,Lane Thomas,OF,CLE,LS,2025,lane thomas,False,Lane Thomas,142.0,107.0,2.7435897435897436,427.0,168.4,102.0,494.6296296296296,-387.6296296296296,False,False,485.0,False,27,111.0,-84.0,27.0,557.6666666666666,-450.66666666666663
48,4,12,The Great Bambi,Junior Caminero,3B,TB,LS,2025,junior caminero,False,Junior Caminero,653.0,731.0,4.746753246753247,25.0,90.6,61.0,572.1428571428571,158.8571428571429,True,False,15.0,False,28,5.0,23.0,28.0,557.6666666666666,173.33333333333337
49,5,1,The Greatest Glizzy Guzzlers,Max Muncy,3B,LAD,LS,2025,max muncy,False,Max Muncy,388.0,409.0,4.09,195.0,202.4,123.0,494.6296296296296,-85.62962962962962,False,False,146.0,False,29,76.0,-47.0,29.0,557.6666666666666,-148.66666666666663
50,5,2,Juiced Ballz,Brice Turang,2B,MIL,LA,2025,brice turang,False,Brice Turang,659.0,730.0,4.67948717948718,26.0,117.0,73.0,544.1333333333333,185.86666666666667,True,False,15.0,False,30,6.0,24.0,30.0,557.6666666666666,172.33333333333337
53,5,5,City to the Shore,Shea Langeliers,C,ATH,LS,2025,shea langeliers,False,Shea Langeliers,523.0,622.0,5.056910569105691,69.0,149.4,91.0,541.0,81.0,False,False,39.0,False,31,30.0,1.0,31.0,557.6666666666666,64.33333333333337
54,5,6,The Chosen Juan,Brandon Nimmo,OF,NYM,LA,2025,brandon nimmo,False,Brandon Nimmo,652.0,688.0,4.438709677419355,44.0,148.6,89.0,541.0,147.0,True,False,23.0,False,32,17.0,15.0,32.0,557.6666666666666,130.33333333333337
55,5,7,Midwest MooseKnuckle Mafia,Luis Garcia Jr.,2B,WSH,LS,2025,luis garcia,False,Luis García Jr.,526.0,521.0,3.7482014388489207,122.0,126.0,78.0,544.1333333333333,-23.133333333333326,False,False,98.0,False,33,49.0,-16.0,33.0,557.6666666666666,-36.66666666666663
58,5,10,Charlie Hustle,Gleyber Torres,2B,DET,LS,2025,gleyber torres,False,Gleyber Torres,628.0,591.0,4.075862068965518,84.0,217.2,130.0,457.0,134.0,True,False,51.0,False,34,35.0,-1.0,34.0,557.6666666666666,33.33333333333337
59,5,11,The Great Bambi,Salvador Perez,"C,1B",KC,LS,2025,salvador perez,False,Salvador Perez,641.0,628.0,4.051612903225807,65.0,80.8,52.0,572.1428571428571,55.85714285714289,False,False,33.0,False,35,27.0,8.0,35.0,557.6666666666666,70.33333333333337
60,5,12,Basketball,Bo Bichette,SS,TOR,LS,2025,bo bichette,False,Bo Bichette,628.0,677.0,4.870503597122302,47.0,110.4,69.0,546.0,131.0,False,False,25.0,True,36,19.0,17.0,36.0,557.6666666666666,119.33333333333337
61,6,1,The Greatest Glizzy Guzzlers,Xander Bogaerts,"2B,SS",SD,LS,2025,xander bogaerts,False,Xander Bogaerts,552.0,541.0,3.9779411764705883,105.0,149.0,90.0,541.0,0.0,False,False,95.0,False,37,43.0,-6.0,37.0,556.5,-15.5
62,6,2,Juiced Ballz,Vinnie Pasquantino,1B,KC,LA,2025,vinnie pasquantino,False,Vinnie Pasquantino,682.0,699.0,4.36875,38.0,112.6,71.0,544.1333333333333,154.86666666666667,True,False,20.0,False,38,13.0,25.0,38.0,556.5,142.5
64,6,4,Ring the bell,Alec Bohm,"1B,3B",PHI,LS,2025,alec bohm,False,Alec Bohm,504.0,470.0,3.9166666666666665,153.0,143.6,87.0,541.0,-71.0,False,False,130.0,False,39,61.0,-22.0,39.0,548.0,-78.0
66,6,6,The Chosen Juan,Dairon Blanco,OF,KC,LS,2025,dairon blanco,False,Dairon Blanco,8.0,15.0,1.6666666666666667,583.0,981.0,477.0,136.75,-121.75,False,False,485.0,False,40,114.0,-74.0,40.0,502.0,-487.0
67,6,7,Midwest MooseKnuckle Mafia,Paul Goldschmidt,1B,NYY,LS,2025,paul goldschmidt,False,Paul Goldschmidt,534.0,502.0,3.4383561643835616,133.0,155.8,93.0,541.0,-39.0,False,False,99.0,False,41,53.0,-12.0,41.0,485.27272727272725,16.727272727272748
71,6,11,City to the Shore,Jake Burger,"1B,3B",TEX,LS,2025,jake burger,False,Jake Burger,376.0,344.0,3.3398058252427183,230.0,110.8,70.0,546.0,-202.0,False,False,216.0,False,42,87.0,-45.0,42.0,485.27272727272725,-141.27272727272725
72,6,12,Basketball,Spencer Steer,"1B,OF",CIN,LS,2025,spencer steer,False,Spencer Steer,568.0,548.0,3.7534246575342465,101.0,131.8,80.0,544.1333333333333,3.8666666666666742,False,False,67.0,True,43,42.0,1.0,43.0,485.27272727272725,62.72727272727275
75,7,3,Charlie Hustle,Josh Jung,3B,TEX,LS,2025,josh jung,False,Josh Jung,511.0,457.0,3.4885496183206106,161.0,202.0,121.0,494.6296296296296,-37.62962962962962,False,False,131.0,False,44,64.0,-20.0,44.0,485.27272727272725,-28.272727272727252
76,7,4,Ring the bell,Colton Cowser,OF,BAL,LS,2025,colton cowser,False,Colton Cowser,360.0,347.0,3.7717391304347827,226.0,157.6,95.0,528.0,-181.0,False,False,216.0,False,45,86.0,-41.0,45.0,485.27272727272725,-138.27272727272725
78,7,6,The Chosen Juan,Kerry Carpenter,OF,DET,LS,2025,kerry carpenter,False,Kerry Carpenter,464.0,481.0,3.7,148.0,182.4,110.0,494.6296296296296,-13.629629629629619,False,False,128.0,False,46,58.0,-12.0,46.0,485.27272727272725,-4.272727272727252
79,7,7,Midwest MooseKnuckle Mafia,Michael Toglia,"1B,OF",COL,LS,2025,michael toglia,False,Michael Toglia,337.0,255.0,2.897727272727273,286.0,177.6,107.0,494.6296296296296,-239.62962962962962,False,False,276.0,False,47,98.0,-51.0,47.0,485.27272727272725,-230.27272727272725
80,7,8,Gotham Knights,Jhonkensy Noel,"3B,OF",CLE,LS,2025,jhonkensy noel,False,Jhonkensy Noel,153.0,112.0,1.6231884057971016,417.0,378.7,226.0,330.0,-218.0,False,False,485.0,False,48,109.0,-61.0,48.0,485.27272727272725,-373.27272727272725
81,7,9,Some Ting Wong,Taylor Ward,OF,LAA,LA,2025,taylor ward,False,Taylor Ward,663.0,690.0,4.3949044585987265,42.0,180.6,108.0,494.6296296296296,195.37037037037038,True,True,23.0,False,49,15.0,34.0,49.0,485.27272727272725,204.72727272727275
84,7,12,Basketball,Tyler O'Neill,OF,BAL,LS,2025,tyler oneill,False,Tyler O'Neill,209.0,200.0,3.7037037037037037,321.0,171.4,103.0,494.6296296296296,-294.6296296296296,False,False,278.0,True,50,103.0,-53.0,50.0,485.27272727272725,-285.27272727272725
85,8,1,The Greatest Glizzy Guzzlers,Nolan Arenado,3B,STL,LS,2025,nolan arenado,False,Nolan Arenado,436.0,381.0,3.560747663551402,213.0,202.8,124.0,494.6296296296296,-113.62962962962962,False,False,216.0,False,51,83.0,-32.0,51.0,485.27272727272725,-104.27272727272725
88,8,4,Ring the bell,Nathaniel Lowe,1B,WSH/BOS,LS,2025,nathaniel lowe,False,Nathaniel Lowe,609.0,537.0,3.5098039215686274,109.0,249.8,144.0,427.0,110.0,True,False,95.0,False,52,45.0,7.0,52.0,485.27272727272725,51.72727272727275
89,8,5,City to the Shore,Willi Castro,"2B,3B,SS,OF",MIN/CHC,LS,2025,willi castro,False,Willi Castro,454.0,408.0,3.4,198.0,252.8,148.0,398.6666666666667,9.333333333333314,False,False,147.0,False,53,78.0,-25.0,53.0,485.27272727272725,-77.27272727272725
92,8,8,Gotham Knights,Tommy Edman,"2B,3B,SS,OF",LAD,LS,2025,tommy edman,False,Tommy Edman,377.0,344.0,3.5463917525773194,230.0,184.6,111.0,494.6296296296296,-150.62962962962962,False,False,216.0,False,54,87.0,-33.0,54.0,485.27272727272725,-141.27272727272725
93,8,9,Some Ting Wong,Brendan Donovan,"2B,OF",STL,LA,2025,brendan donovan,False,Brendan Donovan,515.0,498.0,4.220338983050848,139.0,251.8,146.0,408.0,90.0,False,False,99.0,False,55,55.0,0.0,55.0,485.27272727272725,12.727272727272748
95,8,11,The Great Bambi,Byron Buxton,OF,MIN,LS,2025,byron buxton,False,Byron Buxton,542.0,700.0,5.555555555555555,37.0,210.0,127.0,494.6296296296296,205.37037037037038,True,True,20.0,False,56,12.0,44.0,56.0,485.27272727272725,214.72727272727275
96,8,12,Basketball,Isaac Paredes,3B,HOU,LS,2025,isaac paredes,False,Isaac Paredes,438.0,428.0,4.196078431372549,180.0,164.6,99.0,496.5,-68.5,False,False,138.0,True,57,73.0,-16.0,57.0,485.27272727272725,-57.27272727272725
97,9,1,The Greatest Glizzy Guzzlers,Pete Crow-Armstrong,OF,CHC,LS,2025,pete crowarmstrong,False,Pete Crow-Armstrong,647.0,767.0,4.885350318471337,16.0,142.4,85.0,544.1333333333333,222.86666666666667,True,True,9.0,False,58,2.0,56.0,58.0,485.27272727272725,281.72727272727275
98,9,2,Juiced Ballz,Rhys Hoskins,1B,MIL,LS,2025,rhys hoskins,False,Rhys Hoskins,328.0,299.0,3.3222222222222224,264.0,239.8,141.0,427.0,-128.0,False,False,250.0,False,59,95.0,-36.0,59.0,485.27272727272725,-186.27272727272725
99,9,3,Charlie Hustle,Yandy Diaz,1B,TB,LS,2025,yandy diaz,False,Yandy Díaz,651.0,690.0,4.6,42.0,193.8,118.0,494.6296296296296,195.37037037037038,True,True,23.0,False,60,15.0,45.0,60.0,485.27272727272725,204.72727272727275
101,9,5,City to the Shore,JJ Bleday,OF,ATH,LS,2025,jj bleday,False,JJ Bleday,344.0,317.0,3.2346938775510203,251.0,282.2,167.0,384.1515151515151,-67.15151515151513,False,False,250.0,False,61,91.0,-30.0,61.0,485.27272727272725,-168.27272727272725
102,9,6,The Chosen Juan,Josh Lowe,OF,TB,LS,2025,josh lowe,False,Josh Lowe,435.0,423.0,3.9166666666666665,185.0,156.8,94.0,541.0,-118.0,False,False,146.0,False,62,75.0,-13.0,62.0,485.27272727272725,-62.27272727272725
103,9,7,Midwest MooseKnuckle Mafia,Heliot Ramos,OF,SF,LS,2025,heliot ramos,False,Heliot Ramos,695.0,649.0,4.13375796178344,57.0,199.6,119.0,494.6296296296296,154.37037037037038,True,True,31.0,False,63,24.0,39.0,63.0,431.2659574468085,217.7340425531915
104,9,8,Gotham Knights,Tyler Soderstrom,"C,1B,OF",ATH,LS,2025,tyler soderstrom,False,Tyler Soderstrom,624.0,691.0,4.3734177215189876,41.0,331.2,184.0,384.1515151515151,306.8484848484849,True,True,23.0,False,64,14.0,50.0,64.0,431.2659574468085,259.7340425531915
105,9,9,Some Ting Wong,Christopher Morel,"2B,3B,OF",TB,LA,2025,christopher morel,False,Christopher Morel,305.0,290.0,2.761904761904762,271.0,281.2,164.0,384.1515151515151,-94.15151515151513,False,False,250.0,False,65,96.0,-31.0,65.0,431.2659574468085,-141.2659574468085
106,9,10,Let's try this again,J.T. Realmuto,C,PHI,LS,2025,jt realmuto,False,J.T. Realmuto,550.0,553.0,4.126865671641791,99.0,158.4,96.0,528.0,25.0,False,False,67.0,False,66,40.0,26.0,66.0,431.2659574468085,121.7340425531915
111,10,3,Charlie Hustle,Keibert Ruiz,C,WSH,LS,2025,keibert ruiz,False,Keibert Ruiz,267.0,230.0,3.3823529411764706,306.0,281.0,163.0,384.1515151515151,-154.15151515151513,False,False,277.0,False,67,102.0,-35.0,67.0,431.2659574468085,-201.2659574468085
112,10,4,Ring the bell,Lourdes Gurriel Jr.,OF,ARI,LS,2025,lourdes gurriel,False,Lourdes Gurriel Jr.,546.0,541.0,4.1937984496124034,105.0,218.4,133.0,434.0,107.0,True,False,95.0,False,68,43.0,25.0,68.0,431.2659574468085,109.7340425531915
114,10,6,The Chosen Juan,Jonathan India,"2B,3B,OF",KC,LA,2025,jonathan india,False,Jonathan India,567.0,452.0,3.323529411764706,165.0,218.0,132.0,452.0,0.0,False,False,133.0,False,69,67.0,2.0,69.0,431.2659574468085,20.7340425531915
115,10,7,Midwest MooseKnuckle Mafia,Austin Wells,C,NYY,LS,2025,austin wells,False,Austin Wells,448.0,476.0,3.7777777777777777,149.0,193.6,117.0,494.6296296296296,-18.62962962962962,False,False,130.0,False,70,59.0,11.0,70.0,431.2659574468085,44.7340425531915
117,10,9,Some Ting Wong,Andres Gimenez,"2B,SS",TOR,LA,2025,andres gimenez,False,Andrés Giménez,369.0,315.0,3.118811881188119,255.0,172.0,104.0,494.6296296296296,-179.62962962962962,False,False,250.0,False,71,92.0,-21.0,71.0,431.2659574468085,-116.2659574468085
118,10,10,Let's try this again,Jake Cronenworth,"1B,2B,SS",SD,LS,2025,jake cronenworth,False,Jake Cronenworth,515.0,464.0,3.437037037037037,157.0,290.2,170.0,384.1515151515151,79.84848484848487,False,False,130.0,False,72,62.0,10.0,72.0,431.2659574468085,32.7340425531915
119,10,11,The Great Bambi,David Fry,"C,1B,OF",CLE,LS,2025,david fry,False,David Fry,157.0,131.0,1.9848484848484849,395.0,589.3,277.0,215.0,-84.0,False,False,485.0,False,73,107.0,-34.0,73.0,431.2659574468085,-300.2659574468085
122,11,2,Juiced Ballz,Brandon Lowe,2B,TB,LS,2025,brandon lowe,False,Brandon Lowe,553.0,575.0,4.291044776119403,91.0,189.8,115.0,494.6296296296296,80.37037037037038,False,False,51.0,False,74,38.0,36.0,74.0,431.2659574468085,143.7340425531915
124,11,4,Ring the bell,Victor Robles,OF,SEA,LS,2025,victor robles,False,Victor Robles,114.0,108.0,3.375,424.0,192.4,116.0,494.6296296296296,-386.6296296296296,False,False,485.0,False,75,110.0,-35.0,75.0,431.2659574468085,-323.2659574468085
125,11,5,City to the Shore,Bryson Stott,"2B,SS",PHI,LS,2025,bryson stott,False,Bryson Stott,560.0,578.0,3.931972789115646,87.0,176.2,106.0,494.6296296296296,83.37037037037038,False,False,51.0,False,76,36.0,40.0,76.0,431.2659574468085,146.7340425531915
126,11,6,The Chosen Juan,Connor Norby,3B,MIA,LA,2025,connor norby,False,Connor Norby,337.0,314.0,3.5681818181818183,258.0,289.8,169.0,384.1515151515151,-70.15151515151513,False,False,250.0,False,77,93.0,-16.0,77.0,431.2659574468085,-117.2659574468085
128,11,8,Gotham Knights,Max Kepler,OF,PHI,LS,2025,max kepler,False,Max Kepler,474.0,427.0,3.3622047244094486,181.0,417.0,251.0,282.0625,144.9375,False,False,146.0,False,78,74.0,4.0,78.0,431.2659574468085,-4.2659574468085
129,11,9,Some Ting Wong,Masyn Winn,SS,STL,LA,2025,masyn winn,False,Masyn Winn,537.0,491.0,3.806201550387597,143.0,181.8,109.0,494.6296296296296,-3.629629629629619,False,False,128.0,False,79,56.0,23.0,79.0,431.2659574468085,59.7340425531915
130,11,10,Let's try this again,George Springer,OF,TOR,LS,2025,george springer,False,George Springer,586.0,755.0,5.392857142857143,22.0,230.4,138.0,427.0,328.0,True,True,15.0,False,80,3.0,77.0,80.0,431.2659574468085,323.7340425531915
133,12,1,The Greatest Glizzy Guzzlers,Parker Meadows,OF,DET,LA,2025,parker meadows,False,Parker Meadows,213.0,176.0,3.0344827586206895,345.0,258.0,150.0,384.1515151515151,-208.15151515151513,False,False,285.0,False,81,105.0,-24.0,81.0,431.2659574468085,-255.2659574468085
134,12,2,Juiced Ballz,Luis Rengifo,"2B,3B,OF",LAA,LS,2025,luis rengifo,False,Luis Rengifo,541.0,441.0,3.0,176.0,187.0,113.0,494.6296296296296,-53.62962962962962,False,False,133.0,False,82,70.0,12.0,82.0,431.2659574468085,9.7340425531915
135,12,3,Charlie Hustle,Nolan Jones,OF,COL/CLE,LS,2025,nolan jones,False,Nolan Jones,403.0,334.0,2.4558823529411766,238.0,269.0,158.0,384.1515151515151,-50.15151515151513,False,False,216.0,False,83,90.0,-7.0,83.0,431.2659574468085,-97.2659574468085
136,12,4,Ring the bell,Cedric Mullins,OF,BAL/NYM,LS,2025,cedric mullins,False,Cedric Mullins,498.0,502.0,3.774436090225564,133.0,203.2,125.0,494.6296296296296,7.370370370370381,False,False,99.0,False,84,53.0,31.0,84.0,431.2659574468085,70.7340425531915
138,12,6,The Chosen Juan,Cam Smith,"3B,OF",HOU,LS,2025,cam smith,False,Cam Smith,493.0,452.0,3.373134328358209,165.0,392.8,240.0,330.0,122.0,False,False,133.0,False,85,67.0,18.0,85.0,431.2659574468085,20.7340425531915
139,12,7,Midwest MooseKnuckle Mafia,Royce Lewis,"3B,SS",MIN,LS,2025,royce lewis,False,Royce Lewis,403.0,377.0,3.556603773584906,216.0,130.2,79.0,544.1333333333333,-167.13333333333333,False,False,216.0,False,86,84.0,2.0,86.0,431.2659574468085,-54.2659574468085
141,12,9,Some Ting Wong,Michael Busch,1B,CHC,LA,2025,michael busch,False,Michael Busch,592.0,653.0,4.212903225806452,56.0,260.0,152.0,384.1515151515151,268.8484848484849,True,True,31.0,False,87,23.0,64.0,87.0,431.2659574468085,221.7340425531915
143,12,11,The Great Bambi,Evan Carter,OF,TEX,LS,2025,evan carter,False,Evan Carter,220.0,252.0,4.0,289.0,281.6,165.0,384.1515151515151,-132.15151515151513,False,False,276.0,False,88,99.0,-11.0,88.0,431.2659574468085,-179.2659574468085
144,12,12,Basketball,TJ Friedl,OF,CIN,LS,2025,tj friedl,False,TJ Friedl,685.0,643.0,4.230263157894737,60.0,258.2,151.0,384.1515151515151,258.8484848484849,True,True,31.0,True,89,26.0,63.0,89.0,431.2659574468085,211.7340425531915
145,13,1,The Greatest Glizzy Guzzlers,Alec Burleson,"1B,OF",STL,LA,2025,alec burleson,False,Alec Burleson,546.0,551.0,3.964028776978417,100.0,213.0,128.0,476.0,75.0,True,False,67.0,False,90,41.0,49.0,90.0,431.2659574468085,119.7340425531915
146,13,2,Juiced Ballz,Jorge Soler,"OF,UT",LAA,LA,2025,jorge soler,False,Jorge Soler,315.0,267.0,3.2560975609756095,281.0,217.4,131.0,452.0,-185.0,False,False,266.0,False,91,97.0,-6.0,91.0,431.2659574468085,-164.2659574468085
149,13,5,City to the Shore,Jose Caballero,"2B,3B,SS,OF",TB/NYY,LS,2025,jose caballero,False,José Caballero,370.0,461.0,3.6587301587301586,159.0,314.0,176.0,384.1515151515151,76.84848484848487,False,False,130.0,False,92,63.0,29.0,92.0,431.2659574468085,29.7340425531915
150,13,6,The Chosen Juan,Ryan McMahon,3B,COL/NYY,LA,2025,ryan mcmahon,False,Ryan McMahon,586.0,491.0,3.188311688311688,143.0,270.0,160.0,384.1515151515151,106.84848484848487,False,False,128.0,False,93,56.0,37.0,93.0,431.2659574468085,59.7340425531915
152,13,8,Gotham Knights,Colt Keith,"1B,2B,3B",DET,LS,2025,colt keith,False,Colt Keith,468.0,434.0,3.167883211678832,178.0,251.2,145.0,427.0,7.0,False,False,135.0,False,94,71.0,23.0,94.0,431.2659574468085,2.7340425531915002
153,13,9,Some Ting Wong,Andrew Vaughn,1B,CHW/MIL,LA,2025,andrew vaughn,False,Andrew Vaughn,447.0,400.0,3.5714285714285716,202.0,320.4,179.0,384.1515151515151,15.848484848484873,False,False,147.0,False,95,81.0,14.0,95.0,431.2659574468085,-31.2659574468085
154,13,10,Let's try this again,Zach Neto,SS,LAA,LS,2025,zach neto,False,Zach Neto,554.0,625.0,4.8828125,67.0,202.2,122.0,494.6296296296296,130.37037037037038,True,False,37.0,False,96,29.0,67.0,96.0,431.2659574468085,193.7340425531915
156,13,12,Basketball,Connor Wong,C,BOS,LQA,2025,connor wong,False,Connor Wong,188.0,131.0,2.0793650793650795,395.0,252.0,147.0,398.6666666666667,-267.6666666666667,False,False,485.0,True,97,107.0,-10.0,97.0,431.2659574468085,-300.2659574468085
157,14,1,The Greatest Glizzy Guzzlers,Spencer Horwitz,"1B,2B",PIT,LA,2025,spencer horwitz,False,Spencer Horwitz,411.0,405.0,3.75,200.0,381.0,229.0,330.0,75.0,False,False,147.0,False,98,79.0,19.0,98.0,431.2659574468085,-26.2659574468085
159,14,3,Some Ting Wong,Wilyer Abreu,OF,BOS,LA,2025,wilyer abreu,False,Wilyer Abreu,417.0,456.0,3.965217391304348,163.0,347.0,195.0,384.1515151515151,71.84848484848487,False,False,131.0,False,99,65.0,34.0,99.0,431.2659574468085,24.7340425531915
160,14,4,Ring the bell,Trevor Story,SS,BOS,LS,2025,trevor story,False,Trevor Story,654.0,727.0,4.630573248407643,27.0,263.8,154.0,384.1515151515151,342.8484848484849,True,True,15.0,False,100,7.0,93.0,100.0,431.2659574468085,295.7340425531915
161,14,5,City to the Shore,Jacob Wilson,SS,ATH,LS,2025,jacob wilson,False,Jacob Wilson,523.0,533.0,4.264,112.0,362.0,207.0,384.1515151515151,148.84848484848487,True,False,95.0,False,101,46.0,55.0,101.0,431.2659574468085,101.7340425531915
162,14,6,The Chosen Juan,Carlos Santana,1B,CLE/CHC,LA,2025,carlos santana,False,Carlos Santana,474.0,403.0,3.25,201.0,348.0,197.0,384.1515151515151,18.848484848484873,False,False,147.0,False,102,80.0,22.0,102.0,431.2659574468085,-28.2659574468085
163,14,7,Midwest MooseKnuckle Mafia,Matt Shaw,"2B,3B,SS",CHC,LS,2025,matt shaw,False,Matt Shaw,437.0,429.0,3.4047619047619047,179.0,229.2,137.0,429.0,0.0,False,False,138.0,False,103,72.0,31.0,103.0,431.2659574468085,-2.2659574468084998
165,14,9,Charlie Hustle,Ryan Mountcastle,1B,BAL,LS,2025,ryan mountcastle,False,Ryan Mountcastle,357.0,302.0,3.393258426966292,262.0,237.0,139.0,427.0,-125.0,False,False,250.0,False,104,94.0,10.0,104.0,431.2659574468085,-129.2659574468085
166,14,10,Let's try this again,Ke'Bryan Hayes,3B,PIT/CIN,LS,2025,kebryan hayes,False,Ke'Bryan Hayes,570.0,456.0,3.0,163.0,370.5,216.0,331.0,125.0,False,False,131.0,False,105,65.0,40.0,105.0,431.2659574468085,24.7340425531915
167,14,11,The Great Bambi,Luke Raley,"1B,OF",SEA,LS,2025,luke raley,False,Luke Raley,219.0,173.0,2.3698630136986303,348.0,335.8,189.0,384.1515151515151,-211.15151515151513,False,False,285.0,False,106,106.0,0.0,106.0,431.2659574468085,-258.2659574468085
169,15,1,The Greatest Glizzy Guzzlers,Jake McCarthy,OF,ARI,LA,2025,jake mccarthy,False,Jake McCarthy,222.0,183.0,2.7313432835820897,335.0,247.0,143.0,427.0,-244.0,False,False,281.0,False,107,104.0,3.0,107.0,431.2659574468085,-248.2659574468085
171,15,3,Charlie Hustle,Trey Sweeney,SS,DET,LS,2025,trey sweeney,False,Trey Sweeney,326.0,241.0,2.042372881355932,296.0,752.5,302.0,137.17105263157896,103.82894736842104,False,False,276.0,False,108,101.0,7.0,108.0,431.2659574468085,-190.2659574468085
172,15,4,Ring the bell,Gavin Lux,"2B,OF",CIN,LS,2025,gavin lux,False,Gavin Lux,503.0,447.0,3.192857142857143,168.0,367.3,212.0,384.1515151515151,62.84848484848487,False,False,133.0,False,109,69.0,40.0,109.0,431.2659574468085,15.7340425531915
173,15,5,City to the Shore,Nolan Schanuel,1B,LAA,LA,2025,nolan schanuel,False,Nolan Schanuel,564.0,514.0,3.893939393939394,126.0,360.6,205.0,384.1515151515151,129.84848484848487,True,False,98.0,False,110,51.0,59.0,110.0,403.8,110.19999999999999
174,15,6,The Chosen Juan,Ceddanne Rafaela,"2B,SS,OF",BOS,LA,2025,ceddanne rafaela,False,Ceddanne Rafaela,587.0,613.0,3.9294871794871793,74.0,201.0,120.0,494.6296296296296,118.37037037037038,True,False,47.0,False,111,31.0,80.0,111.0,403.8,209.2
176,15,8,Gotham Knights,Josh Smith,"1B,3B,SS,OF",TEX,LS,2025,josh smith,False,Josh Smith,563.0,505.0,3.5069444444444446,131.0,358.3,203.0,384.1515151515151,120.84848484848487,True,False,98.0,False,112,52.0,60.0,112.0,403.8,101.19999999999999
177,15,9,Some Ting Wong,Dylan Moore,"1B,2B,3B,SS,OF",SEA/TEX,LA,2025,dylan moore,False,Dylan Moore,243.0,245.0,2.311320754716981,294.0,372.2,217.0,331.0,-86.0,False,False,276.0,False,113,100.0,13.0,113.0,403.8,-158.8
179,15,11,The Great Bambi,Garrett Mitchell,OF,MIL,LS,2025,garrett mitchell,False,Garrett Mitchell,78.0,65.0,2.6,485.0,268.0,157.0,384.1515151515151,-319.1515151515151,False,False,485.0,False,114,113.0,1.0,114.0,403.8,-338.8
1,1,1,Baseball Phanatic,Mookie Betts,SS,LAD,LS,2026,mookie betts,False,Mookie Betts,502.0,503.0,4.299145299145299,118.0,46.8,35.0,615.2,-112.20000000000005,False,False,120.0,False,1,54.0,-53.0,1.0,609.2,-106.20000000000005
2,1,2,Charlie Hustle,Riley Greene,OF,DET,LS,2026,riley greene,False,Riley Greene,570.0,614.0,4.548148148148148,53.0,62.8,44.0,587.0,27.0,False,False,40.0,False,2,23.0,-21.0,2.0,609.2,4.7999999999999545
3,1,3,Charlie Hustle,Tyler Soderstrom,"1B,OF",ATH,LS,2026,tyler soderstrom,False,Tyler Soderstrom,453.0,471.0,4.321100917431193,139.0,81.8,54.0,544.0,-73.0,False,False,120.0,False,3,63.0,-60.0,3.0,609.2,-138.20000000000005
4,1,4,The Real Doctor,Oneil Cruz,OF,PIT,LS,2026,oneil cruz,False,Oneil Cruz,406.0,544.0,5.849462365591398,104.0,84.6,59.0,535.4406779661016,8.559322033898411,False,False,59.0,False,4,48.0,-44.0,4.0,609.2,-65.20000000000005
6,1,6,The Greatest Glizzy Guzzlers,Luis Arraez,"1B,2B",PHI,LS,2026,luis arraez,False,Luis Arraez,644.0,622.0,4.202702702702703,50.0,232.6,143.0,410.29411764705884,211.70588235294116,True,True,31.0,False,5,21.0,-16.0,5.0,609.2,12.799999999999955
9,1,9,Let's try this again,George Springer,OF,TOR,LS,2026,george springer,False,George Springer,502.0,489.0,4.008196721311475,127.0,75.4,53.0,553.0,-64.0,False,False,120.0,False,6,57.0,-51.0,6.0,609.2,-120.20000000000005
10,1,10,The Great Bambi,Jakob Marsee,OF,MIA,LS,2026,jakob marsee,False,Jakob Marsee,597.0,584.0,3.8933333333333335,80.0,139.6,85.0,535.4406779661016,48.55932203389841,False,False,47.0,False,7,40.0,-33.0,7.0,609.2,-25.200000000000045
15,2,3,Some Ting Wong,Brandon Nimmo,OF,TEX,LA,2026,brandon nimmo,False,Brandon Nimmo,631.0,582.0,3.9060402684563758,81.0,129.6,83.0,535.4406779661016,46.55932203389841,False,False,53.0,False,8,41.0,-33.0,8.0,609.2,-27.200000000000045
16,2,4,The Real Doctor,Hunter Goodman,C,COL,LS,2026,hunter goodman,False,Hunter Goodman,548.0,628.0,4.757575757575758,46.0,72.8,51.0,583.6666666666666,44.33333333333337,False,False,31.0,False,9,18.0,-9.0,9.0,609.2,18.799999999999955
17,2,5,City to the Shore,Taylor Ward,OF,SEA,LS,2026,taylor ward,False,Taylor Ward,604.0,489.0,3.492857142857143,127.0,117.8,77.0,535.4406779661016,-46.44067796610159,False,False,120.0,False,10,57.0,-47.0,10.0,609.2,-120.20000000000005
18,2,6,The Greatest Glizzy Guzzlers,William Contreras,C,MIL,LA,2026,william contreras,False,William Contreras,620.0,667.0,4.697183098591549,37.0,56.0,40.0,604.0,63.0,False,False,1.0,False,11,12.0,-1.0,11.0,609.2,57.799999999999955
20,2,8,Charlie Hustle,Corey Seager,SS,TEX,LS,2026,corey seager,False,Corey Seager,411.0,388.0,4.041666666666667,195.0,83.8,56.0,544.0,-156.0,False,False,170.0,False,12,74.0,-62.0,12.0,609.2,-221.20000000000005
22,2,10,Baseball Phanatic,Lawrence Butler,OF,ATH,LS,2026,lawrence butler,False,Lawrence Butler,512.0,488.0,3.2972972972972974,132.0,138.8,84.0,535.4406779661016,-47.44067796610159,False,False,120.0,False,13,60.0,-47.0,13.0,609.2,-121.20000000000005
23,2,11,The Great Bambi,Jose Altuve,"2B,OF",HOU,LS,2026,jose altuve,False,Jose Altuve,545.0,489.0,3.7906976744186047,127.0,96.2,66.0,535.4406779661016,-46.44067796610159,False,False,120.0,False,14,57.0,-43.0,14.0,609.2,-120.20000000000005
24,2,12,Midwest MooseKnuckle Mafia,Luke Keaschall,"2B,OF",MIN,LS,2026,luke keaschall,False,Luke Keaschall,594.0,586.0,4.013698630136986,77.0,112.6,74.0,535.4406779661016,50.55932203389841,False,False,47.0,False,15,37.0,-22.0,15.0,609.2,-23.200000000000045
25,3,1,Some Ting Wong,Michael Harris II,OF,ATL,LA,2026,michael harris,False,Michael Harris II,600.0,664.0,4.426666666666667,38.0,97.8,67.0,535.4406779661016,128.5593220338984,True,False,1.0,False,16,13.0,3.0,16.0,557.6666666666666,106.33333333333337
27,3,3,Some Ting Wong,Spencer Torkelson,1B,DET,LA,2026,spencer torkelson,False,Spencer Torkelson,590.0,542.0,3.542483660130719,105.0,180.8,107.0,535.4406779661016,6.559322033898411,False,False,59.0,False,17,49.0,-32.0,17.0,557.6666666666666,-15.666666666666629
28,3,4,The Real Doctor,Jacob Wilson,SS,ATH,LS,2026,jacob wilson,False,Jacob Wilson,337.0,310.0,3.875,239.0,166.8,96.0,535.4406779661016,-225.4406779661016,False,False,241.0,False,18,83.0,-65.0,18.0,557.6666666666666,-247.66666666666663
30,3,6,Midwest MooseKnuckle Mafia,Agustin Ramirez,C,MIA,LS,2026,agustin ramirez,False,Agustín Ramírez,232.0,216.0,3.272727272727273,317.0,111.8,73.0,535.4406779661016,-319.4406779661016,False,False,258.0,False,19,90.0,-71.0,19.0,557.6666666666666,-341.66666666666663
32,3,8,Some Ting Wong,Salvador Perez,"C,1B",KC,LA,2026,salvador perez,False,Salvador Perez,604.0,516.0,3.5342465753424657,116.0,95.0,64.0,535.4406779661016,-19.44067796610159,False,False,120.0,False,20,53.0,-33.0,20.0,557.6666666666666,-41.66666666666663
33,3,9,Let's try this again,Geraldo Perdomo,SS,ARI,LS,2026,geraldo perdomo,False,Geraldo Perdomo,651.0,604.0,4.0,62.0,60.8,42.0,587.0,17.0,False,False,41.0,False,21,28.0,-7.0,21.0,557.6666666666666,46.33333333333337
34,3,10,Some Ting Wong,Matt Chapman,3B,SF,LA,2026,matt chapman,False,Matt Chapman,352.0,295.0,3.511904761904762,256.0,126.0,80.0,535.4406779661016,-240.4406779661016,False,False,247.0,False,22,86.0,-64.0,22.0,557.6666666666666,-262.66666666666663
40,4,4,The Real Doctor,Munetaka Murakami,"1B,3B",CHW,LS,2026,munetaka murakami,False,Munetaka Murakami,526.0,528.0,4.363636363636363,112.0,187.0,111.0,535.4406779661016,-7.440677966101589,False,False,120.0,False,23,52.0,-29.0,23.0,557.6666666666666,-29.66666666666663
41,4,5,City to the Shore,Willy Adames,SS,SF,LS,2026,willy adames,False,Willy Adames,505.0,453.0,3.743801652892562,148.0,106.4,71.0,535.4406779661016,-82.44067796610159,False,False,122.0,False,24,67.0,-43.0,24.0,557.6666666666666,-104.66666666666663
42,4,6,The Great Bambi,Seiya Suzuki,"OF,UT",CHC,LS,2026,seiya suzuki,False,Seiya Suzuki,611.0,671.0,4.86231884057971,32.0,93.6,63.0,535.4406779661016,135.5593220338984,True,False,1.0,False,25,8.0,17.0,25.0,557.6666666666666,113.33333333333337
43,4,7,Gotham Knights,Noelvi Marte,"3B,OF",CIN,LS,2026,noelvi marte,False,Noelvi Marte,201.0,163.0,2.5873015873015874,362.0,145.0,88.0,535.4406779661016,-372.4406779661016,False,False,339.0,False,26,100.0,-74.0,26.0,557.6666666666666,-394.66666666666663
44,4,8,The Great Bambi,CJ Abrams,SS,WSH,LS,2026,cj abrams,False,CJ Abrams,631.0,755.0,5.171232876712328,7.0,68.6,49.0,583.6666666666666,171.33333333333337,True,False,1.0,False,27,2.0,25.0,27.0,557.6666666666666,197.33333333333337
47,4,11,Baseball Phanatic,J.T. Realmuto,C,PHI,LS,2026,jt realmuto,False,J.T. Realmuto,446.0,405.0,3.4615384615384617,182.0,233.2,144.0,410.29411764705884,-5.29411764705884,False,False,170.0,False,28,70.0,-42.0,28.0,557.6666666666666,-152.66666666666663
52,5,4,The Real Doctor,Ian Happ,OF,CHC,LS,2026,ian happ,False,Ian Happ,612.0,604.0,4.026666666666666,62.0,146.8,89.0,535.4406779661016,68.55932203389841,False,False,41.0,False,29,28.0,1.0,29.0,557.6666666666666,46.33333333333337
53,5,5,City to the Shore,Ernie Clement,"2B,3B,SS",TOR,LS,2026,ernie clement,False,Ernie Clement,601.0,503.0,3.3092105263157894,118.0,257.4,158.0,410.29411764705884,92.70588235294116,True,False,120.0,False,30,54.0,-24.0,30.0,557.6666666666666,-54.66666666666663
54,5,6,Midwest MooseKnuckle Mafia,Jo Adell,OF,CLE,LS,2026,jo adell,False,Jo Adell,633.0,600.0,3.9215686274509802,65.0,121.4,79.0,535.4406779661016,64.55932203389841,False,False,41.0,False,31,30.0,1.0,31.0,557.6666666666666,42.33333333333337
56,5,8,Charlie Hustle,Ozzie Albies,2B,ATL,LS,2026,ozzie albies,False,Ozzie Albies,661.0,598.0,3.8333333333333335,68.0,128.0,82.0,535.4406779661016,62.55932203389841,False,False,42.0,False,32,32.0,0.0,32.0,557.6666666666666,40.33333333333337
60,5,12,Basketball,Brandon Lowe,2B,PIT,LS,2026,brandon lowe,False,Brandon Lowe,635.0,669.0,4.613793103448276,35.0,153.4,93.0,535.4406779661016,133.5593220338984,True,False,1.0,True,33,10.0,23.0,33.0,557.6666666666666,111.33333333333337
61,6,1,Midwest MooseKnuckle Mafia,Mike Trout,"OF,UT",LAA,LS,2026,mike trout,False,Mike Trout,610.0,613.0,4.474452554744525,54.0,167.8,98.0,535.4406779661016,77.55932203389841,True,False,40.0,False,34,24.0,10.0,34.0,557.6666666666666,55.33333333333337
62,6,2,Baseball Phanatic,Bryan Reynolds,OF,PIT,LS,2026,bryan reynolds,False,Bryan Reynolds,680.0,697.0,4.467948717948718,24.0,178.6,106.0,535.4406779661016,161.5593220338984,True,True,1.0,False,35,6.0,29.0,35.0,557.6666666666666,139.33333333333337
65,6,5,City to the Shore,Adolis Garcia,OF,PHI,LS,2026,adolis garcia,False,Adolis García,259.0,201.0,3.0,336.0,218.6,130.0,437.0,-236.0,False,False,279.0,False,36,95.0,-59.0,36.0,557.6666666666666,-356.66666666666663
66,6,6,The Greatest Glizzy Guzzlers,Heliot Ramos,OF,NYY,LA,2026,heliot ramos,False,Heliot Ramos,417.0,390.0,3.6792452830188678,191.0,211.4,126.0,442.5,-52.5,False,False,170.0,False,37,71.0,-34.0,37.0,556.5,-166.5
67,6,7,Charlie Hustle,Isaac Paredes,"1B,3B",HOU,LS,2026,isaac paredes,False,Isaac Paredes,631.0,606.0,4.067114093959732,57.0,196.8,116.0,535.4406779661016,70.55932203389841,False,False,40.0,False,38,26.0,12.0,38.0,556.5,49.5
69,6,9,Let's try this again,Willson Contreras,1B,BOS,LS,2026,willson contreras,False,Willson Contreras,533.0,590.0,4.573643410852713,74.0,181.0,108.0,535.4406779661016,54.55932203389841,False,False,42.0,False,39,35.0,4.0,39.0,548.0,42.0
71,6,11,The Real Doctor,Michael Busch,1B,CHC,LS,2026,michael busch,False,Michael Busch,685.0,627.0,4.071428571428571,47.0,99.4,68.0,535.4406779661016,91.55932203389841,False,False,31.0,False,40,19.0,21.0,40.0,502.0,125.0
72,6,12,Some Ting Wong,Jeremy Pena,SS,HOU,LA,2026,jeremy pena,False,Jeremy Peña,456.0,488.0,4.60377358490566,132.0,105.8,70.0,535.4406779661016,-47.44067796610159,False,False,120.0,False,41,60.0,-19.0,41.0,485.27272727272725,2.727272727272748
73,7,1,Midwest MooseKnuckle Mafia,Kazuma Okamoto,"1B,3B",TOR,LS,2026,kazuma okamoto,False,Kazuma Okamoto,613.0,592.0,3.9466666666666668,72.0,167.4,97.0,535.4406779661016,56.55932203389841,False,False,42.0,False,42,33.0,9.0,42.0,485.27272727272725,106.72727272727275
74,7,2,Baseball Phanatic,Giancarlo Stanton,"OF,UT",NYY,LS,2026,giancarlo stanton,False,Giancarlo Stanton,96.0,92.0,3.8333333333333335,445.0,237.4,145.0,410.29411764705884,-318.29411764705884,False,False,339.0,False,43,104.0,-61.0,43.0,485.27272727272725,-393.27272727272725
75,7,3,Some Ting Wong,Dansby Swanson,SS,CHC,LS,2026,dansby swanson,False,Dansby Swanson,466.0,502.0,4.148760330578512,120.0,161.4,95.0,535.4406779661016,-33.44067796610159,False,False,120.0,False,44,56.0,-12.0,44.0,485.27272727272725,16.727272727272748
78,7,6,The Greatest Glizzy Guzzlers,Caleb Durbin,3B,BOS,LA,2026,caleb durbin,False,Caleb Durbin,566.0,564.0,3.810810810810811,95.0,230.0,138.0,410.29411764705884,153.70588235294116,True,False,53.0,False,45,46.0,-1.0,45.0,485.27272727272725,78.72727272727275
81,7,9,Let's try this again,Addison Barger,"3B,OF",TOR,LS,2026,addison barger,False,Addison Barger,28.0,14.0,1.5555555555555556,584.0,203.4,120.0,462.0,-448.0,False,False,339.0,False,46,107.0,-61.0,46.0,485.27272727272725,-471.27272727272725
82,7,10,The Chosen Juan,Christian Walker,1B,HOU,LA,2026,christian walker,False,Christian Walker,608.0,545.0,3.6333333333333333,103.0,195.2,115.0,535.4406779661016,9.559322033898411,False,False,54.0,False,47,47.0,0.0,47.0,485.27272727272725,59.72727272727275
83,7,11,The Great Bambi,Chandler Simpson,OF,TB,LS,2026,chandler simpson,False,Chandler Simpson,597.0,646.0,4.394557823129252,40.0,169.4,99.0,535.4406779661016,110.55932203389841,True,False,1.0,False,48,15.0,33.0,48.0,485.27272727272725,160.72727272727275
86,8,2,Baseball Phanatic,Alex Verdugo,OF,(N/A),LS,2026,alex verdugo,False,,,,,,,,,,,,,False,49,,,49.0,485.27272727272725,
87,8,3,Some Ting Wong,Andy Pages,OF,LAD,LA,2026,andy pages,False,Andy Pages,550.0,623.0,4.8671875,49.0,140.0,86.0,535.4406779661016,87.55932203389841,True,False,31.0,False,50,20.0,30.0,50.0,485.27272727272725,137.72727272727275
91,8,7,Gotham Knights,Jackson Holliday,2B,BAL,LS,2026,jackson holliday,False,Jackson Holliday,354.0,306.0,3.122448979591837,243.0,175.4,102.0,535.4406779661016,-229.4406779661016,False,False,241.0,False,51,84.0,-33.0,51.0,485.27272727272725,-179.27272727272725
92,8,8,Charlie Hustle,Chase Meidroth,"2B,SS",CHW,LS,2026,chase meidroth,False,Chase Meidroth,629.0,585.0,3.9,78.0,376.7,227.0,331.2,253.8,True,False,47.0,False,52,38.0,14.0,52.0,485.27272727272725,99.72727272727275
93,8,9,Let's try this again,Yandy Diaz,1B,TB,LS,2026,yandy diaz,False,Yandy Díaz,664.0,682.0,4.577181208053691,30.0,126.2,81.0,535.4406779661016,146.5593220338984,True,False,1.0,False,53,7.0,46.0,53.0,485.27272727272725,196.72727272727275
94,8,10,The Chosen Juan,TJ Friedl,OF,CIN,LA,2026,tj friedl,False,TJ Friedl,272.0,178.0,1.956043956043956,354.0,239.6,149.0,410.29411764705884,-232.29411764705884,False,False,283.0,False,54,99.0,-45.0,54.0,485.27272727272725,-307.27272727272725
96,8,12,Basketball,Jac Caglianone,"1B,OF",KC,LS,2026,jac caglianone,False,Jac Caglianone,531.0,585.0,4.239130434782608,78.0,177.8,105.0,535.4406779661016,49.55932203389841,False,False,47.0,True,55,38.0,17.0,55.0,485.27272727272725,99.72727272727275
99,9,3,Some Ting Wong,Ezequiel Tovar,SS,COL,LA,2026,ezequiel tovar,False,Ezequiel Tovar,487.0,389.0,2.7588652482269502,193.0,218.0,129.0,437.0,-48.0,False,False,170.0,False,56,72.0,-16.0,56.0,485.27272727272725,-96.27272727272725
100,9,4,The Real Doctor,Alec Burleson,"1B,OF",STL,LS,2026,alec burleson,False,Alec Burleson,651.0,699.0,4.509677419354839,23.0,172.6,100.0,535.4406779661016,163.5593220338984,True,True,1.0,False,57,5.0,52.0,57.0,485.27272727272725,213.72727272727275
101,9,5,City to the Shore,Bryson Stott,"2B,3B",PHI,LS,2026,bryson stott,False,Bryson Stott,584.0,591.0,3.966442953020134,73.0,184.6,110.0,535.4406779661016,55.55932203389841,False,False,42.0,False,58,34.0,24.0,58.0,485.27272727272725,105.72727272727275
103,9,7,Gotham Knights,Samuel Basallo,"C,1B",BAL,LS,2026,samuel basallo,False,Samuel Basallo,397.0,379.0,3.4144144144144146,200.0,229.0,136.0,410.29411764705884,-31.29411764705884,False,False,171.0,False,59,76.0,-17.0,59.0,485.27272727272725,-106.27272727272725
105,9,9,Let's try this again,Jordan Westburg,3B,BAL,LS,2026,jordan westburg,False,,,,,,,,,,,,,False,60,,,60.0,485.27272727272725,
106,9,10,The Chosen Juan,Ceddanne Rafaela,"2B,OF",BOS,LA,2026,ceddanne rafaela,False,Ceddanne Rafaela,569.0,619.0,4.5851851851851855,51.0,153.0,92.0,535.4406779661016,83.55932203389841,True,False,31.0,False,61,22.0,39.0,61.0,485.27272727272725,133.72727272727275
107,9,11,The Great Bambi,Xander Bogaerts,SS,SD,LS,2026,xander bogaerts,False,Xander Bogaerts,589.0,541.0,3.6554054054054053,107.0,249.6,154.0,410.29411764705884,130.70588235294116,True,False,59.0,False,62,51.0,11.0,62.0,485.27272727272725,55.72727272727275
109,10,1,Midwest MooseKnuckle Mafia,Daylen Lile,OF,WSH,LS,2026,daylen lile,False,Daylen Lile,634.0,668.0,4.337662337662338,36.0,198.4,117.0,535.4406779661016,132.5593220338984,True,False,1.0,False,63,11.0,52.0,63.0,431.2659574468085,236.7340425531915
110,10,2,Baseball Phanatic,Gleyber Torres,2B,DET,LS,2026,gleyber torres,False,Gleyber Torres,411.0,369.0,3.925531914893617,205.0,207.2,123.0,442.5,-73.5,False,False,182.0,False,64,78.0,-14.0,64.0,431.2659574468085,-62.2659574468085
111,10,3,Some Ting Wong,J.P. Crawford,"3B,SS",SEA,LA,2026,jp crawford,False,J.P. Crawford,467.0,375.0,3.3783783783783785,201.0,312.0,192.0,362.7,12.300000000000011,False,False,171.0,False,65,77.0,-12.0,65.0,431.2659574468085,-56.2659574468085
114,10,6,The Greatest Glizzy Guzzlers,Marcell Ozuna,UT,PIT,LA,2026,marcell ozuna,False,Marcell Ozuna,280.0,213.0,3.0428571428571427,321.0,288.0,172.0,373.09090909090907,-160.09090909090907,False,False,271.0,False,66,91.0,-25.0,66.0,431.2659574468085,-218.2659574468085
115,10,7,Gotham Knights,Kyle Manzardo,1B,CLE,LS,2026,kyle manzardo,False,Kyle Manzardo,356.0,304.0,2.980392156862745,248.0,245.0,150.0,410.29411764705884,-106.29411764705884,False,False,241.0,False,67,85.0,-18.0,67.0,431.2659574468085,-127.2659574468085
116,10,8,Charlie Hustle,Luis Robert Jr.,OF,BAL,LS,2026,luis robert,False,Luis Robert Jr.,230.0,212.0,3.4754098360655736,322.0,119.2,78.0,535.4406779661016,-323.4406779661016,False,False,272.0,False,68,92.0,-24.0,68.0,431.2659574468085,-219.2659574468085
117,10,9,Let's try this again,Ramon Laureano,OF,SD,LS,2026,ramon laureano,False,Ramón Laureano,206.0,194.0,3.660377358490566,341.0,225.6,134.0,410.29411764705884,-216.29411764705884,False,False,279.0,False,69,97.0,-28.0,69.0,431.2659574468085,-237.2659574468085
118,10,10,The Chosen Juan,Spencer Steer,"1B,2B,OF",CIN,LA,2026,spencer steer,False,Spencer Steer,384.0,368.0,3.7551020408163267,206.0,271.4,166.0,410.29411764705884,-42.29411764705884,False,False,182.0,False,70,79.0,-9.0,70.0,431.2659574468085,-63.2659574468085
119,10,11,The Great Bambi,Jonathan Aranda,1B,TB,LS,2026,jonathan aranda,False,Jonathan Aranda,648.0,639.0,4.2885906040268456,43.0,208.2,124.0,442.5,196.5,True,True,1.0,False,71,16.0,55.0,71.0,431.2659574468085,207.7340425531915
120,10,12,Basketball,Sal Stewart,"1B,3B",CIN,LQA,2026,sal stewart,False,Sal Stewart,673.0,742.0,4.756410256410256,9.0,190.0,113.0,535.4406779661016,206.5593220338984,True,True,1.0,True,72,3.0,69.0,72.0,431.2659574468085,310.7340425531915
123,11,3,Some Ting Wong,Otto Lopez,"2B,SS",MIA,LSS,2026,otto lopez,False,Otto Lopez,664.0,736.0,4.842105263157895,11.0,270.2,165.0,410.29411764705884,325.70588235294116,True,True,1.0,False,73,4.0,69.0,73.0,431.2659574468085,304.7340425531915
125,11,5,City to the Shore,Jung Hoo Lee,OF,SF,LS,2026,jung hoo lee,False,Jung Hoo Lee,579.0,566.0,3.958041958041958,93.0,249.2,153.0,410.29411764705884,155.70588235294116,True,False,53.0,False,74,45.0,29.0,74.0,431.2659574468085,134.7340425531915
126,11,6,The Greatest Glizzy Guzzlers,Sal Frelick,OF,MIL,LA,2026,sal frelick,False,Sal Frelick,372.0,313.0,2.925233644859813,234.0,206.6,122.0,448.0,-135.0,False,False,237.0,False,75,82.0,-7.0,75.0,431.2659574468085,-118.2659574468085
127,11,7,Gotham Knights,Jasson Dominguez,OF,NYY,LS,2026,jasson dominguez,False,Jasson Domínguez,222.0,195.0,3.4210526315789473,339.0,292.2,177.0,373.09090909090907,-178.09090909090907,False,False,279.0,False,76,96.0,-20.0,76.0,431.2659574468085,-236.2659574468085
128,11,8,Some Ting Wong,Jordan Beck,OF,COL,LSS,2026,jordan beck,False,Jordan Beck,168.0,126.0,2.135593220338983,406.0,259.0,159.0,410.29411764705884,-284.29411764705884,False,False,339.0,False,77,103.0,-26.0,77.0,431.2659574468085,-305.2659574468085
129,11,9,Let's try this again,Ivan Herrera,C,STL,LS,2026,ivan herrera,False,Iván Herrera,692.0,664.0,4.283870967741936,38.0,176.0,103.0,535.4406779661016,128.5593220338984,True,False,1.0,False,78,13.0,65.0,78.0,431.2659574468085,232.7340425531915
131,11,11,The Great Bambi,Drake Baldwin,C,ATL,LS,2026,drake baldwin,False,Drake Baldwin,592.0,633.0,4.7593984962406015,45.0,101.8,69.0,535.4406779661016,97.55932203389841,False,False,1.0,False,79,17.0,62.0,79.0,431.2659574468085,201.7340425531915
134,12,2,Baseball Phanatic,Jake Burger,1B,TEX,LS,2026,jake burger,False,Jake Burger,596.0,576.0,3.865771812080537,85.0,267.0,163.0,410.29411764705884,165.70588235294116,True,False,53.0,False,80,43.0,37.0,80.0,431.2659574468085,144.7340425531915
135,12,3,Some Ting Wong,Colton Cowser,OF,BAL,LA,2026,colton cowser,False,Colton Cowser,378.0,352.0,2.550724637681159,215.0,253.0,156.0,410.29411764705884,-58.29411764705884,False,False,202.0,False,81,80.0,1.0,81.0,431.2659574468085,-79.2659574468085
136,12,4,The Real Doctor,Brenton Doyle,OF,CHW,LS,2026,brenton doyle,False,Brenton Doyle,210.0,207.0,2.524390243902439,329.0,211.6,127.0,437.0,-230.0,False,False,276.0,False,82,93.0,-11.0,82.0,431.2659574468085,-224.2659574468085
138,12,6,The Greatest Glizzy Guzzlers,Evan Carter,OF,TEX,LA,2026,evan carter,False,Evan Carter,442.0,382.0,2.8088235294117645,198.0,289.2,175.0,373.09090909090907,8.909090909090935,False,False,171.0,False,83,75.0,8.0,83.0,431.2659574468085,-49.2659574468085
139,12,7,Gotham Knights,Chase DeLauter,OF,CLE,LS,2026,chase delauter,False,Chase DeLauter,535.0,573.0,4.4765625,88.0,272.6,167.0,410.0,163.0,True,False,53.0,False,84,44.0,40.0,84.0,431.2659574468085,141.7340425531915
140,12,8,Charlie Hustle,Kerry Carpenter,OF,DET,LS,2026,kerry carpenter,False,Kerry Carpenter,259.0,234.0,2.888888888888889,301.0,231.4,140.0,410.29411764705884,-176.29411764705884,False,False,255.0,False,85,89.0,-4.0,85.0,431.2659574468085,-197.2659574468085
142,12,10,The Chosen Juan,Dylan Crews,OF,WSH,LS,2026,dylan crews,False,Dylan Crews,419.0,389.0,3.7766990291262137,193.0,246.2,151.0,410.29411764705884,-21.29411764705884,False,False,170.0,False,86,72.0,14.0,86.0,431.2659574468085,-42.2659574468085
143,12,11,The Great Bambi,Jorge Polanco,"1B,2B",NYM,LS,2026,jorge polanco,False,Jorge Polanco,145.0,73.0,1.972972972972973,474.0,201.0,118.0,528.0,-455.0,False,False,339.0,False,87,105.0,-18.0,87.0,431.2659574468085,-358.2659574468085
144,12,12,Basketball,Carter Jensen,C,KC,LQA,2026,carter jensen,False,Carter Jensen,580.0,605.0,4.201388888888889,59.0,230.0,139.0,410.29411764705884,194.70588235294116,True,True,40.0,True,88,27.0,61.0,88.0,431.2659574468085,173.7340425531915
147,13,3,Some Ting Wong,Luis Garcia Jr.,"1B,2B",NYY,LA,2026,luis garcia,False,Luis García Jr.,527.0,599.0,4.188811188811189,66.0,257.2,157.0,410.29411764705884,188.70588235294116,True,True,41.0,False,89,31.0,58.0,89.0,431.2659574468085,167.7340425531915
149,13,5,City to the Shore,Alec Bohm,"1B,3B",PHI,LS,2026,alec bohm,False,Alec Bohm,605.0,542.0,3.6375838926174495,105.0,229.6,137.0,410.29411764705884,131.70588235294116,True,False,59.0,False,90,49.0,41.0,90.0,431.2659574468085,110.7340425531915
150,13,6,The Greatest Glizzy Guzzlers,Kyle Stowers,"1B,OF",MIA,LA,2026,kyle stowers,False,Kyle Stowers,501.0,471.0,3.9915254237288136,139.0,117.6,76.0,535.4406779661016,-64.44067796610159,False,False,120.0,False,91,63.0,28.0,91.0,431.2659574468085,39.7340425531915
153,13,9,Let's try this again,Jonathan India,"2B,3B,OF",KC,LS,2026,jonathan india,False,Jonathan India,58.0,49.0,2.8823529411764706,511.0,308.6,187.0,362.7,-313.7,False,False,339.0,False,92,106.0,-14.0,92.0,431.2659574468085,-382.2659574468085
156,13,12,Basketball,Trent Grisham,OF,NYY,LQA,2026,trent grisham,False,Trent Grisham,484.0,472.0,3.9008264462809916,138.0,232.4,142.0,410.29411764705884,61.70588235294116,False,False,120.0,True,93,62.0,31.0,93.0,431.2659574468085,40.7340425531915
157,14,1,Midwest MooseKnuckle Mafia,Moises Ballesteros,"C,1B",LAA,LS,2026,moises ballesteros,False,Moisés Ballesteros,332.0,264.0,2.6666666666666665,278.0,359.3,219.0,331.2,-67.19999999999999,False,False,250.0,False,94,88.0,6.0,94.0,431.2659574468085,-167.2659574468085
158,14,2,Baseball Phanatic,Jose Caballero,"2B,3B,SS,OF",NYY,LS,2026,jose caballero,False,José Caballero,442.0,462.0,3.5267175572519083,145.0,202.4,119.0,528.0,-66.0,False,False,121.0,False,95,65.0,30.0,95.0,431.2659574468085,30.7340425531915
159,14,3,Some Ting Wong,Andrew Vaughn,"1B,3B",MIL,LA,2026,andrew vaughn,False,Andrew Vaughn,331.0,329.0,3.1634615384615383,225.0,269.0,164.0,410.29411764705884,-81.29411764705884,False,False,237.0,False,96,81.0,15.0,96.0,431.2659574468085,-102.2659574468085
161,14,5,City to the Shore,Daulton Varsho,OF,HOU,LS,2026,daulton varsho,False,Daulton Varsho,526.0,455.0,3.25,147.0,193.6,114.0,535.4406779661016,-80.44067796610159,False,False,122.0,False,97,66.0,31.0,97.0,431.2659574468085,23.7340425531915
162,14,6,The Greatest Glizzy Guzzlers,Miguel Vargas,"1B,3B",CHW,LA,2026,miguel vargas,False,Miguel Vargas,680.0,756.0,4.909090909090909,5.0,289.0,174.0,373.09090909090907,382.90909090909093,True,True,1.0,False,98,1.0,97.0,98.0,431.2659574468085,324.7340425531915
163,14,7,Gotham Knights,Josh Smith,"1B,2B,3B,SS",TOR,LS,2026,josh smith,False,Josh Smith,226.0,183.0,2.472972972972973,347.0,317.0,194.0,362.7,-179.7,False,False,279.0,False,99,98.0,1.0,99.0,431.2659574468085,-248.2659574468085
164,14,8,Some Ting Wong,Carlos Correa,"3B,SS",HOU,LA,2026,carlos correa,False,Carlos Correa,141.0,143.0,4.46875,393.0,238.0,146.0,410.29411764705884,-267.29411764705884,False,False,339.0,False,100,101.0,-1.0,100.0,431.2659574468085,-288.2659574468085
166,14,10,The Chosen Juan,Josh Lowe,OF,LAA,LA,2026,josh lowe,False,Josh Lowe,328.0,295.0,2.706422018348624,256.0,297.5,179.0,373.09090909090907,-78.09090909090907,False,False,247.0,False,101,86.0,15.0,101.0,431.2659574468085,-136.2659574468085
167,14,11,The Great Bambi,Max Muncy,3B,LAD,LQA,2026,max muncy,False,Max Muncy,543.0,577.0,4.006944444444445,84.0,232.0,141.0,410.29411764705884,166.70588235294116,True,False,53.0,False,102,42.0,60.0,102.0,431.2659574468085,145.7340425531915
169,15,1,Midwest MooseKnuckle Mafia,Dante Nori,OF,PHI,LS,2026,dante nori,False,,,,,,,,,,,,,False,103,,,103.0,431.2659574468085,
170,15,2,Baseball Phanatic,Zack Gelof,"2B,3B,OF",ATH,LS,2026,zack gelof,False,Zack Gelof,410.0,451.0,4.295238095238095,149.0,703.7,294.0,163.94,287.06,True,False,122.0,False,104,68.0,36.0,104.0,431.2659574468085,19.7340425531915
171,15,3,Some Ting Wong,Trevor Larnach,"OF,UT",MIN,LA,2026,trevor larnach,False,Trevor Larnach,433.0,439.0,3.598360655737705,161.0,378.0,228.0,331.2,107.80000000000001,False,False,127.0,False,105,69.0,36.0,105.0,431.2659574468085,7.7340425531915
174,15,6,The Greatest Glizzy Guzzlers,Wilyer Abreu,OF,BOS,LA,2026,wilyer abreu,False,Wilyer Abreu,657.0,671.0,4.443708609271523,32.0,210.6,125.0,442.5,228.5,True,True,1.0,False,106,8.0,98.0,106.0,431.2659574468085,239.7340425531915
175,15,7,Gotham Knights,Dillon Dingler,C,DET,LS,2026,dillon dingler,False,Dillon Dingler,590.0,609.0,4.319148936170213,56.0,259.4,160.0,410.29411764705884,198.70588235294116,True,True,40.0,False,107,25.0,82.0,107.0,431.2659574468085,177.7340425531915
176,15,8,Charlie Hustle,Brooks Lee,"2B,3B,SS",MIN,LS,2026,brooks lee,False,Brooks Lee,605.0,589.0,3.9266666666666667,75.0,318.2,195.0,362.7,226.3,True,True,42.0,False,108,36.0,72.0,108.0,431.2659574468085,157.7340425531915
179,15,11,The Great Bambi,Tyler Tolbert,"2B,SS,OF",KC,LS,2026,tyler tolbert,False,Tyler Tolbert,143.0,202.0,2.58974358974359,334.0,,,163.94,38.06,False,False,279.0,False,109,94.0,15.0,109.0,431.2659574468085,-229.2659574468085
180,15,12,Basketball,Jordan Lawlar,"3B,SS,OF",ARI,LQA,2026,jordan lawlar,False,Jordan Lawlar,124.0,134.0,3.4358974358974357,398.0,301.4,182.0,362.7,-228.7,False,False,339.0,True,110,102.0,8.0,110.0,403.8,-269.8
