date,kind,mlbam_id,name,team,gamePk,opp,exp_pts,src,owner,elig,active,made_utc,actual,ip,played
2026-09-22,H,502671.0,Paul Goldschmidt,New York Yankees,823543,Tampa Bay Rays,2.64,listed,FA,1B,True,2026-09-22T15:00:30Z,0.0,,True
2026-09-22,H,592450.0,Aaron Judge,New York Yankees,823543,Tampa Bay Rays,3.55,listed,MMM,OF,True,2026-09-22T15:00:30Z,,,False
2026-09-22,H,641355.0,Cody Bellinger,New York Yankees,823543,Tampa Bay Rays,4.35,listed,LTTA,OF,True,2026-09-22T15:00:30Z,8.0,,True
2026-09-22,H,641857.0,Ryan McMahon,New York Yankees,823543,Tampa Bay Rays,2.74,listed,FA,3B,True,2026-09-22T15:00:30Z,0.0,,True
2026-09-22,H,642708.0,Amed Rosario,New York Yankees,823543,Tampa Bay Rays,2.74,listed,FA,3B,True,2026-09-22T15:00:30Z,,,False
2026-09-22,H,663757.0,Trent Grisham,New York Yankees,823543,Tampa Bay Rays,3.65,listed,FA,OF,False,2026-09-22T15:00:30Z,,,False
2026-09-22,H,665862.0,Jazz Chisholm Jr.,New York Yankees,823543,Tampa Bay Rays,4.12,listed,MMM,2B/3B,False,2026-09-22T15:00:30Z,3.0,,True
2026-09-22,H,669224.0,Austin Wells,New York Yankees,823543,Tampa Bay Rays,3.43,listed,FA,C,True,2026-09-22T15:00:30Z,1.0,,True
2026-09-22,H,671218.0,Heliot Ramos,New York Yankees,823543,Tampa Bay Rays,3.16,listed,GLIZZY,OF,True,2026-09-22T15:00:30Z,0.0,,True
2026-09-22,H,671277.0,Luis García Jr.,New York Yankees,823543,Tampa Bay Rays,3.95,listed,Dan,1B/2B,True,2026-09-22T15:00:30Z,0.0,,True
2026-09-22,H,676609.0,José Caballero,New York Yankees,823543,Tampa Bay Rays,2.84,listed,FA,2B/3B/SS/OF,True,2026-09-22T15:00:30Z,8.0,,True
2026-09-22,H,682987.0,Spencer Jones,New York Yankees,823543,Tampa Bay Rays,3.49,listed,FA,OF,True,2026-09-22T15:00:30Z,5.0,,True
2026-09-22,H,683011.0,Anthony Volpe,New York Yankees,823543,Tampa Bay Rays,3.26,listed,FA,SS,True,2026-09-22T15:00:30Z,0.0,,True
2026-09-22,H,691176.0,Jasson Domínguez,New York Yankees,823543,Tampa Bay Rays,3.17,listed,FA,OF,False,2026-09-22T15:00:30Z,,,False
2026-09-22,H,700250.0,Ben Rice,New York Yankees,823543,Tampa Bay Rays,4.92,listed,CS,C/1B,True,2026-09-22T15:00:30Z,5.0,,True
2026-09-22,H,806146.0,George Lombard Jr.,New York Yankees,823543,Tampa Bay Rays,3.39,listed,THALER,SS,True,2026-09-22T15:00:30Z,2.0,,True
2026-09-22,H,519317.0,Giancarlo Stanton,New York Yankees,823543,Tampa Bay Rays,3.63,listed,Dpf,OF,False,2026-09-22T15:00:30Z,,,False
2026-09-22,H,641555.0,J.C. Escarra,New York Yankees,823543,Tampa Bay Rays,2.64,listed,FA,C,False,2026-09-22T15:00:30Z,,,False
2026-09-22,H,645305.0,Ali Sánchez,New York Yankees,823543,Tampa Bay Rays,1.38,listed,FA,C,True,2026-09-22T15:00:30Z,0.0,,True
2026-09-22,H,680474.0,Max Schuemann,New York Yankees,823543,Tampa Bay Rays,1.65,listed,FA,2B/3B/SS/OF,True,2026-09-22T15:00:30Z,,,False
2026-09-22,H,622761.0,Jorge Mateo,Tampa Bay Rays,823543,New York Yankees,2.22,listed,FA,2B/SS,True,2026-09-22T15:00:30Z,0.0,,True
2026-09-22,H,650490.0,Yandy Díaz,Tampa Bay Rays,823543,New York Yankees,3.8,listed,LTTA,1B,True,2026-09-22T15:00:30Z,0.0,,True
2026-09-22,H,656775.0,Cedric Mullins,Tampa Bay Rays,823543,New York Yankees,2.8,listed,FA,OF,True,2026-09-22T15:00:30Z,0.0,,True
2026-09-22,H,663743.0,Nick Fortes,Tampa Bay Rays,823543,New York Yankees,2.33,listed,FA,C,True,2026-09-22T15:00:30Z,2.0,,True
2026-09-22,H,666018.0,Jonathan Aranda,Tampa Bay Rays,823543,New York Yankees,3.93,listed,BAMBI,1B,True,2026-09-22T15:00:30Z,2.0,,True
2026-09-22,H,668723.0,Ryan Vilade,Tampa Bay Rays,823543,New York Yankees,2.5,listed,FA,1B/2B/OF,True,2026-09-22T15:00:30Z,2.0,,True
2026-09-22,H,670764.0,Taylor Walls,Tampa Bay Rays,823543,New York Yankees,2.76,listed,FA,SS,True,2026-09-22T15:00:30Z,10.0,,True
2026-09-22,H,676356.0,Jonny DeLuca,Tampa Bay Rays,823543,New York Yankees,2.86,listed,FA,OF,True,2026-09-22T15:00:30Z,0.0,,True
2026-09-22,H,680700.0,Richie Palacios,Tampa Bay Rays,823543,New York Yankees,2.83,listed,FA,2B/OF,True,2026-09-22T15:00:30Z,0.0,,True
2026-09-22,H,683748.0,Victor Mesa Jr.,Tampa Bay Rays,823543,New York Yankees,3.69,listed,FA,OF,True,2026-09-22T15:00:30Z,2.0,,True
2026-09-22,H,689414.0,Liam Hicks,Tampa Bay Rays,823543,New York Yankees,2.9,listed,MMM,C/1B,True,2026-09-22T15:00:30Z,0.0,,True
2026-09-22,H,691406.0,Junior Caminero,Tampa Bay Rays,823543,New York Yankees,4.1,listed,BAMBI,3B,True,2026-09-22T15:00:30Z,0.0,,True
2026-09-22,H,802415.0,Chandler Simpson,Tampa Bay Rays,823543,New York Yankees,3.89,listed,BAMBI,OF,True,2026-09-22T15:00:30Z,2.0,,True
2026-09-22,H,810938.0,Ben Williamson,Tampa Bay Rays,823543,New York Yankees,2.65,listed,FA,2B/3B/SS,True,2026-09-22T15:00:30Z,3.0,,True
2026-09-22,H,641584.0,Jake Fraley,Tampa Bay Rays,823543,New York Yankees,2.72,listed,FA,OF,False,2026-09-22T15:00:30Z,,,False
2026-09-22,H,624413.0,Pete Alonso,Baltimore Orioles,824785,Toronto Blue Jays,4.61,listed,GK,1B,True,2026-09-22T15:00:30Z,0.0,,True
2026-09-22,H,641933.0,Tyler O'Neill,Baltimore Orioles,824785,Toronto Blue Jays,2.75,listed,FA,OF,False,2026-09-22T15:00:30Z,,,False
2026-09-22,H,665750.0,Leody Taveras,Baltimore Orioles,824785,Toronto Blue Jays,3.02,listed,FA,OF,True,2026-09-22T15:00:30Z,0.0,,True
2026-09-22,H,665966.0,Carlos Narváez,Baltimore Orioles,824785,Toronto Blue Jays,2.25,listed,FA,C,True,2026-09-22T15:00:30Z,0.0,,True
2026-09-22,H,669236.0,Jeremiah Jackson,Baltimore Orioles,824785,Toronto Blue Jays,2.77,listed,FA,2B/OF,True,2026-09-22T15:00:30Z,0.0,,True
2026-09-22,H,673357.0,Luis Robert Jr.,Baltimore Orioles,824785,Toronto Blue Jays,3.51,listed,Dpf,OF,True,2026-09-22T15:00:30Z,,,False
2026-09-22,H,677942.0,Blaze Alexander,Baltimore Orioles,824785,Toronto Blue Jays,3.44,listed,FA,2B/3B/SS/OF,False,2026-09-22T15:00:30Z,,,False
2026-09-22,H,681297.0,Colton Cowser,Baltimore Orioles,824785,Toronto Blue Jays,3.0,listed,FA,OF,True,2026-09-22T15:00:30Z,0.0,,True
2026-09-22,H,683002.0,Gunnar Henderson,Baltimore Orioles,824785,Toronto Blue Jays,4.08,listed,GK,SS,True,2026-09-22T15:00:30Z,0.0,,True
2026-09-22,H,687637.0,Dylan Beavers,Baltimore Orioles,824785,Toronto Blue Jays,3.6,listed,FA,OF,True,2026-09-22T15:00:30Z,0.0,,True
2026-09-22,H,687952.0,Christian Encarnacion-Strand,Baltimore Orioles,824785,Toronto Blue Jays,3.42,listed,FA,1B/3B,True,2026-09-22T15:00:30Z,0.0,,True
2026-09-22,H,691723.0,Coby Mayo,Baltimore Orioles,824785,Toronto Blue Jays,3.34,listed,FA,1B/3B,True,2026-09-22T15:00:30Z,0.0,,True
2026-09-22,H,694212.0,Samuel Basallo,Baltimore Orioles,824785,Toronto Blue Jays,3.35,listed,GK,C/1B,True,2026-09-22T15:00:30Z,,,False
2026-09-22,H,702616.0,Jackson Holliday,Baltimore Orioles,824785,Toronto Blue Jays,3.52,listed,FA,2B,False,2026-09-22T15:00:30Z,,,False
2026-09-22,H,677956.0,Rece Hinds,Baltimore Orioles,824785,Toronto Blue Jays,2.59,listed,FA,OF,True,2026-09-22T15:00:30Z,,,False
2026-09-22,H,543807.0,George Springer,Toronto Blue Jays,824785,Baltimore Orioles,3.89,listed,LTTA,OF,True,2026-09-22T15:00:30Z,0.0,,True
2026-09-22,H,664702.0,Myles Straw,Toronto Blue Jays,824785,Baltimore Orioles,2.49,listed,FA,OF,True,2026-09-22T15:00:30Z,0.0,,True
2026-09-22,H,664770.0,Nathan Lukes,Toronto Blue Jays,824785,Baltimore Orioles,3.61,listed,FA,OF,True,2026-09-22T15:00:30Z,0.0,,True
2026-09-22,H,665489.0,Vladimir Guerrero Jr.,Toronto Blue Jays,824785,Baltimore Orioles,3.77,listed,CJF,1B,True,2026-09-22T15:00:30Z,,,False
2026-09-22,H,665926.0,Andrés Giménez,Toronto Blue Jays,824785,Baltimore Orioles,3.38,listed,Dan,2B/SS,True,2026-09-22T15:00:30Z,0.0,,True
2026-09-22,H,669701.0,Josh Smith,Toronto Blue Jays,824785,Baltimore Orioles,2.84,listed,FA,1B/2B/3B/SS,True,2026-09-22T15:00:30Z,0.0,,True
2026-09-22,H,672386.0,Alejandro Kirk,Toronto Blue Jays,824785,Baltimore Orioles,3.87,listed,FA,C,True,2026-09-22T15:00:30Z,,,False
2026-09-22,H,672960.0,Kazuma Okamoto,Toronto Blue Jays,824785,Baltimore Orioles,3.88,listed,Dpf,1B/3B,True,2026-09-22T15:00:30Z,0.0,,True
2026-09-22,H,676391.0,Ernie Clement,Toronto Blue Jays,824785,Baltimore Orioles,2.95,listed,CS,2B/3B/SS,True,2026-09-22T15:00:30Z,0.0,,True
2026-09-22,H,676914.0,Davis Schneider,Toronto Blue Jays,824785,Baltimore Orioles,1.91,listed,FA,2B/OF,True,2026-09-22T15:00:30Z,,,False
2026-09-22,H,678218.0,Brandon Valenzuela,Toronto Blue Jays,824785,Baltimore Orioles,2.58,listed,FA,C,True,2026-09-22T15:00:30Z,0.0,,True
2026-09-22,H,682818.0,Yohendrick Piñango,Toronto Blue Jays,824785,Baltimore Orioles,3.05,listed,FA,OF,False,2026-09-22T15:00:30Z,,,False
2026-09-22,H,703520.0,Brett Bateman,Toronto Blue Jays,824785,Baltimore Orioles,4.54,listed,THALER,OF,True,2026-09-22T15:00:30Z,,,False
2026-09-22,H,807727.0,Charles McAdoo,Toronto Blue Jays,824785,Baltimore Orioles,2.26,listed,FA,2B/3B,True,2026-09-22T15:00:30Z,,,False
2026-09-22,H,542303.0,Marcell Ozuna,Pittsburgh Pirates,823328,St. Louis Cardinals,3.44,listed,FA,UT,False,2026-09-22T15:00:30Z,,,False
2026-09-22,H,656811.0,Ryan O'Hearn,Pittsburgh Pirates,823328,St. Louis Cardinals,4.16,listed,GK,1B/OF,True,2026-09-22T15:00:30Z,3.0,,True
2026-09-22,H,663968.0,Jake Mangum,Pittsburgh Pirates,823328,St. Louis Cardinals,3.55,listed,FA,OF,True,2026-09-22T15:00:30Z,,,False
2026-09-22,H,664040.0,Brandon Lowe,Pittsburgh Pirates,823328,St. Louis Cardinals,4.73,listed,BB,2B,True,2026-09-22T15:00:30Z,0.0,,True
2026-09-22,H,665833.0,Oneil Cruz,Pittsburgh Pirates,823328,St. Louis Cardinals,4.83,listed,CJF,OF,True,2026-09-22T15:00:30Z,2.0,,True
2026-09-22,H,668804.0,Bryan Reynolds,Pittsburgh Pirates,823328,St. Louis Cardinals,4.4,listed,MMM,OF,True,2026-09-22T15:00:30Z,3.0,,True
2026-09-22,H,669707.0,Jared Triolo,Pittsburgh Pirates,823328,St. Louis Cardinals,2.1,listed,FA,1B/3B/SS,True,2026-09-22T15:00:30Z,0.0,,True
2026-09-22,H,680779.0,Henry Davis,Pittsburgh Pirates,823328,St. Louis Cardinals,2.94,listed,FA,C,True,2026-09-22T15:00:30Z,,,False
2026-09-22,H,682848.0,Endy Rodríguez,Pittsburgh Pirates,823328,St. Louis Cardinals,3.71,listed,FA,C/1B,False,2026-09-22T15:00:30Z,,,False
2026-09-22,H,682997.0,Tyler Callihan,Pittsburgh Pirates,823328,St. Louis Cardinals,2.55,listed,FA,OF,False,2026-09-22T15:00:30Z,,,False
2026-09-22,H,687462.0,Spencer Horwitz,Pittsburgh Pirates,823328,St. Louis Cardinals,3.57,listed,FA,1B,True,2026-09-22T15:00:30Z,5.0,,True
2026-09-22,H,693304.0,Nick Gonzales,Pittsburgh Pirates,823328,St. Louis Cardinals,3.7,listed,CJF,2B/3B,True,2026-09-22T15:00:30Z,,,False
2026-09-22,H,694377.0,Nick Yorke,Pittsburgh Pirates,823328,St. Louis Cardinals,2.12,listed,FA,2B/3B,False,2026-09-22T15:00:30Z,,,False
2026-09-22,H,694378.0,Jacob Gonzalez,Pittsburgh Pirates,823328,St. Louis Cardinals,2.28,listed,FA,1B/2B/SS,True,2026-09-22T15:00:30Z,0.0,,True
2026-09-22,H,699013.0,Esmerlyn Valdez,Pittsburgh Pirates,823328,St. Louis Cardinals,3.36,listed,LTTA,OF,True,2026-09-22T15:00:30Z,,,False
2026-09-22,H,804606.0,Konnor Griffin,Pittsburgh Pirates,823328,St. Louis Cardinals,3.89,listed,THALER,SS,True,2026-09-22T15:00:30Z,9.0,,True
2026-09-22,H,804668.0,Rafael Flores Jr.,Pittsburgh Pirates,823328,St. Louis Cardinals,3.37,listed,FA,C/1B,True,2026-09-22T15:00:30Z,1.0,,True
2026-09-22,H,602104.0,Ramón Urías,St. Louis Cardinals,823328,Pittsburgh Pirates,1.52,listed,FA,2B/3B,False,2026-09-22T15:00:30Z,,,False
2026-09-22,H,663494.0,Bryan Torres,St. Louis Cardinals,823328,Pittsburgh Pirates,2.78,listed,FA,C/2B/OF,True,2026-09-22T15:00:30Z,0.0,,True
2026-09-22,H,665877.0,José Fermín,St. Louis Cardinals,823328,Pittsburgh Pirates,2.81,listed,FA,2B/3B/OF,True,2026-09-22T15:00:30Z,,,False
2026-09-22,H,669357.0,Nolan Gorman,St. Louis Cardinals,823328,Pittsburgh Pirates,2.98,listed,FA,2B/3B,True,2026-09-22T15:00:30Z,,,False
2026-09-22,H,671056.0,Iván Herrera,St. Louis Cardinals,823328,Pittsburgh Pirates,3.76,listed,LTTA,C,True,2026-09-22T15:00:30Z,0.0,,True
2026-09-22,H,676475.0,Alec Burleson,St. Louis Cardinals,823328,Pittsburgh Pirates,4.33,listed,LTTA,1B/OF,True,2026-09-22T15:00:30Z,0.0,,True
2026-09-22,H,686780.0,Pedro Pagés,St. Louis Cardinals,823328,Pittsburgh Pirates,2.05,listed,FA,C,True,2026-09-22T15:00:30Z,,,False
2026-09-22,H,687363.0,Victor Scott II,St. Louis Cardinals,823328,Pittsburgh Pirates,1.07,listed,FA,OF,True,2026-09-22T15:00:30Z,,,False
2026-09-22,H,691023.0,Jordan Walker,St. Louis Cardinals,823328,Pittsburgh Pirates,3.43,listed,CJF,OF,True,2026-09-22T15:00:30Z,0.0,,True
2026-09-22,H,691026.0,Masyn Winn,St. Louis Cardinals,823328,Pittsburgh Pirates,2.62,listed,FA,SS,True,2026-09-22T15:00:30Z,1.0,,True
2026-09-22,H,691458.0,Blaze Jordan,St. Louis Cardinals,823328,Pittsburgh Pirates,2.61,listed,FA,1B/3B,False,2026-09-22T15:00:30Z,,,False
2026-09-22,H,695336.0,Thomas Saggese,St. Louis Cardinals,823328,Pittsburgh Pirates,3.24,listed,MMM,2B/SS/OF,True,2026-09-22T15:00:30Z,1.0,,True
2026-09-22,H,695491.0,Joshua Báez,St. Louis Cardinals,823328,Pittsburgh Pirates,3.01,listed,BAMBI,OF,False,2026-09-22T15:00:30Z,,,False
2026-09-22,H,699625.0,Jimmy Crooks,St. Louis Cardinals,823328,Pittsburgh Pirates,2.55,listed,FA,C,False,2026-09-22T15:00:30Z,,,False
2026-09-22,H,701675.0,Nathan Church,St. Louis Cardinals,823328,Pittsburgh Pirates,3.56,listed,FA,OF,True,2026-09-22T15:00:30Z,3.0,,True
2026-09-22,H,802139.0,JJ Wetherholt,St. Louis Cardinals,823328,Pittsburgh Pirates,3.85,listed,THALER,2B/SS,True,2026-09-22T15:00:30Z,0.0,,True
2026-09-22,H,699024.0,Leo Bernal,St. Louis Cardinals,823328,Pittsburgh Pirates,4.35,listed,BB,C,True,2026-09-22T15:00:30Z,0.0,,True
2026-09-22,H,547180.0,Bryce Harper,Philadelphia Phillies,823412,Milwaukee Brewers,5.04,listed,BAMBI,1B/OF,True,2026-09-22T15:00:30Z,1.0,,True
2026-09-22,H,592663.0,J.T. Realmuto,Philadelphia Phillies,823412,Milwaukee Brewers,3.58,listed,Dpf,C,True,2026-09-22T15:00:30Z,1.0,,True
2026-09-22,H,607208.0,Trea Turner,Philadelphia Phillies,823412,Milwaukee Brewers,4.21,listed,CS,SS,True,2026-09-22T15:00:30Z,3.0,,True
2026-09-22,H,624641.0,Edmundo Sosa,Philadelphia Phillies,823412,Milwaukee Brewers,2.46,listed,FA,2B/3B/SS/OF,True,2026-09-22T15:00:30Z,,,False
2026-09-22,H,650333.0,Luis Arraez,Philadelphia Phillies,823412,Milwaukee Brewers,3.95,listed,GLIZZY,1B/2B,True,2026-09-22T15:00:30Z,5.0,,True
2026-09-22,H,656537.0,Derek Hill,Philadelphia Phillies,823412,Milwaukee Brewers,1.63,listed,FA,OF,True,2026-09-22T15:00:30Z,0.0,,True
2026-09-22,H,656941.0,Kyle Schwarber,Philadelphia Phillies,823412,Milwaukee Brewers,4.59,listed,CS,OF,True,2026-09-22T15:00:30Z,0.0,,True
2026-09-22,H,664761.0,Alec Bohm,Philadelphia Phillies,823412,Milwaukee Brewers,3.68,listed,CS,1B/3B,True,2026-09-22T15:00:30Z,7.0,,True
2026-09-22,H,666969.0,Adolis García,Philadelphia Phillies,823412,Milwaukee Brewers,3.31,listed,FA,OF,False,2026-09-22T15:00:30Z,,,False
2026-09-22,H,669016.0,Brandon Marsh,Philadelphia Phillies,823412,Milwaukee Brewers,2.78,listed,Dpf,OF,True,2026-09-22T15:00:30Z,12.0,,True
2026-09-22,H,681082.0,Bryson Stott,Philadelphia Phillies,823412,Milwaukee Brewers,3.79,listed,CS,2B/3B,True,2026-09-22T15:00:30Z,9.0,,True
2026-09-22,H,702222.0,Justin Crawford,Philadelphia Phillies,823412,Milwaukee Brewers,3.05,listed,FA,OF,True,2026-09-22T15:00:30Z,0.0,,True
2026-09-22,H,596117.0,Garrett Stubbs,Philadelphia Phillies,823412,Milwaukee Brewers,1.45,listed,FA,C,True,2026-09-22T15:00:30Z,,,False
2026-09-22,H,650559.0,Bryan De La Cruz,Philadelphia Phillies,823412,Milwaukee Brewers,2.49,listed,FA,OF,True,2026-09-22T15:00:30Z,,,False
2026-09-22,H,665561.0,Rafael Marchán,Philadelphia Phillies,823412,Milwaukee Brewers,1.93,listed,FA,C,True,2026-09-22T15:00:30Z,,,False
2026-09-22,H,687282.0,Gabriel Rincones Jr.,Philadelphia Phillies,823412,Milwaukee Brewers,3.05,listed,FA,OF,False,2026-09-22T15:00:30Z,,,False
2026-09-22,H,592885.0,Christian Yelich,Milwaukee Brewers,823412,Philadelphia Phillies,3.85,listed,LTTA,OF,True,2026-09-22T15:00:30Z,2.0,,True
2026-09-22,H,596142.0,Gary Sánchez,Milwaukee Brewers,823412,Philadelphia Phillies,2.43,listed,FA,C,True,2026-09-22T15:00:30Z,,,False
2026-09-22,H,641343.0,Jake Bauers,Milwaukee Brewers,823412,Philadelphia Phillies,3.99,listed,THALER,1B/OF,True,2026-09-22T15:00:30Z,2.0,,True
2026-09-22,H,661388.0,William Contreras,Milwaukee Brewers,823412,Philadelphia Phillies,4.34,listed,GLIZZY,C,True,2026-09-22T15:00:30Z,5.0,,True
2026-09-22,H,663368.0,Blake Perkins,Milwaukee Brewers,823412,Philadelphia Phillies,1.56,listed,FA,OF,False,2026-09-22T15:00:30Z,,,False
2026-09-22,H,663604.0,Brandon Lockridge,Milwaukee Brewers,823412,Philadelphia Phillies,2.59,listed,FA,OF,False,2026-09-22T15:00:30Z,,,False
2026-09-22,H,666152.0,David Hamilton,Milwaukee Brewers,823412,Philadelphia Phillies,2.71,listed,FA,2B/3B/SS,True,2026-09-22T15:00:30Z,9.0,,True
2026-09-22,H,668930.0,Brice Turang,Milwaukee Brewers,823412,Philadelphia Phillies,4.71,listed,CH,2B,True,2026-09-22T15:00:30Z,2.0,,True
2026-09-22,H,669003.0,Garrett Mitchell,Milwaukee Brewers,823412,Philadelphia Phillies,3.64,listed,FA,OF,True,2026-09-22T15:00:30Z,3.0,,True
2026-09-22,H,683734.0,Andrew Vaughn,Milwaukee Brewers,823412,Philadelphia Phillies,2.5,listed,FA,1B/3B,True,2026-09-22T15:00:30Z,,,False
2026-09-22,H,686217.0,Sal Frelick,Milwaukee Brewers,823412,Philadelphia Phillies,3.13,listed,FA,OF,True,2026-09-22T15:00:30Z,,,False
2026-09-22,H,687401.0,Joey Ortiz,Milwaukee Brewers,823412,Philadelphia Phillies,2.96,listed,FA,3B/SS,True,2026-09-22T15:00:30Z,,,False
2026-09-22,H,694192.0,Jackson Chourio,Milwaukee Brewers,823412,Philadelphia Phillies,4.42,listed,BAMBI,OF,True,2026-09-22T15:00:30Z,5.0,,True
2026-09-22,H,800325.0,Luis Lara,Milwaukee Brewers,823412,Philadelphia Phillies,3.3,listed,FA,OF,True,2026-09-22T15:00:30Z,3.0,,True
2026-09-22,H,806198.0,Cooper Pratt,Milwaukee Brewers,823412,Philadelphia Phillies,3.38,listed,CH,SS,True,2026-09-22T15:00:30Z,0.0,,True
2026-09-22,H,666310.0,Bo Naylor,Milwaukee Brewers,823412,Philadelphia Phillies,2.8,listed,FA,C,True,2026-09-22T15:00:30Z,,,False
2026-09-22,H,595879.0,Javier Báez,Detroit Tigers,824222,Washington Nationals,2.7,listed,FA,2B/3B/SS/OF,True,2026-09-22T15:00:30Z,0.0,,True
2026-09-22,H,650402.0,Gleyber Torres,Detroit Tigers,824222,Washington Nationals,3.88,listed,FA,2B,True,2026-09-22T15:00:30Z,3.0,,True
2026-09-22,H,656716.0,Zach McKinstry,Detroit Tigers,824222,Washington Nationals,2.31,listed,FA,2B/3B/SS/OF,True,2026-09-22T15:00:30Z,0.0,,True
2026-09-22,H,663837.0,Matt Vierling,Detroit Tigers,824222,Washington Nationals,3.26,listed,FA,OF,False,2026-09-22T15:00:30Z,,,False
2026-09-22,H,672761.0,Wenceel Pérez,Detroit Tigers,824222,Washington Nationals,3.23,listed,FA,OF,False,2026-09-22T15:00:30Z,,,False
2026-09-22,H,679529.0,Spencer Torkelson,Detroit Tigers,824222,Washington Nationals,3.46,listed,Dan,1B,True,2026-09-22T15:00:30Z,4.0,,True
2026-09-22,H,680664.0,Eduardo Valencia,Detroit Tigers,824222,Washington Nationals,3.4,listed,CH,C/1B,True,2026-09-22T15:00:30Z,0.0,,True
2026-09-22,H,681481.0,Kerry Carpenter,Detroit Tigers,824222,Washington Nationals,2.89,listed,FA,OF,False,2026-09-22T15:00:30Z,,,False
2026-09-22,H,682985.0,Riley Greene,Detroit Tigers,824222,Washington Nationals,4.47,listed,CH,OF,True,2026-09-22T15:00:30Z,,,False
2026-09-22,H,690993.0,Colt Keith,Detroit Tigers,824222,Washington Nationals,2.35,listed,FA,1B/2B/3B,False,2026-09-22T15:00:30Z,,,False
2026-09-22,H,693307.0,Dillon Dingler,Detroit Tigers,824222,Washington Nationals,3.27,listed,MMM,C,True,2026-09-22T15:00:30Z,,,False
2026-09-22,H,701162.0,Ben Malgeri,Detroit Tigers,824222,Washington Nationals,2.14,listed,FA,OF,True,2026-09-22T15:00:30Z,4.0,,True
2026-09-22,H,701678.0,Hao-Yu Lee,Detroit Tigers,824222,Washington Nationals,3.64,listed,FA,2B/3B,True,2026-09-22T15:00:30Z,4.0,,True
2026-09-22,H,703601.0,Max Clark,Detroit Tigers,824222,Washington Nationals,4.12,listed,CS,OF,True,2026-09-22T15:00:30Z,4.0,,True
2026-09-22,H,805808.0,Kevin McGonigle,Detroit Tigers,824222,Washington Nationals,4.09,listed,GLIZZY,3B/SS,True,2026-09-22T15:00:30Z,5.0,,True
2026-09-22,H,807726.0,John Peck,Detroit Tigers,824222,Washington Nationals,3.12,listed,FA,SS,True,2026-09-22T15:00:30Z,0.0,,True
2026-09-22,H,814430.0,Brett Callahan,Detroit Tigers,824222,Washington Nationals,2.22,listed,FA,OF,True,2026-09-22T15:00:30Z,0.0,,True
2026-09-22,H,660688.0,Keibert Ruiz,Washington Nationals,824222,Detroit Tigers,3.11,listed,FA,C,True,2026-09-22T15:00:30Z,2.0,,True
2026-09-22,H,665953.0,Andrés Chaparro,Washington Nationals,824222,Detroit Tigers,2.95,listed,FA,1B,True,2026-09-22T15:00:30Z,2.0,,True
2026-09-22,H,677588.0,José Tena,Washington Nationals,824222,Detroit Tigers,2.05,listed,FA,2B/3B/OF,True,2026-09-22T15:00:30Z,,,False
2026-09-22,H,678391.0,Jorbit Vivas,Washington Nationals,824222,Detroit Tigers,3.07,listed,FA,2B/3B,True,2026-09-22T15:00:30Z,0.0,,True
2026-09-22,H,682928.0,CJ Abrams,Washington Nationals,824222,Detroit Tigers,4.07,listed,BAMBI,SS,True,2026-09-22T15:00:30Z,15.0,,True
2026-09-22,H,683083.0,Nasim Nuñez,Washington Nationals,824222,Detroit Tigers,2.33,listed,FA,2B/SS,True,2026-09-22T15:00:30Z,3.0,,True
2026-09-22,H,686452.0,Drew Millas,Washington Nationals,824222,Detroit Tigers,2.74,listed,FA,C,False,2026-09-22T15:00:30Z,,,False
2026-09-22,H,686611.0,Dylan Crews,Washington Nationals,824222,Detroit Tigers,3.72,listed,FA,OF,True,2026-09-22T15:00:30Z,11.0,,True
2026-09-22,H,691781.0,Brady House,Washington Nationals,824222,Detroit Tigers,3.01,listed,FA,3B,True,2026-09-22T15:00:30Z,,,False
2026-09-22,H,694673.0,Abimelec Ortiz,Washington Nationals,824222,Detroit Tigers,2.68,listed,FA,1B/OF,True,2026-09-22T15:00:30Z,,,False
2026-09-22,H,695578.0,James Wood,Washington Nationals,824222,Detroit Tigers,4.46,listed,BB,OF,True,2026-09-22T15:00:30Z,2.0,,True
2026-09-22,H,695670.0,Harry Ford,Washington Nationals,824222,Detroit Tigers,2.62,listed,FA,C,True,2026-09-22T15:00:30Z,,,False
2026-09-22,H,695734.0,Daylen Lile,Washington Nationals,824222,Detroit Tigers,4.33,listed,GK,OF,True,2026-09-22T15:00:30Z,0.0,,True
2026-09-22,H,696285.0,Jacob Young,Washington Nationals,824222,Detroit Tigers,2.88,listed,FA,OF,True,2026-09-22T15:00:30Z,,,False
2026-09-22,H,686894.0,Joey Wiemer,Washington Nationals,824222,Detroit Tigers,2.35,listed,FA,OF,False,2026-09-22T15:00:30Z,,,False
2026-09-22,H,691002.0,Yohandy Morales,Washington Nationals,824222,Detroit Tigers,2.67,listed,GK,1B,True,2026-09-22T15:00:30Z,0.0,,True
2026-09-22,H,575929.0,Willson Contreras,Boston Red Sox,824709,Cleveland Guardians,3.86,listed,LTTA,1B,True,2026-09-22T15:00:30Z,,,False
2026-09-22,H,596115.0,Trevor Story,Boston Red Sox,824709,Cleveland Guardians,3.9,listed,CH,SS,True,2026-09-22T15:00:30Z,,,False
2026-09-22,H,642201.0,Eli White,Boston Red Sox,824709,Cleveland Guardians,1.99,listed,FA,OF,False,2026-09-22T15:00:30Z,,,False
2026-09-22,H,643396.0,Isiah Kiner-Falefa,Boston Red Sox,824709,Cleveland Guardians,2.2,listed,FA,2B/3B/SS,True,2026-09-22T15:00:30Z,1.0,,True
2026-09-22,H,655316.0,Andruw Monasterio,Boston Red Sox,824709,Cleveland Guardians,2.67,listed,FA,2B/SS,True,2026-09-22T15:00:30Z,2.0,,True
2026-09-22,H,657136.0,Connor Wong,Boston Red Sox,824709,Cleveland Guardians,2.88,listed,FA,C,True,2026-09-22T15:00:30Z,,,False
2026-09-22,H,663330.0,Jahmai Jones,Boston Red Sox,824709,Cleveland Guardians,1.96,listed,FA,OF,True,2026-09-22T15:00:30Z,0.0,,True
2026-09-22,H,668939.0,Adley Rutschman,Boston Red Sox,824709,Cleveland Guardians,3.32,listed,BAMBI,C,True,2026-09-22T15:00:30Z,9.0,,True
2026-09-22,H,677800.0,Wilyer Abreu,Boston Red Sox,824709,Cleveland Guardians,4.29,listed,GLIZZY,OF,True,2026-09-22T15:00:30Z,3.0,,True
2026-09-22,H,678011.0,Anthony Seigler,Boston Red Sox,824709,Cleveland Guardians,2.88,listed,FA,C/2B/3B,False,2026-09-22T15:00:30Z,,,False
2026-09-22,H,678554.0,Curtis Mead,Boston Red Sox,824709,Cleveland Guardians,3.55,listed,GK,1B/3B,False,2026-09-22T15:00:30Z,,,False
2026-09-22,H,678882.0,Ceddanne Rafaela,Boston Red Sox,824709,Cleveland Guardians,3.72,listed,GK,2B/OF,True,2026-09-22T15:00:30Z,,,False
2026-09-22,H,680776.0,Jarren Duran,Boston Red Sox,824709,Cleveland Guardians,3.38,listed,CH,OF,True,2026-09-22T15:00:30Z,1.0,,True
2026-09-22,H,681508.0,Mickey Gasper,Boston Red Sox,824709,Cleveland Guardians,2.93,listed,CS,C/1B/2B,True,2026-09-22T15:00:30Z,7.0,,True
2026-09-22,H,686765.0,Nick Sogard,Boston Red Sox,824709,Cleveland Guardians,3.52,listed,FA,1B/2B/3B,True,2026-09-22T15:00:30Z,5.0,,True
2026-09-22,H,691785.0,Marcelo Mayer,Boston Red Sox,824709,Cleveland Guardians,3.21,listed,FA,2B/3B/SS,True,2026-09-22T15:00:30Z,0.0,,True
2026-09-22,H,701350.0,Roman Anthony,Boston Red Sox,824709,Cleveland Guardians,4.22,listed,CJF,OF,True,2026-09-22T15:00:30Z,0.0,,True
2026-09-22,H,702332.0,Caleb Durbin,Boston Red Sox,824709,Cleveland Guardians,3.47,listed,GK,3B,True,2026-09-22T15:00:30Z,4.0,,True
2026-09-22,H,807799.0,Masataka Yoshida,Boston Red Sox,824709,Cleveland Guardians,3.19,listed,FA,OF,False,2026-09-22T15:00:30Z,,,False
2026-09-22,H,663853.0,Romy Gonzalez,Boston Red Sox,824709,Cleveland Guardians,3.46,listed,FA,1B/2B,False,2026-09-22T15:00:30Z,,,False
2026-09-22,H,595978.0,Austin Hedges,Cleveland Guardians,824709,Boston Red Sox,2.74,listed,FA,C,True,2026-09-22T15:00:30Z,2.0,,True
2026-09-22,H,608070.0,José Ramírez,Cleveland Guardians,824709,Boston Red Sox,4.19,listed,MMM,3B,True,2026-09-22T15:00:30Z,2.0,,True
2026-09-22,H,656555.0,Rhys Hoskins,Cleveland Guardians,824709,Boston Red Sox,2.71,listed,FA,1B,False,2026-09-22T15:00:30Z,,,False
2026-09-22,H,663993.0,Nathaniel Lowe,Cleveland Guardians,824709,Boston Red Sox,2.67,listed,FA,1B,True,2026-09-22T15:00:30Z,1.0,,True
2026-09-22,H,666176.0,Jo Adell,Cleveland Guardians,824709,Boston Red Sox,4.21,listed,FA,OF,True,2026-09-22T15:00:30Z,3.0,,True
2026-09-22,H,672275.0,Patrick Bailey,Cleveland Guardians,824709,Boston Red Sox,2.62,listed,FA,C,True,2026-09-22T15:00:30Z,,,False
2026-09-22,H,677587.0,Brayan Rocchio,Cleveland Guardians,824709,Boston Red Sox,3.08,listed,CJF,2B/SS,True,2026-09-22T15:00:30Z,2.0,,True
2026-09-22,H,680757.0,Steven Kwan,Cleveland Guardians,824709,Boston Red Sox,3.79,listed,Dan,OF,True,2026-09-22T15:00:30Z,3.0,,True
2026-09-22,H,681807.0,David Fry,Cleveland Guardians,824709,Boston Red Sox,1.7,listed,FA,1B/OF,True,2026-09-22T15:00:30Z,5.0,,True
2026-09-22,H,682177.0,Daniel Schneemann,Cleveland Guardians,824709,Boston Red Sox,2.0,listed,FA,2B/3B/OF,True,2026-09-22T15:00:30Z,,,False
2026-09-22,H,682657.0,Angel Martínez,Cleveland Guardians,824709,Boston Red Sox,3.7,listed,GK,2B/OF,True,2026-09-22T15:00:30Z,8.0,,True
2026-09-22,H,683953.0,Travis Bazzana,Cleveland Guardians,824709,Boston Red Sox,3.4,listed,THALER,2B,True,2026-09-22T15:00:30Z,2.0,,True
2026-09-22,H,690984.0,Petey Halpin,Cleveland Guardians,824709,Boston Red Sox,1.69,listed,FA,OF,True,2026-09-22T15:00:30Z,2.0,,True
2026-09-22,H,694197.0,Angel Genao,Cleveland Guardians,824709,Boston Red Sox,2.71,listed,FA,2B/3B/SS,True,2026-09-22T15:00:30Z,0.0,,True
2026-09-22,H,700932.0,Kyle Manzardo,Cleveland Guardians,824709,Boston Red Sox,3.01,listed,FA,1B,False,2026-09-22T15:00:30Z,,,False
2026-09-22,H,800050.0,Chase DeLauter,Cleveland Guardians,824709,Boston Red Sox,3.9,listed,GK,OF,True,2026-09-22T15:00:30Z,7.0,,True
2026-09-22,H,696135.0,Kahlil Watson,Cleveland Guardians,824709,Boston Red Sox,2.99,listed,FA,SS/OF,False,2026-09-22T15:00:30Z,,,False
2026-09-22,H,502671.0,Paul Goldschmidt,New York Yankees,823494,Tampa Bay Rays,2.54,listed,FA,1B,True,2026-09-22T15:00:30Z,0.0,,True
2026-09-22,H,592450.0,Aaron Judge,New York Yankees,823494,Tampa Bay Rays,3.42,listed,MMM,OF,True,2026-09-22T15:00:30Z,,,False
2026-09-22,H,641355.0,Cody Bellinger,New York Yankees,823494,Tampa Bay Rays,4.19,listed,LTTA,OF,True,2026-09-22T15:00:30Z,8.0,,True
2026-09-22,H,641857.0,Ryan McMahon,New York Yankees,823494,Tampa Bay Rays,2.64,listed,FA,3B,True,2026-09-22T15:00:30Z,0.0,,True
2026-09-22,H,642708.0,Amed Rosario,New York Yankees,823494,Tampa Bay Rays,2.64,listed,FA,3B,True,2026-09-22T15:00:30Z,,,False
2026-09-22,H,663757.0,Trent Grisham,New York Yankees,823494,Tampa Bay Rays,3.51,listed,FA,OF,False,2026-09-22T15:00:30Z,,,False
2026-09-22,H,665862.0,Jazz Chisholm Jr.,New York Yankees,823494,Tampa Bay Rays,3.97,listed,MMM,2B/3B,False,2026-09-22T15:00:30Z,3.0,,True
2026-09-22,H,669224.0,Austin Wells,New York Yankees,823494,Tampa Bay Rays,3.3,listed,FA,C,True,2026-09-22T15:00:30Z,1.0,,True
2026-09-22,H,671218.0,Heliot Ramos,New York Yankees,823494,Tampa Bay Rays,3.04,listed,GLIZZY,OF,True,2026-09-22T15:00:30Z,0.0,,True
2026-09-22,H,671277.0,Luis García Jr.,New York Yankees,823494,Tampa Bay Rays,3.81,listed,Dan,1B/2B,True,2026-09-22T15:00:30Z,0.0,,True
2026-09-22,H,676609.0,José Caballero,New York Yankees,823494,Tampa Bay Rays,2.74,listed,FA,2B/3B/SS/OF,True,2026-09-22T15:00:30Z,8.0,,True
2026-09-22,H,682987.0,Spencer Jones,New York Yankees,823494,Tampa Bay Rays,3.36,listed,FA,OF,True,2026-09-22T15:00:30Z,5.0,,True
2026-09-22,H,683011.0,Anthony Volpe,New York Yankees,823494,Tampa Bay Rays,3.14,listed,FA,SS,True,2026-09-22T15:00:30Z,0.0,,True
2026-09-22,H,691176.0,Jasson Domínguez,New York Yankees,823494,Tampa Bay Rays,3.06,listed,FA,OF,False,2026-09-22T15:00:30Z,,,False
2026-09-22,H,700250.0,Ben Rice,New York Yankees,823494,Tampa Bay Rays,4.74,listed,CS,C/1B,True,2026-09-22T15:00:30Z,5.0,,True
2026-09-22,H,806146.0,George Lombard Jr.,New York Yankees,823494,Tampa Bay Rays,3.27,listed,THALER,SS,True,2026-09-22T15:00:30Z,2.0,,True
2026-09-22,H,519317.0,Giancarlo Stanton,New York Yankees,823494,Tampa Bay Rays,3.49,listed,Dpf,OF,False,2026-09-22T15:00:30Z,,,False
2026-09-22,H,641555.0,J.C. Escarra,New York Yankees,823494,Tampa Bay Rays,2.55,listed,FA,C,False,2026-09-22T15:00:30Z,,,False
2026-09-22,H,645305.0,Ali Sánchez,New York Yankees,823494,Tampa Bay Rays,1.33,listed,FA,C,True,2026-09-22T15:00:30Z,0.0,,True
2026-09-22,H,680474.0,Max Schuemann,New York Yankees,823494,Tampa Bay Rays,1.59,listed,FA,2B/3B/SS/OF,True,2026-09-22T15:00:30Z,,,False
2026-09-22,H,622761.0,Jorge Mateo,Tampa Bay Rays,823494,New York Yankees,2.09,listed,FA,2B/SS,True,2026-09-22T15:00:30Z,0.0,,True
2026-09-22,H,650490.0,Yandy Díaz,Tampa Bay Rays,823494,New York Yankees,3.57,listed,LTTA,1B,True,2026-09-22T15:00:30Z,0.0,,True
2026-09-22,H,656775.0,Cedric Mullins,Tampa Bay Rays,823494,New York Yankees,2.62,listed,FA,OF,True,2026-09-22T15:00:30Z,0.0,,True
2026-09-22,H,663743.0,Nick Fortes,Tampa Bay Rays,823494,New York Yankees,2.19,listed,FA,C,True,2026-09-22T15:00:30Z,2.0,,True
2026-09-22,H,666018.0,Jonathan Aranda,Tampa Bay Rays,823494,New York Yankees,3.69,listed,BAMBI,1B,True,2026-09-22T15:00:30Z,2.0,,True
2026-09-22,H,668723.0,Ryan Vilade,Tampa Bay Rays,823494,New York Yankees,2.35,listed,FA,1B/2B/OF,True,2026-09-22T15:00:30Z,2.0,,True
2026-09-22,H,670764.0,Taylor Walls,Tampa Bay Rays,823494,New York Yankees,2.59,listed,FA,SS,True,2026-09-22T15:00:30Z,10.0,,True
2026-09-22,H,676356.0,Jonny DeLuca,Tampa Bay Rays,823494,New York Yankees,2.69,listed,FA,OF,True,2026-09-22T15:00:30Z,0.0,,True
2026-09-22,H,680700.0,Richie Palacios,Tampa Bay Rays,823494,New York Yankees,2.65,listed,FA,2B/OF,True,2026-09-22T15:00:30Z,0.0,,True
2026-09-22,H,683748.0,Victor Mesa Jr.,Tampa Bay Rays,823494,New York Yankees,3.46,listed,FA,OF,True,2026-09-22T15:00:30Z,2.0,,True
2026-09-22,H,689414.0,Liam Hicks,Tampa Bay Rays,823494,New York Yankees,2.72,listed,MMM,C/1B,True,2026-09-22T15:00:30Z,0.0,,True
2026-09-22,H,691406.0,Junior Caminero,Tampa Bay Rays,823494,New York Yankees,3.85,listed,BAMBI,3B,True,2026-09-22T15:00:30Z,0.0,,True
2026-09-22,H,802415.0,Chandler Simpson,Tampa Bay Rays,823494,New York Yankees,3.65,listed,BAMBI,OF,True,2026-09-22T15:00:30Z,2.0,,True
2026-09-22,H,810938.0,Ben Williamson,Tampa Bay Rays,823494,New York Yankees,2.49,listed,FA,2B/3B/SS,True,2026-09-22T15:00:30Z,3.0,,True
2026-09-22,H,641584.0,Jake Fraley,Tampa Bay Rays,823494,New York Yankees,2.55,listed,FA,OF,False,2026-09-22T15:00:30Z,,,False
2026-09-22,H,573262.0,Mike Yastrzemski,Atlanta Braves,824867,Cincinnati Reds,2.86,listed,FA,OF,True,2026-09-22T15:00:30Z,1.0,,True
2026-09-22,H,621566.0,Matt Olson,Atlanta Braves,824867,Cincinnati Reds,4.15,listed,MMM,1B,True,2026-09-22T15:00:30Z,2.0,,True
2026-09-22,H,642086.0,Dominic Smith,Atlanta Braves,824867,Cincinnati Reds,2.17,listed,FA,1B,True,2026-09-22T15:00:30Z,,,False
2026-09-22,H,643289.0,Mauricio Dubón,Atlanta Braves,824867,Cincinnati Reds,4.02,listed,LTTA,2B/3B/SS/OF,True,2026-09-22T15:00:30Z,2.0,,True
2026-09-22,H,645277.0,Ozzie Albies,Atlanta Braves,824867,Cincinnati Reds,3.95,listed,Dpf,2B,True,2026-09-22T15:00:30Z,0.0,,True
2026-09-22,H,657041.0,Lane Thomas,Atlanta Braves,824867,Cincinnati Reds,3.08,listed,FA,OF,False,2026-09-22T15:00:30Z,,,False
2026-09-22,H,660670.0,Ronald Acuña Jr.,Atlanta Braves,824867,Cincinnati Reds,5.06,listed,GK,OF,True,2026-09-22T15:00:30Z,0.0,,True
2026-09-22,H,663586.0,Austin Riley,Atlanta Braves,824867,Cincinnati Reds,3.71,listed,CH,3B,True,2026-09-22T15:00:30Z,2.0,,True
2026-09-22,H,669221.0,Sean Murphy,Atlanta Braves,824867,Cincinnati Reds,3.95,listed,FA,C,True,2026-09-22T15:00:30Z,0.0,,True
2026-09-22,H,671739.0,Michael Harris II,Atlanta Braves,824867,Cincinnati Reds,4.25,listed,CS,OF,True,2026-09-22T15:00:30Z,8.0,,True
2026-09-22,H,673490.0,Ha-Seong Kim,Atlanta Braves,824867,Cincinnati Reds,2.34,listed,FA,SS,True,2026-09-22T15:00:30Z,0.0,,True
2026-09-22,H,686948.0,Drake Baldwin,Atlanta Braves,824867,Cincinnati Reds,4.55,listed,BAMBI,C,True,2026-09-22T15:00:30Z,5.0,,True
2026-09-22,H,805347.0,Jim Jarvis,Atlanta Braves,824867,Cincinnati Reds,3.23,listed,FA,SS,False,2026-09-22T15:00:30Z,,,False
2026-09-22,H,553993.0,Eugenio Suárez,Cincinnati Reds,824867,Atlanta Braves,4.18,listed,FA,3B,True,2026-09-22T15:00:30Z,7.0,,True
2026-09-22,H,624431.0,Jose Trevino,Cincinnati Reds,824867,Atlanta Braves,3.18,listed,FA,C,True,2026-09-22T15:00:30Z,,,False
2026-09-22,H,663647.0,Ke'Bryan Hayes,Cincinnati Reds,824867,Atlanta Braves,2.22,listed,FA,3B,True,2026-09-22T15:00:30Z,0.0,,True
2026-09-22,H,663886.0,Tyler Stephenson,Cincinnati Reds,824867,Atlanta Braves,3.95,listed,FA,C,True,2026-09-22T15:00:30Z,3.0,,True
2026-09-22,H,666181.0,Will Benson,Cincinnati Reds,824867,Atlanta Braves,2.28,listed,FA,OF,False,2026-09-22T15:00:30Z,,,False
2026-09-22,H,667472.0,Dane Myers,Cincinnati Reds,824867,Atlanta Braves,3.44,listed,FA,OF,True,2026-09-22T15:00:30Z,7.0,,True
2026-09-22,H,668709.0,JJ Bleday,Cincinnati Reds,824867,Atlanta Braves,4.04,listed,THALER,OF,True,2026-09-22T15:00:30Z,4.0,,True
2026-09-22,H,668715.0,Spencer Steer,Cincinnati Reds,824867,Atlanta Braves,3.77,listed,CJF,1B/2B/OF,True,2026-09-22T15:00:30Z,,,False
2026-09-22,H,670770.0,TJ Friedl,Cincinnati Reds,824867,Atlanta Braves,1.96,listed,FA,OF,False,2026-09-22T15:00:30Z,,,False
2026-09-22,H,680574.0,Matt McLain,Cincinnati Reds,824867,Atlanta Braves,3.18,listed,FA,2B/SS,True,2026-09-22T15:00:30Z,3.0,,True
2026-09-22,H,682622.0,Noelvi Marte,Cincinnati Reds,824867,Atlanta Braves,3.23,listed,FA,3B/OF,False,2026-09-22T15:00:30Z,,,False
2026-09-22,H,682829.0,Elly De La Cruz,Cincinnati Reds,824867,Atlanta Braves,5.07,listed,MMM,SS,True,2026-09-22T15:00:30Z,15.0,,True
2026-09-22,H,694362.0,Blake Dunn,Cincinnati Reds,824867,Atlanta Braves,4.25,listed,FA,OF,False,2026-09-22T15:00:30Z,,,False
2026-09-22,H,695490.0,Edwin Arroyo,Cincinnati Reds,824867,Atlanta Braves,2.96,listed,FA,2B/SS,False,2026-09-22T15:00:30Z,,,False
2026-09-22,H,699302.0,Héctor Rodríguez,Cincinnati Reds,824867,Atlanta Braves,4.11,listed,FA,OF,True,2026-09-22T15:00:30Z,0.0,,True
2026-09-22,H,701398.0,Sal Stewart,Cincinnati Reds,824867,Atlanta Braves,4.58,listed,BB,1B/3B,True,2026-09-22T15:00:30Z,3.0,,True
2026-09-22,H,682877.0,Juan Brito,Cincinnati Reds,824867,Atlanta Braves,3.21,listed,FA,2B/SS,True,2026-09-22T15:00:30Z,,,False
2026-09-22,H,516782.0,Starling Marte,Kansas City Royals,824061,Chicago White Sox,2.84,listed,FA,OF,False,2026-09-22T15:00:30Z,,,False
2026-09-22,H,521692.0,Salvador Perez,Kansas City Royals,824061,Chicago White Sox,4.19,listed,Dan,C/1B,True,2026-09-22T15:00:30Z,3.0,,True
2026-09-22,H,664728.0,Kyle Isbel,Kansas City Royals,824061,Chicago White Sox,2.54,listed,FA,OF,True,2026-09-22T15:00:30Z,0.0,,True
2026-09-22,H,668942.0,Josh Rojas,Kansas City Royals,824061,Chicago White Sox,2.61,listed,FA,2B/3B,True,2026-09-22T15:00:30Z,1.0,,True
2026-09-22,H,670231.0,John Rave,Kansas City Royals,824061,Chicago White Sox,3.46,listed,FA,OF,True,2026-09-22T15:00:30Z,,,False
2026-09-22,H,672580.0,Maikel Garcia,Kansas City Royals,824061,Chicago White Sox,3.89,listed,CS,3B,True,2026-09-22T15:00:30Z,7.0,,True
2026-09-22,H,677951.0,Bobby Witt Jr.,Kansas City Royals,824061,Chicago White Sox,4.69,listed,BB,SS,True,2026-09-22T15:00:30Z,7.0,,True
2026-09-22,H,679845.0,Nick Loftin,Kansas City Royals,824061,Chicago White Sox,3.65,listed,FA,2B/3B/OF,True,2026-09-22T15:00:30Z,8.0,,True
2026-09-22,H,686469.0,Vinnie Pasquantino,Kansas City Royals,824061,Chicago White Sox,3.93,listed,FA,1B,True,2026-09-22T15:00:30Z,18.0,,True
2026-09-22,H,686475.0,Tyler Tolbert,Kansas City Royals,824061,Chicago White Sox,1.56,listed,FA,2B/SS/OF,True,2026-09-22T15:00:30Z,3.0,,True
2026-09-22,H,686555.0,Isaac Collins,Kansas City Royals,824061,Chicago White Sox,2.97,listed,FA,OF,True,2026-09-22T15:00:30Z,,,False
2026-09-22,H,686681.0,Michael Massey,Kansas City Royals,824061,Chicago White Sox,3.74,listed,FA,2B,True,2026-09-22T15:00:30Z,4.0,,True
2026-09-22,H,695506.0,Jac Caglianone,Kansas City Royals,824061,Chicago White Sox,3.75,listed,CH,1B/OF,True,2026-09-22T15:00:30Z,7.0,,True
2026-09-22,H,695600.0,Carter Jensen,Kansas City Royals,824061,Chicago White Sox,4.38,listed,BB,C,True,2026-09-22T15:00:30Z,4.0,,True
2026-09-22,H,545341.0,Randal Grichuk,Chicago White Sox,824061,Kansas City Royals,2.62,listed,FA,OF,True,2026-09-22T15:00:30Z,20.0,,True
2026-09-22,H,643217.0,Andrew Benintendi,Chicago White Sox,824061,Kansas City Royals,2.69,listed,FA,OF,True,2026-09-22T15:00:30Z,4.0,,True
2026-09-22,H,663698.0,Joey Bart,Chicago White Sox,824061,Kansas City Royals,2.62,listed,FA,C,False,2026-09-22T15:00:30Z,,,False
2026-09-22,H,668670.0,Jake Rogers,Chicago White Sox,824061,Kansas City Royals,2.62,listed,FA,C,True,2026-09-22T15:00:30Z,,,False
2026-09-22,H,671976.0,Tristan Peters,Chicago White Sox,824061,Kansas City Royals,3.17,listed,Dpf,OF,True,2026-09-22T15:00:30Z,0.0,,True
2026-09-22,H,678246.0,Miguel Vargas,Chicago White Sox,824061,Kansas City Royals,4.64,listed,GLIZZY,1B/3B,True,2026-09-22T15:00:30Z,5.0,,True
2026-09-22,H,682668.0,Luisangel Acuña,Chicago White Sox,824061,Kansas City Royals,1.54,listed,FA,2B/SS/OF,True,2026-09-22T15:00:30Z,0.0,,True
2026-09-22,H,686668.0,Brenton Doyle,Chicago White Sox,824061,Kansas City Royals,2.24,listed,FA,OF,True,2026-09-22T15:00:30Z,10.0,,True
2026-09-22,H,691011.0,Drew Romo,Chicago White Sox,824061,Kansas City Royals,3.23,listed,FA,C,False,2026-09-22T15:00:30Z,,,False
2026-09-22,H,691019.0,Kyle Teel,Chicago White Sox,824061,Kansas City Royals,3.32,listed,FA,C,True,2026-09-22T15:00:30Z,1.0,,True
2026-09-22,H,695657.0,Colson Montgomery,Chicago White Sox,824061,Kansas City Royals,3.89,listed,THALER,3B/SS,True,2026-09-22T15:00:30Z,0.0,,True
2026-09-22,H,695731.0,Braden Montgomery,Chicago White Sox,824061,Kansas City Royals,2.96,listed,CJF,OF,True,2026-09-22T15:00:30Z,3.0,,True
2026-09-22,H,700337.0,Edgar Quero,Chicago White Sox,824061,Kansas City Royals,2.45,listed,FA,C,False,2026-09-22T15:00:30Z,,,False
2026-09-22,H,803011.0,Sam Antonacci,Chicago White Sox,824061,Kansas City Royals,3.51,listed,BAMBI,2B/3B/SS/OF,True,2026-09-22T15:00:30Z,,,False
2026-09-22,H,805367.0,Chase Meidroth,Chicago White Sox,824061,Kansas City Royals,4.17,listed,LTTA,2B/SS,True,2026-09-22T15:00:30Z,17.0,,True
2026-09-22,H,808959.0,Munetaka Murakami,Chicago White Sox,824061,Kansas City Royals,3.67,listed,CJF,1B/3B,True,2026-09-22T15:00:30Z,11.0,,True
2026-09-22,H,608324.0,Alex Bregman,Chicago Cubs,824624,Miami Marlins,3.89,listed,CH,3B,True,2026-09-22T15:00:30Z,,,False
2026-09-22,H,608348.0,Carson Kelly,Chicago Cubs,824624,Miami Marlins,3.02,listed,FA,C,True,2026-09-22T15:00:30Z,2.0,,True
2026-09-22,H,621020.0,Dansby Swanson,Chicago Cubs,824624,Miami Marlins,3.5,listed,Dan,SS,True,2026-09-22T15:00:30Z,0.0,,True
2026-09-22,H,621438.0,Tyrone Taylor,Chicago Cubs,824624,Miami Marlins,2.41,listed,FA,OF,True,2026-09-22T15:00:30Z,,,False
2026-09-22,H,624424.0,Michael Conforto,Chicago Cubs,824624,Miami Marlins,2.69,listed,FA,OF,True,2026-09-22T15:00:30Z,0.0,,True
2026-09-22,H,663538.0,Nico Hoerner,Chicago Cubs,824624,Miami Marlins,3.52,listed,Dan,2B/SS,True,2026-09-22T15:00:30Z,2.0,,True
2026-09-22,H,664023.0,Ian Happ,Chicago Cubs,824624,Miami Marlins,3.49,listed,CJF,OF,True,2026-09-22T15:00:30Z,3.0,,True
2026-09-22,H,665804.0,Miguel Amaya,Chicago Cubs,824624,Miami Marlins,2.65,listed,FA,C,True,2026-09-22T15:00:30Z,,,False
2026-09-22,H,672356.0,Gabriel Arias,Chicago Cubs,824624,Miami Marlins,2.22,listed,FA,2B/3B/SS,True,2026-09-22T15:00:30Z,,,False
2026-09-22,H,673548.0,Seiya Suzuki,Chicago Cubs,824624,Miami Marlins,3.93,listed,BAMBI,OF,True,2026-09-22T15:00:30Z,6.0,,True
2026-09-22,H,683737.0,Michael Busch,Chicago Cubs,824624,Miami Marlins,3.76,listed,THALER,1B,True,2026-09-22T15:00:30Z,4.0,,True
2026-09-22,H,691718.0,Pete Crow-Armstrong,Chicago Cubs,824624,Miami Marlins,4.93,listed,GLIZZY,OF,True,2026-09-22T15:00:30Z,11.0,,True
2026-09-22,H,699393.0,Pedro Ramírez,Chicago Cubs,824624,Miami Marlins,3.22,listed,FA,2B/3B/SS,True,2026-09-22T15:00:30Z,0.0,,True
2026-09-22,H,807713.0,Matt Shaw,Chicago Cubs,824624,Miami Marlins,2.08,listed,FA,2B/3B/OF,True,2026-09-22T15:00:30Z,0.0,,True
2026-09-22,H,665052.0,Griffin Conine,Miami Marlins,824624,Chicago Cubs,2.87,listed,FA,1B/OF,True,2026-09-22T15:00:30Z,4.0,,True
2026-09-22,H,665923.0,Esteury Ruiz,Miami Marlins,824624,Chicago Cubs,2.18,listed,FA,OF,True,2026-09-22T15:00:30Z,1.0,,True
2026-09-22,H,669065.0,Kyle Stowers,Miami Marlins,824624,Chicago Cubs,3.29,listed,GLIZZY,1B/OF,True,2026-09-22T15:00:30Z,15.0,,True
2026-09-22,H,669364.0,Xavier Edwards,Miami Marlins,824624,Chicago Cubs,3.25,listed,LTTA,2B/SS,True,2026-09-22T15:00:30Z,,,False
2026-09-22,H,672640.0,Otto Lopez,Miami Marlins,824624,Chicago Cubs,4.03,listed,Dan,2B/SS,True,2026-09-22T15:00:30Z,7.0,,True
2026-09-22,H,677870.0,Leo Jiménez,Miami Marlins,824624,Chicago Cubs,2.39,listed,FA,1B/2B/3B/SS,False,2026-09-22T15:00:30Z,,,False
2026-09-22,H,681715.0,Heriberto Hernández,Miami Marlins,824624,Chicago Cubs,3.91,listed,FA,OF,True,2026-09-22T15:00:30Z,4.0,,True
2026-09-22,H,682663.0,Agustín Ramírez,Miami Marlins,824624,Chicago Cubs,2.64,listed,FA,C,True,2026-09-22T15:00:30Z,3.0,,True
2026-09-22,H,683357.0,Owen Caissie,Miami Marlins,824624,Chicago Cubs,2.31,listed,FA,OF,False,2026-09-22T15:00:30Z,,,False
2026-09-22,H,688363.0,Graham Pauley,Miami Marlins,824624,Chicago Cubs,2.08,listed,FA,1B/3B,True,2026-09-22T15:00:30Z,0.0,,True
2026-09-22,H,691594.0,Javier Sanoja,Miami Marlins,824624,Chicago Cubs,3.56,listed,CS,2B/3B/SS/OF,True,2026-09-22T15:00:30Z,6.0,,True
2026-09-22,H,691788.0,Joe Mack,Miami Marlins,824624,Chicago Cubs,2.27,listed,FA,C,True,2026-09-22T15:00:30Z,6.0,,True
2026-09-22,H,805300.0,Jakob Marsee,Miami Marlins,824624,Chicago Cubs,3.65,listed,FA,OF,True,2026-09-22T15:00:30Z,4.0,,True
2026-09-22,H,543309.0,Kyle Higashioka,Texas Rangers,822840,New York Mets,2.88,listed,FA,C,False,2026-09-22T15:00:30Z,,,False
2026-09-22,H,553869.0,Elias Díaz,Texas Rangers,822840,New York Mets,2.77,listed,FA,C,True,2026-09-22T15:00:30Z,1.0,,True
2026-09-22,H,592626.0,Joc Pederson,Texas Rangers,822840,New York Mets,2.4,listed,FA,1B,True,2026-09-22T15:00:30Z,,,False
2026-09-22,H,607043.0,Brandon Nimmo,Texas Rangers,822840,New York Mets,4.02,listed,Dan,OF,True,2026-09-22T15:00:30Z,5.0,,True
2026-09-22,H,608369.0,Corey Seager,Texas Rangers,822840,New York Mets,4.15,listed,BB,SS,True,2026-09-22T15:00:30Z,0.0,,True
2026-09-22,H,643376.0,Danny Jansen,Texas Rangers,822840,New York Mets,3.02,listed,FA,C,True,2026-09-22T15:00:30Z,3.0,,True
2026-09-22,H,669394.0,Jake Burger,Texas Rangers,822840,New York Mets,4.03,listed,CJF,1B,True,2026-09-22T15:00:30Z,0.0,,True
2026-09-22,H,670032.0,Nicky Lopez,Texas Rangers,822840,New York Mets,1.9,listed,FA,2B/3B/SS,True,2026-09-22T15:00:30Z,1.0,,True
2026-09-22,H,673962.0,Josh Jung,Texas Rangers,822840,New York Mets,4.02,listed,MMM,3B,True,2026-09-22T15:00:30Z,4.0,,True
2026-09-22,H,677649.0,Ezequiel Duran,Texas Rangers,822840,New York Mets,3.86,listed,CJF,1B/2B/3B/SS/OF,True,2026-09-22T15:00:30Z,2.0,,True
2026-09-22,H,679822.0,Justin Foscue,Texas Rangers,822840,New York Mets,2.59,listed,FA,1B/2B,True,2026-09-22T15:00:30Z,1.0,,True
2026-09-22,H,694497.0,Evan Carter,Texas Rangers,822840,New York Mets,2.17,listed,FA,OF,True,2026-09-22T15:00:30Z,,,False
2026-09-22,H,694671.0,Wyatt Langford,Texas Rangers,822840,New York Mets,3.9,listed,BAMBI,OF,True,2026-09-22T15:00:30Z,1.0,,True
2026-09-22,H,696030.0,Alejandro Osuna,Texas Rangers,822840,New York Mets,2.11,listed,FA,OF,True,2026-09-22T15:00:30Z,0.0,,True
2026-09-22,H,457705.0,Andrew McCutchen,Texas Rangers,822840,New York Mets,1.95,listed,FA,OF,False,2026-09-22T15:00:30Z,,,False
2026-09-22,H,683227.0,Cody Freeman,Texas Rangers,822840,New York Mets,2.59,listed,FA,2B/3B,True,2026-09-22T15:00:30Z,,,False
2026-09-22,H,695508.0,Cam Cauley,Texas Rangers,822840,New York Mets,1.01,listed,FA,OF,False,2026-09-22T15:00:30Z,,,False
2026-09-22,H,543760.0,Marcus Semien,New York Mets,822840,Texas Rangers,3.33,listed,FA,2B,True,2026-09-22T15:00:30Z,1.0,,True
2026-09-22,H,593871.0,Jorge Polanco,New York Mets,822840,Texas Rangers,2.76,listed,FA,1B/2B,False,2026-09-22T15:00:30Z,,,False
2026-09-22,H,596019.0,Francisco Lindor,New York Mets,822840,Texas Rangers,3.62,listed,Dpf,SS,True,2026-09-22T15:00:30Z,3.0,,True
2026-09-22,H,620443.0,Luis Torrens,New York Mets,822840,Texas Rangers,2.48,listed,FA,C,True,2026-09-22T15:00:30Z,1.0,,True
2026-09-22,H,665742.0,Juan Soto,New York Mets,822840,Texas Rangers,3.64,listed,THALER,OF,True,2026-09-22T15:00:30Z,5.0,,True
2026-09-22,H,666182.0,Bo Bichette,New York Mets,822840,Texas Rangers,3.66,listed,GLIZZY,3B/SS,True,2026-09-22T15:00:30Z,3.0,,True
2026-09-22,H,666624.0,Christopher Morel,New York Mets,822840,Texas Rangers,1.89,listed,FA,1B/OF,True,2026-09-22T15:00:30Z,,,False
2026-09-22,H,668901.0,Mark Vientos,New York Mets,822840,Texas Rangers,2.81,listed,FA,1B/3B,True,2026-09-22T15:00:30Z,0.0,,True
2026-09-22,H,669004.0,MJ Melendez,New York Mets,822840,Texas Rangers,2.18,listed,FA,OF,False,2026-09-22T15:00:30Z,,,False
2026-09-22,H,676724.0,Jared Young,New York Mets,822840,Texas Rangers,2.81,listed,FA,1B/OF,False,2026-09-22T15:00:30Z,,,False
2026-09-22,H,682626.0,Francisco Alvarez,New York Mets,822840,Texas Rangers,2.75,listed,FA,C,True,2026-09-22T15:00:30Z,10.0,,True
2026-09-22,H,683146.0,Brett Baty,New York Mets,822840,Texas Rangers,2.46,listed,FA,1B/2B/3B/OF,True,2026-09-22T15:00:30Z,5.0,,True
2026-09-22,H,701807.0,Carson Benge,New York Mets,822840,Texas Rangers,3.8,listed,GK,OF,True,2026-09-22T15:00:30Z,10.0,,True
2026-09-22,H,805999.0,A.J. Ewing,New York Mets,822840,Texas Rangers,3.65,listed,CH,OF,True,2026-09-22T15:00:30Z,6.0,,True
2026-09-22,H,650489.0,Willi Castro,Colorado Rockies,824302,Arizona Diamondbacks,5.47,listed,THALER,1B/2B/3B/SS/OF,False,2026-09-22T15:00:30Z,,,False
2026-09-22,H,664954.0,Brett Sullivan,Colorado Rockies,824302,Arizona Diamondbacks,3.86,listed,FA,C,True,2026-09-22T15:00:30Z,,,False
2026-09-22,H,664983.0,Jake McCarthy,Colorado Rockies,824302,Arizona Diamondbacks,6.18,listed,MMM,OF,True,2026-09-22T15:00:30Z,0.0,,True
2026-09-22,H,666160.0,Mickey Moniak,Colorado Rockies,824302,Arizona Diamondbacks,4.58,listed,Dpf,OF,True,2026-09-22T15:00:30Z,7.0,,True
2026-09-22,H,666397.0,Edouard Julien,Colorado Rockies,824302,Arizona Diamondbacks,4.08,listed,FA,1B/2B,False,2026-09-22T15:00:30Z,,,False
2026-09-22,H,671289.0,Tyler Freeman,Colorado Rockies,824302,Arizona Diamondbacks,4.66,listed,FA,2B/OF,False,2026-09-22T15:00:30Z,,,False
2026-09-22,H,678662.0,Ezequiel Tovar,Colorado Rockies,824302,Arizona Diamondbacks,3.84,listed,FA,SS,True,2026-09-22T15:00:30Z,,,False
2026-09-22,H,681198.0,TJ Rumfield,Colorado Rockies,824302,Arizona Diamondbacks,5.87,listed,BB,1B,True,2026-09-22T15:00:30Z,0.0,,True
2026-09-22,H,681393.0,Connor Norby,Colorado Rockies,824302,Arizona Diamondbacks,5.05,listed,FA,1B/2B/3B,True,2026-09-22T15:00:30Z,2.0,,True
2026-09-22,H,687597.0,Jordan Beck,Colorado Rockies,824302,Arizona Diamondbacks,2.75,listed,FA,OF,True,2026-09-22T15:00:30Z,,,False
2026-09-22,H,687859.0,Troy Johnston,Colorado Rockies,824302,Arizona Diamondbacks,4.58,listed,FA,1B/OF,True,2026-09-22T15:00:30Z,5.0,,True
2026-09-22,H,691720.0,Kyle Karros,Colorado Rockies,824302,Arizona Diamondbacks,4.85,listed,FA,3B,True,2026-09-22T15:00:30Z,0.0,,True
2026-09-22,H,694249.0,Cole Carrigg,Colorado Rockies,824302,Arizona Diamondbacks,5.53,listed,BB,SS/OF,True,2026-09-22T15:00:30Z,3.0,,True
2026-09-22,H,696100.0,Hunter Goodman,Colorado Rockies,824302,Arizona Diamondbacks,5.34,listed,CJF,C,True,2026-09-22T15:00:30Z,0.0,,True
2026-09-22,H,690924.0,Braxton Fulford,Colorado Rockies,824302,Arizona Diamondbacks,2.51,listed,FA,C,True,2026-09-22T15:00:30Z,,,False
2026-09-22,H,691182.0,Adael Amador,Colorado Rockies,824302,Arizona Diamondbacks,4.86,listed,FA,2B,True,2026-09-22T15:00:30Z,,,False
2026-09-22,H,691728.0,Zac Veen,Colorado Rockies,824302,Arizona Diamondbacks,2.75,listed,FA,OF,True,2026-09-22T15:00:30Z,0.0,,True
2026-09-22,H,694514.0,Sterlin Thompson,Colorado Rockies,824302,Arizona Diamondbacks,3.74,listed,FA,OF,False,2026-09-22T15:00:30Z,,,False
2026-09-22,H,543510.0,James McCann,Arizona Diamondbacks,824302,Colorado Rockies,3.87,listed,FA,C,True,2026-09-22T15:00:30Z,,,False
2026-09-22,H,545121.0,Ildemaro Vargas,Arizona Diamondbacks,824302,Colorado Rockies,4.66,listed,FA,1B/2B,True,2026-09-22T15:00:30Z,7.0,,True
2026-09-22,H,571448.0,Nolan Arenado,Arizona Diamondbacks,824302,Colorado Rockies,5.28,listed,FA,3B,True,2026-09-22T15:00:30Z,13.0,,True
2026-09-22,H,596146.0,Max Kepler,Arizona Diamondbacks,824302,Colorado Rockies,4.48,listed,FA,OF,False,2026-09-22T15:00:30Z,,,False
2026-09-22,H,606466.0,Ketel Marte,Arizona Diamondbacks,824302,Colorado Rockies,6.24,listed,GK,2B,True,2026-09-22T15:00:30Z,2.0,,True
2026-09-22,H,656976.0,Pavin Smith,Arizona Diamondbacks,824302,Colorado Rockies,3.81,listed,FA,1B,True,2026-09-22T15:00:30Z,,,False
2026-09-22,H,660821.0,Jesús Sánchez,Arizona Diamondbacks,824302,Colorado Rockies,3.0,listed,FA,OF,True,2026-09-22T15:00:30Z,,,False
2026-09-22,H,663457.0,Lars Nootbaar,Arizona Diamondbacks,824302,Colorado Rockies,4.34,listed,FA,OF,True,2026-09-22T15:00:30Z,,,False
2026-09-22,H,666971.0,Lourdes Gurriel Jr.,Arizona Diamondbacks,824302,Colorado Rockies,4.51,listed,FA,OF,False,2026-09-22T15:00:30Z,,,False
2026-09-22,H,672515.0,Gabriel Moreno,Arizona Diamondbacks,824302,Colorado Rockies,5.56,listed,THALER,C,True,2026-09-22T15:00:30Z,6.0,,True
2026-09-22,H,672695.0,Geraldo Perdomo,Arizona Diamondbacks,824302,Colorado Rockies,5.28,listed,CS,SS,True,2026-09-22T15:00:30Z,11.0,,True
2026-09-22,H,680728.0,Adrian Del Castillo,Arizona Diamondbacks,824302,Colorado Rockies,3.13,listed,FA,C,False,2026-09-22T15:00:30Z,,,False
2026-09-22,H,682998.0,Corbin Carroll,Arizona Diamondbacks,824302,Colorado Rockies,6.05,listed,Dan,OF,True,2026-09-22T15:00:30Z,4.0,,True
2026-09-22,H,691783.0,Jordan Lawlar,Arizona Diamondbacks,824302,Colorado Rockies,3.94,listed,BAMBI,3B/SS/OF,True,2026-09-22T15:00:30Z,4.0,,True
2026-09-22,H,694371.0,Tommy Troy,Arizona Diamondbacks,824302,Colorado Rockies,3.37,listed,FA,2B/OF,False,2026-09-22T15:00:30Z,,,False
2026-09-22,H,694374.0,Tim Tawa,Arizona Diamondbacks,824302,Colorado Rockies,4.27,listed,FA,1B/2B/3B/OF,True,2026-09-22T15:00:30Z,6.0,,True
2026-09-22,H,699912.0,Jose Fernandez,Arizona Diamondbacks,824302,Colorado Rockies,3.1,listed,FA,1B/3B/SS,True,2026-09-22T15:00:30Z,0.0,,True
2026-09-22,H,814439.0,Ryan Waldschmidt,Arizona Diamondbacks,824302,Colorado Rockies,4.02,listed,FA,OF,True,2026-09-22T15:00:30Z,,,False
2026-09-22,H,608701.0,Rob Refsnyder,Seattle Mariners,823089,Houston Astros,1.83,listed,FA,OF,False,2026-09-22T15:00:30Z,,,False
2026-09-22,H,621493.0,Taylor Ward,Seattle Mariners,823089,Houston Astros,2.48,listed,FA,OF,True,2026-09-22T15:00:30Z,0.0,,True
2026-09-22,H,641487.0,J.P. Crawford,Seattle Mariners,823089,Houston Astros,3.56,listed,FA,3B/SS,True,2026-09-22T15:00:30Z,1.0,,True
2026-09-22,H,641598.0,Mitch Garver,Seattle Mariners,823089,Houston Astros,2.33,listed,FA,C,False,2026-09-22T15:00:30Z,,,False
2026-09-22,H,642215.0,Weston Wilson,Seattle Mariners,823089,Houston Astros,2.18,listed,FA,3B/OF,True,2026-09-22T15:00:30Z,0.0,,True
2026-09-22,H,645302.0,Victor Robles,Seattle Mariners,823089,Houston Astros,1.44,listed,FA,OF,True,2026-09-22T15:00:30Z,,,False
2026-09-22,H,647304.0,Josh Naylor,Seattle Mariners,823089,Houston Astros,3.55,listed,GLIZZY,1B,True,2026-09-22T15:00:30Z,0.0,,True
2026-09-22,H,660844.0,Leo Rivas,Seattle Mariners,823089,Houston Astros,2.55,listed,FA,2B/3B/SS,False,2026-09-22T15:00:30Z,,,False
2026-09-22,H,663728.0,Cal Raleigh,Seattle Mariners,823089,Houston Astros,4.06,listed,CH,C,True,2026-09-22T15:00:30Z,1.0,,True
2026-09-22,H,668227.0,Randy Arozarena,Seattle Mariners,823089,Houston Astros,3.88,listed,GLIZZY,OF,True,2026-09-22T15:00:30Z,6.0,,True
2026-09-22,H,670042.0,Luke Raley,Seattle Mariners,823089,Houston Astros,2.68,listed,FA,1B/OF,False,2026-09-22T15:00:30Z,,,False
2026-09-22,H,677594.0,Julio Rodríguez,Seattle Mariners,823089,Houston Astros,3.52,listed,BB,OF,True,2026-09-22T15:00:30Z,4.0,,True
2026-09-22,H,680977.0,Brendan Donovan,Seattle Mariners,823089,Houston Astros,3.66,listed,FA,2B/3B,False,2026-09-22T15:00:30Z,,,False
2026-09-22,H,686527.0,Dominic Canzone,Seattle Mariners,823089,Houston Astros,3.71,listed,GK,OF,True,2026-09-22T15:00:30Z,2.0,,True
2026-09-22,H,702284.0,Cole Young,Seattle Mariners,823089,Houston Astros,3.27,listed,FA,2B,True,2026-09-22T15:00:30Z,6.0,,True
2026-09-22,H,806068.0,Colt Emerson,Seattle Mariners,823089,Houston Astros,2.83,listed,FA,3B/SS,False,2026-09-22T15:00:30Z,,,False
2026-09-22,H,640902.0,Jhonny Pereda,Seattle Mariners,823089,Houston Astros,2.51,listed,FA,C,True,2026-09-22T15:00:30Z,,,False
2026-09-22,H,801126.0,Brock Rodden,Seattle Mariners,823089,Houston Astros,1.75,listed,FA,SS,True,2026-09-22T15:00:30Z,0.0,,True
2026-09-22,H,514888.0,Jose Altuve,Houston Astros,823089,Seattle Mariners,2.98,listed,BAMBI,2B/OF,True,2026-09-22T15:00:30Z,5.0,,True
2026-09-22,H,543877.0,Christian Vázquez,Houston Astros,823089,Seattle Mariners,1.93,listed,FA,C,True,2026-09-22T15:00:30Z,,,False
2026-09-22,H,572233.0,Christian Walker,Houston Astros,823089,Seattle Mariners,2.58,listed,FA,1B,True,2026-09-22T15:00:30Z,9.0,,True
2026-09-22,H,621043.0,Carlos Correa,Houston Astros,823089,Seattle Mariners,3.21,listed,Dan,3B/SS,False,2026-09-22T15:00:30Z,,,False
2026-09-22,H,662139.0,Daulton Varsho,Houston Astros,823089,Seattle Mariners,2.95,listed,FA,OF,True,2026-09-22T15:00:30Z,,,False
2026-09-22,H,664774.0,LaMonte Wade Jr.,Houston Astros,823089,Seattle Mariners,1.8,listed,FA,1B/OF,True,2026-09-22T15:00:30Z,,,False
2026-09-22,H,665161.0,Jeremy Peña,Houston Astros,823089,Seattle Mariners,3.38,listed,CS,SS,True,2026-09-22T15:00:30Z,8.0,,True
2026-09-22,H,666211.0,Taylor Trammell,Houston Astros,823089,Seattle Mariners,2.29,listed,FA,OF,True,2026-09-22T15:00:30Z,2.0,,True
2026-09-22,H,669397.0,Nick Allen,Houston Astros,823089,Seattle Mariners,1.05,listed,FA,2B/3B/SS,True,2026-09-22T15:00:30Z,0.0,,True
2026-09-22,H,670541.0,Yordan Alvarez,Houston Astros,823089,Seattle Mariners,3.96,listed,MMM,OF,True,2026-09-22T15:00:30Z,12.0,,True
2026-09-22,H,670623.0,Isaac Paredes,Houston Astros,823089,Seattle Mariners,3.24,listed,Dan,1B/3B,True,2026-09-22T15:00:30Z,10.0,,True
2026-09-22,H,673237.0,Yainer Diaz,Houston Astros,823089,Seattle Mariners,2.84,listed,FA,C,True,2026-09-22T15:00:30Z,5.0,,True
2026-09-22,H,676369.0,Nelson Velázquez,Houston Astros,823089,Seattle Mariners,1.56,listed,FA,OF,True,2026-09-22T15:00:30Z,0.0,,True
2026-09-22,H,676694.0,Jake Meyers,Houston Astros,823089,Seattle Mariners,1.57,listed,FA,OF,False,2026-09-22T15:00:30Z,,,False
2026-09-22,H,678489.0,Jorge Barrosa,Houston Astros,823089,Seattle Mariners,0.93,listed,FA,OF,False,2026-09-22T15:00:30Z,,,False
2026-09-22,H,694388.0,Joey Loperfido,Houston Astros,823089,Seattle Mariners,2.34,listed,FA,OF,False,2026-09-22T15:00:30Z,,,False
2026-09-22,H,694728.0,Brice Matthews,Houston Astros,823089,Seattle Mariners,2.1,listed,FA,2B/SS/OF,True,2026-09-22T15:00:30Z,3.0,,True
2026-09-22,H,701358.0,Cam Smith,Houston Astros,823089,Seattle Mariners,2.48,listed,FA,OF,True,2026-09-22T15:00:30Z,3.0,,True
2026-09-22,H,701305.0,Zach Dezenzo,Houston Astros,823089,Seattle Mariners,1.71,listed,FA,OF,False,2026-09-22T15:00:30Z,,,False
2026-09-22,H,622268.0,Donovan Walton,Athletics,824953,Los Angeles Angels,3.16,listed,FA,2B/3B/SS,True,2026-09-22T15:00:30Z,0.0,,True
2026-09-22,H,641680.0,Jonah Heim,Athletics,824953,Los Angeles Angels,4.21,listed,GK,C,True,2026-09-22T15:00:30Z,0.0,,True
2026-09-22,H,643446.0,Jeff McNeil,Athletics,824953,Los Angeles Angels,4.04,listed,FA,1B/2B/OF,True,2026-09-22T15:00:30Z,3.0,,True
2026-09-22,H,666126.0,Carlos Cortes,Athletics,824953,Los Angeles Angels,3.16,listed,FA,OF,True,2026-09-22T15:00:30Z,14.0,,True
2026-09-22,H,667670.0,Brent Rooker,Athletics,824953,Los Angeles Angels,4.2,listed,GLIZZY,OF,False,2026-09-22T15:00:30Z,,,False
2026-09-22,H,669127.0,Shea Langeliers,Athletics,824953,Los Angeles Angels,4.72,listed,CS,C,True,2026-09-22T15:00:30Z,9.0,,True
2026-09-22,H,671732.0,Lawrence Butler,Athletics,824953,Los Angeles Angels,4.34,listed,FA,OF,True,2026-09-22T15:00:30Z,12.0,,True
2026-09-22,H,675961.0,Alika Williams,Athletics,824953,Los Angeles Angels,3.21,listed,FA,2B/3B/SS,True,2026-09-22T15:00:30Z,6.0,,True
2026-09-22,H,680869.0,Zack Gelof,Athletics,824953,Los Angeles Angels,4.48,listed,LTTA,2B/3B/OF,True,2026-09-22T15:00:30Z,10.0,,True
2026-09-22,H,687231.0,Darell Hernaiz,Athletics,824953,Los Angeles Angels,2.61,listed,FA,2B/3B/SS,False,2026-09-22T15:00:30Z,,,False
2026-09-22,H,687515.0,Colby Thomas,Athletics,824953,Los Angeles Angels,2.35,listed,FA,OF,False,2026-09-22T15:00:30Z,,,False
2026-09-22,H,691016.0,Tyler Soderstrom,Athletics,824953,Los Angeles Angels,4.21,listed,Dpf,1B/OF,False,2026-09-22T15:00:30Z,,,False
2026-09-22,H,691777.0,Max Muncy,Athletics,824953,Los Angeles Angels,3.49,listed,Dpf,3B,True,2026-09-22T15:00:30Z,,,False
2026-09-22,H,695720.0,Tommy White,Athletics,824953,Los Angeles Angels,3.31,listed,FA,1B/3B,True,2026-09-22T15:00:30Z,4.0,,True
2026-09-22,H,701762.0,Nick Kurtz,Athletics,824953,Los Angeles Angels,4.51,listed,BB,1B,False,2026-09-22T15:00:30Z,,,False
2026-09-22,H,703607.0,Henry Bolte,Athletics,824953,Los Angeles Angels,5.07,listed,CS,OF,True,2026-09-22T15:00:30Z,5.0,,True
2026-09-22,H,805779.0,Jacob Wilson,Athletics,824953,Los Angeles Angels,4.22,listed,FA,SS,False,2026-09-22T15:00:30Z,,,False
2026-09-22,H,661531.0,Brian Serven,Athletics,824953,Los Angeles Angels,3.14,listed,FA,C,True,2026-09-22T15:00:30Z,,,False
2026-09-22,H,672016.0,Denzel Clarke,Athletics,824953,Los Angeles Angels,2.09,listed,FA,OF,True,2026-09-22T15:00:30Z,0.0,,True
2026-09-22,H,811965.0,Joshua Kuroda-Grauer,Athletics,824953,Los Angeles Angels,4.14,listed,Dpf,3B/SS,False,2026-09-22T15:00:30Z,0.0,,True
2026-09-22,H,545361.0,Mike Trout,Los Angeles Angels,824953,Athletics,4.56,listed,THALER,OF,True,2026-09-22T15:00:30Z,10.0,,True
2026-09-22,H,623168.0,Tyler Heineman,Los Angeles Angels,824953,Athletics,2.14,listed,FA,C,True,2026-09-22T15:00:30Z,,,False
2026-09-22,H,624428.0,Adam Frazier,Los Angeles Angels,824953,Athletics,2.07,listed,FA,2B/OF,True,2026-09-22T15:00:30Z,,,False
2026-09-22,H,624585.0,Jorge Soler,Los Angeles Angels,824953,Athletics,3.99,listed,Dan,OF,True,2026-09-22T15:00:30Z,,,False
2026-09-22,H,642350.0,Jose Siri,Los Angeles Angels,824953,Athletics,2.61,listed,FA,OF,True,2026-09-22T15:00:30Z,5.0,,True
2026-09-22,H,660162.0,Yoán Moncada,Los Angeles Angels,824953,Athletics,2.94,listed,FA,3B,False,2026-09-22T15:00:30Z,,,False
2026-09-22,H,666139.0,Josh Lowe,Los Angeles Angels,824953,Athletics,2.75,listed,FA,OF,True,2026-09-22T15:00:30Z,0.0,,True
2026-09-22,H,672724.0,Oswald Peraza,Los Angeles Angels,824953,Athletics,2.97,listed,FA,2B/3B/SS,True,2026-09-22T15:00:30Z,0.0,,True
2026-09-22,H,685133.0,Wade Meckler,Los Angeles Angels,824953,Athletics,3.47,listed,FA,OF,True,2026-09-22T15:00:30Z,5.0,,True
2026-09-22,H,687093.0,Vaughn Grissom,Los Angeles Angels,824953,Athletics,4.05,listed,FA,1B/2B/3B,True,2026-09-22T15:00:30Z,10.0,,True
2026-09-22,H,687263.0,Zach Neto,Los Angeles Angels,824953,Athletics,4.94,listed,LTTA,SS,True,2026-09-22T15:00:30Z,11.0,,True
2026-09-22,H,694203.0,Denzer Guzman,Los Angeles Angels,824953,Athletics,3.28,listed,FA,3B/SS,True,2026-09-22T15:00:30Z,11.0,,True
2026-09-22,H,694208.0,Moisés Ballesteros,Los Angeles Angels,824953,Athletics,3.54,listed,FA,C/1B,True,2026-09-22T15:00:30Z,3.0,,True
2026-09-22,H,694384.0,Nolan Schanuel,Los Angeles Angels,824953,Athletics,3.85,listed,FA,1B,False,2026-09-22T15:00:30Z,,,False
2026-09-22,H,695681.0,Christian Moore,Los Angeles Angels,824953,Athletics,3.9,listed,FA,2B,True,2026-09-22T15:00:30Z,5.0,,True
2026-09-22,H,518595.0,Travis d'Arnaud,Los Angeles Angels,824953,Athletics,2.47,listed,FA,C,True,2026-09-22T15:00:30Z,,,False
2026-09-22,H,642715.0,Willy Adames,San Francisco Giants,823166,Minnesota Twins,3.68,listed,FA,SS,False,2026-09-22T15:00:30Z,,,False
2026-09-22,H,646240.0,Rafael Devers,San Francisco Giants,823166,Minnesota Twins,5.34,listed,Dan,1B,True,2026-09-22T15:00:30Z,,,False
2026-09-22,H,656305.0,Matt Chapman,San Francisco Giants,823166,Minnesota Twins,3.58,listed,FA,3B,False,2026-09-22T15:00:30Z,,,False
2026-09-22,H,664056.0,Harrison Bader,San Francisco Giants,823166,Minnesota Twins,3.2,listed,FA,OF,False,2026-09-22T15:00:30Z,,,False
2026-09-22,H,669477.0,Casey Schmitt,San Francisco Giants,823166,Minnesota Twins,3.95,listed,FA,1B/2B/3B/OF,False,2026-09-22T15:00:30Z,,,False
2026-09-22,H,678545.0,Osleivis Basabe,San Francisco Giants,823166,Minnesota Twins,2.72,listed,FA,2B/3B/SS,True,2026-09-22T15:00:30Z,1.0,,True
2026-09-22,H,683766.0,Christian Koss,San Francisco Giants,823166,Minnesota Twins,3.17,listed,FA,2B/3B/SS,True,2026-09-22T15:00:30Z,2.0,,True
2026-09-22,H,687551.0,Drew Gilbert,San Francisco Giants,823166,Minnesota Twins,2.98,listed,FA,OF,True,2026-09-22T15:00:30Z,2.0,,True
2026-09-22,H,691740.0,Daniel Susac,San Francisco Giants,823166,Minnesota Twins,2.64,listed,FA,C,False,2026-09-22T15:00:30Z,,,False
2026-09-22,H,694376.0,Shay Whitcomb,San Francisco Giants,823166,Minnesota Twins,2.68,listed,FA,2B/3B/OF,True,2026-09-22T15:00:30Z,4.0,,True
2026-09-22,H,701852.0,Drew Cavanaugh,San Francisco Giants,823166,Minnesota Twins,2.69,listed,FA,C,True,2026-09-22T15:00:30Z,1.0,,True
2026-09-22,H,805811.0,Bryce Eldridge,San Francisco Giants,823166,Minnesota Twins,4.44,listed,CH,1B,True,2026-09-22T15:00:30Z,,,False
2026-09-22,H,806367.0,Turner Hill,San Francisco Giants,823166,Minnesota Twins,3.79,listed,FA,OF,True,2026-09-22T15:00:30Z,0.0,,True
2026-09-22,H,808982.0,Jung Hoo Lee,San Francisco Giants,823166,Minnesota Twins,3.8,listed,GLIZZY,OF,True,2026-09-22T15:00:30Z,,,False
2026-09-22,H,813841.0,Jonah Cox,San Francisco Giants,823166,Minnesota Twins,3.28,listed,FA,OF,True,2026-09-22T15:00:30Z,5.0,,True
2026-09-22,H,606992.0,Eric Haase,San Francisco Giants,823166,Minnesota Twins,2.65,listed,FA,C,False,2026-09-22T15:00:30Z,,,False
2026-09-22,H,668800.0,Andrew Knizner,San Francisco Giants,823166,Minnesota Twins,2.66,listed,FA,C,True,2026-09-22T15:00:30Z,3.0,,True
2026-09-22,H,682674.0,Victor Bericoto,San Francisco Giants,823166,Minnesota Twins,2.61,listed,FA,1B/OF,True,2026-09-22T15:00:30Z,1.0,,True
2026-09-22,H,687529.0,Grant McCray,San Francisco Giants,823166,Minnesota Twins,2.3,listed,FA,OF,True,2026-09-22T15:00:30Z,3.0,,True
2026-09-22,H,605137.0,Josh Bell,Minnesota Twins,823166,San Francisco Giants,3.97,listed,FA,1B,True,2026-09-22T15:00:30Z,0.0,,True
2026-09-22,H,605170.0,Victor Caratini,Minnesota Twins,823166,San Francisco Giants,3.04,listed,FA,C/1B,True,2026-09-22T15:00:30Z,0.0,,True
2026-09-22,H,621439.0,Byron Buxton,Minnesota Twins,823166,San Francisco Giants,4.16,listed,BAMBI,OF,False,2026-09-22T15:00:30Z,,,False
2026-09-22,H,656484.0,Tristan Gray,Minnesota Twins,823166,San Francisco Giants,2.61,listed,FA,2B/3B/SS,False,2026-09-22T15:00:30Z,,,False
2026-09-22,H,663616.0,Trevor Larnach,Minnesota Twins,823166,San Francisco Giants,3.28,listed,FA,OF,False,2026-09-22T15:00:30Z,,,False
2026-09-22,H,665019.0,Kody Clemens,Minnesota Twins,823166,San Francisco Giants,3.96,listed,LTTA,1B/2B/OF,True,2026-09-22T15:00:30Z,2.0,,True
2026-09-22,H,668885.0,Austin Martin,Minnesota Twins,823166,San Francisco Giants,2.45,listed,FA,OF,True,2026-09-22T15:00:30Z,,,False
2026-09-22,H,668904.0,Royce Lewis,Minnesota Twins,823166,San Francisco Giants,3.37,listed,Dpf,1B/2B/3B,True,2026-09-22T15:00:30Z,0.0,,True
2026-09-22,H,668952.0,Ryan Kreidler,Minnesota Twins,823166,San Francisco Giants,2.04,listed,FA,2B/3B/SS/OF,True,2026-09-22T15:00:30Z,3.0,,True
2026-09-22,H,670242.0,Matt Wallner,Minnesota Twins,823166,San Francisco Giants,3.71,listed,FA,OF,False,2026-09-22T15:00:30Z,,,False
2026-09-22,H,680777.0,Ryan Jeffers,Minnesota Twins,823166,San Francisco Giants,3.52,listed,CH,C,True,2026-09-22T15:00:30Z,,,False
2026-09-22,H,686797.0,Brooks Lee,Minnesota Twins,823166,San Francisco Giants,4.04,listed,BAMBI,2B/3B/SS,True,2026-09-22T15:00:30Z,5.0,,True
2026-09-22,H,701785.0,Kaelen Culpepper,Minnesota Twins,823166,San Francisco Giants,3.43,listed,FA,SS,False,2026-09-22T15:00:30Z,,,False
2026-09-22,H,807712.0,Luke Keaschall,Minnesota Twins,823166,San Francisco Giants,4.09,listed,Dpf,2B/OF,True,2026-09-22T15:00:30Z,6.0,,True
2026-09-22,H,656577.0,Alex Jackson,Minnesota Twins,823166,San Francisco Giants,1.78,listed,FA,C,False,2026-09-22T15:00:30Z,,,False
2026-09-22,H,702176.0,Alan Roden,Minnesota Twins,823166,San Francisco Giants,3.03,listed,FA,OF,True,2026-09-22T15:00:30Z,,,False
2026-09-22,H,805805.0,Walker Jenkins,Minnesota Twins,823166,San Francisco Giants,3.5,listed,FA,OF,True,2026-09-22T15:00:30Z,7.0,,True
2026-09-22,H,500743.0,Miguel Rojas,Los Angeles Dodgers,823897,San Diego Padres,2.12,listed,FA,2B/3B/SS,True,2026-09-22T15:00:30Z,,,False
2026-09-22,H,518692.0,Freddie Freeman,Los Angeles Dodgers,823897,San Diego Padres,4.28,listed,MMM,1B,True,2026-09-22T15:00:30Z,7.0,,True
2026-09-22,H,571970.0,Max Muncy,Los Angeles Dodgers,823897,San Diego Padres,3.77,listed,Dpf,3B,True,2026-09-22T15:00:30Z,0.0,,True
2026-09-22,H,605141.0,Mookie Betts,Los Angeles Dodgers,823897,San Diego Padres,5.31,listed,Dpf,SS,True,2026-09-22T15:00:30Z,6.0,,True
2026-09-22,H,606192.0,Teoscar Hernández,Los Angeles Dodgers,823897,San Diego Padres,4.56,listed,CJF,OF,True,2026-09-22T15:00:30Z,3.0,,True
2026-09-22,H,660271.0,Shohei Ohtani,Los Angeles Dodgers,823897,San Diego Padres,4.46,listed,BB,UT,False,2026-09-22T15:00:30Z,,,False
2026-09-22,H,663656.0,Kyle Tucker,Los Angeles Dodgers,823897,San Diego Padres,3.95,listed,MMM,OF,True,2026-09-22T15:00:30Z,2.0,,True
2026-09-22,H,669242.0,Tommy Edman,Los Angeles Dodgers,823897,San Diego Padres,3.89,listed,FA,2B/OF,True,2026-09-22T15:00:30Z,10.0,,True
2026-09-22,H,669257.0,Will Smith,Los Angeles Dodgers,823897,San Diego Padres,4.09,listed,LTTA,C,True,2026-09-22T15:00:30Z,7.0,,True
2026-09-22,H,669743.0,Alex Call,Los Angeles Dodgers,823897,San Diego Padres,2.1,listed,FA,OF,True,2026-09-22T15:00:30Z,,,False
2026-09-22,H,676439.0,Hunter Feduccia,Los Angeles Dodgers,823897,San Diego Padres,2.91,listed,FA,C,True,2026-09-22T15:00:30Z,,,False
2026-09-22,H,681624.0,Andy Pages,Los Angeles Dodgers,823897,San Diego Padres,4.66,listed,CS,OF,True,2026-09-22T15:00:30Z,3.0,,True
2026-09-22,H,687221.0,Dalton Rushing,Los Angeles Dodgers,823897,San Diego Padres,2.64,listed,FA,C,False,2026-09-22T15:00:30Z,,,False
2026-09-22,H,690976.0,Alex Freeland,Los Angeles Dodgers,823897,San Diego Padres,2.84,listed,FA,2B/SS,True,2026-09-22T15:00:30Z,,,False
2026-09-22,H,808975.0,Hyeseong Kim,Los Angeles Dodgers,823897,San Diego Padres,3.0,listed,FA,2B/SS,False,2026-09-22T15:00:30Z,,,False
2026-09-22,H,571771.0,Enrique Hernández,Los Angeles Dodgers,823897,San Diego Padres,2.63,listed,FA,1B/3B/OF,True,2026-09-22T15:00:30Z,,,False
2026-09-22,H,669289.0,Santiago Espinal,Los Angeles Dodgers,823897,San Diego Padres,1.83,listed,FA,3B,False,2026-09-22T15:00:30Z,,,False
2026-09-22,H,669899.0,Ryan Ward,Los Angeles Dodgers,823897,San Diego Padres,2.93,listed,FA,1B/OF,False,2026-09-22T15:00:30Z,,,False
2026-09-22,H,800543.0,Josue De Paula,Los Angeles Dodgers,823897,San Diego Padres,3.7,listed,MMM,UT,True,2026-09-22T15:00:30Z,8.0,,True
2026-09-22,H,592206.0,Nick Castellanos,San Diego Padres,823897,Los Angeles Dodgers,3.03,projected,FA,OF,False,2026-09-22T15:00:30Z,,,False
2026-09-22,H,592518.0,Manny Machado,San Diego Padres,823897,Los Angeles Dodgers,4.26,projected,CS,3B,True,2026-09-22T15:00:30Z,1.0,,True
2026-09-22,H,593428.0,Xander Bogaerts,San Diego Padres,823897,Los Angeles Dodgers,3.99,projected,FA,SS,True,2026-09-22T15:00:30Z,2.0,,True
2026-09-22,H,609280.0,Miguel Andujar,San Diego Padres,823897,Los Angeles Dodgers,3.29,projected,FA,3B/OF,False,2026-09-22T15:00:30Z,,,False
2026-09-22,H,630105.0,Jake Cronenworth,San Diego Padres,823897,Los Angeles Dodgers,3.43,projected,FA,2B,True,2026-09-22T15:00:30Z,0.0,,True
2026-09-22,H,650859.0,Luis Rengifo,San Diego Padres,823897,Los Angeles Dodgers,2.87,projected,FA,2B/3B/OF,False,2026-09-22T15:00:30Z,,,False
2026-09-22,H,657656.0,Ramón Laureano,San Diego Padres,823897,Los Angeles Dodgers,3.88,projected,FA,OF,False,2026-09-22T15:00:30Z,,,False
2026-09-22,H,657757.0,Gavin Sheets,San Diego Padres,823897,Los Angeles Dodgers,2.79,projected,FA,1B/OF,False,2026-09-22T15:00:30Z,,,False
2026-09-22,H,664034.0,Ty France,San Diego Padres,823897,Los Angeles Dodgers,4.22,projected,BB,1B,True,2026-09-22T15:00:30Z,1.0,,True
2026-09-22,H,665487.0,Fernando Tatis Jr.,San Diego Padres,823897,Los Angeles Dodgers,4.82,projected,BB,2B/OF,True,2026-09-22T15:00:30Z,2.0,,True
2026-09-22,H,666023.0,Freddy Fermin,San Diego Padres,823897,Los Angeles Dodgers,2.58,projected,FA,C,True,2026-09-22T15:00:30Z,,,False
2026-09-22,H,669134.0,Luis Campusano,San Diego Padres,823897,Los Angeles Dodgers,3.49,projected,FA,C,True,2026-09-22T15:00:30Z,4.0,,True
2026-09-22,H,669392.0,Samad Taylor,San Diego Padres,823897,Los Angeles Dodgers,3.73,projected,GLIZZY,2B/OF,True,2026-09-22T15:00:30Z,0.0,,True
2026-09-22,H,687957.0,Dustin Harris,San Diego Padres,823897,Los Angeles Dodgers,3.05,projected,FA,OF,True,2026-09-22T15:00:30Z,0.0,,True
2026-09-22,H,701538.0,Jackson Merrill,San Diego Padres,823897,Los Angeles Dodgers,4.36,projected,CH,OF,True,2026-09-22T15:00:30Z,0.0,,True
2026-09-22,H,823550.0,Sung-Mun Song,San Diego Padres,823897,Los Angeles Dodgers,1.18,projected,FA,2B,True,2026-09-22T15:00:30Z,,,False
2026-09-22,H,660710.0,Rodolfo Durán,San Diego Padres,823897,Los Angeles Dodgers,2.25,projected,FA,C,False,2026-09-22T15:00:30Z,,,False
2026-09-22,H,669720.0,Austin Hays,San Diego Padres,823897,Los Angeles Dodgers,2.26,projected,FA,OF,True,2026-09-22T15:00:30Z,0.0,,True
2026-09-22,H,687749.0,Jase Bowen,San Diego Padres,823897,Los Angeles Dodgers,0.81,projected,FA,OF,True,2026-09-22T15:00:30Z,0.0,,True
2026-09-22,H,806956.0,Ethan Salas,San Diego Padres,823897,Los Angeles Dodgers,2.15,projected,THALER,C,True,2026-09-22T15:00:30Z,2.0,,True
2026-09-22,P,607074.0,Carlos Rodón,New York Yankees,823543,Tampa Bay Rays,10.07,listed,CJF,SP,True,2026-09-22T15:00:30Z,20.0,8.0,True
2026-09-22,P,607259.0,Nick Martinez,Tampa Bay Rays,823543,New York Yankees,9.85,listed,Dpf,SP,True,2026-09-22T15:00:30Z,15.0,6.0,True
2026-09-22,P,605135.0,Chris Bassitt,Baltimore Orioles,824785,Toronto Blue Jays,7.99,listed,FA,SP,True,2026-09-22T15:00:30Z,,,False
2026-09-22,P,453286.0,Max Scherzer,Toronto Blue Jays,824785,Baltimore Orioles,7.71,listed,FA,SP,True,2026-09-22T15:00:30Z,,,False
2026-09-22,P,683003.0,Jared Jones,Pittsburgh Pirates,823328,St. Louis Cardinals,12.76,listed,Dan,SP,True,2026-09-22T15:00:30Z,20.0,7.0,True
2026-09-22,P,669467.0,Andre Pallante,St. Louis Cardinals,823328,Pittsburgh Pirates,8.76,listed,CS,SP,True,2026-09-22T15:00:30Z,11.0,6.0,True
2026-09-22,P,554430.0,Zack Wheeler,Philadelphia Phillies,823412,Milwaukee Brewers,12.75,listed,GLIZZY,SP,True,2026-09-22T15:00:30Z,13.666666666666668,5.7,True
2026-09-22,P,669160.0,Dustin May,Milwaukee Brewers,823412,Philadelphia Phillies,7.77,listed,THALER,SP,True,2026-09-22T15:00:30Z,2.0,2.0,True
2026-09-22,P,623454.0,Drew Anderson,Detroit Tigers,824222,Washington Nationals,8.96,listed,FA,SP,True,2026-09-22T15:00:30Z,12.0,6.0,True
2026-09-22,P,800600.0,Jackson Kent,Washington Nationals,824222,Detroit Tigers,7.06,listed,FA,SP,True,2026-09-22T15:00:30Z,,,False
2026-09-22,P,801139.0,Payton Tolle,Boston Red Sox,824709,Cleveland Guardians,13.91,listed,BB,SP,True,2026-09-22T15:00:30Z,8.666666666666668,5.7,True
2026-09-22,P,800048.0,Parker Messick,Cleveland Guardians,824709,Boston Red Sox,11.46,listed,BAMBI,SP,True,2026-09-22T15:00:30Z,9.0,5.0,True
2026-09-22,P,608331.0,Max Fried,New York Yankees,823494,Tampa Bay Rays,11.9,listed,GK,SP,True,2026-09-22T15:00:30Z,6.666666666666668,6.7,True
2026-09-22,P,656876.0,Drew Rasmussen,Tampa Bay Rays,823494,New York Yankees,12.64,listed,GLIZZY,SP,True,2026-09-22T15:00:30Z,20.666666666666668,6.7,True
2026-09-22,P,702275.0,JR Ritchie,Atlanta Braves,824867,Cincinnati Reds,8.69,listed,FA,SP,True,2026-09-22T15:00:30Z,12.0,5.0,True
2026-09-22,P,682227.0,Brandon Williamson,Cincinnati Reds,824867,Atlanta Braves,6.49,listed,FA,SP,True,2026-09-22T15:00:30Z,12.0,6.0,True
2026-09-22,P,663738.0,Daniel Lynch IV,Kansas City Royals,824061,Chicago White Sox,9.03,listed,FA,SP,True,2026-09-22T15:00:30Z,-3.0,4.0,True
2026-09-22,P,641743.0,Anthony Kay,Chicago White Sox,824061,Kansas City Royals,7.2,listed,GK,SP,True,2026-09-22T15:00:30Z,4.0,4.0,True
2026-09-22,P,684007.0,Shota Imanaga,Chicago Cubs,824624,Miami Marlins,12.41,listed,GK,SP,True,2026-09-22T15:00:30Z,11.0,5.0,True
2026-09-22,P,676083.0,Janson Junk,Miami Marlins,824624,Chicago Cubs,5.39,listed,FA,SP,True,2026-09-22T15:00:30Z,11.0,5.0,True
2026-09-22,P,669022.0,MacKenzie Gore,Texas Rangers,822840,New York Mets,8.91,listed,GLIZZY,SP,True,2026-09-22T15:00:30Z,6.0,5.0,True
2026-09-22,P,640455.0,Sean Manaea,New York Mets,822840,Texas Rangers,8.09,listed,FA,SP,True,2026-09-22T15:00:30Z,17.0,6.0,True
2026-09-22,P,607536.0,Kyle Freeland,Colorado Rockies,824302,Arizona Diamondbacks,5.4,listed,FA,SP,True,2026-09-22T15:00:30Z,0.0,3.0,True
2026-09-22,P,647336.0,Michael Soroka,Arizona Diamondbacks,824302,Colorado Rockies,7.23,listed,FA,SP,True,2026-09-22T15:00:30Z,19.0,7.0,True
2026-09-22,P,669302.0,Logan Gilbert,Seattle Mariners,823089,Houston Astros,14.05,listed,BB,SP,True,2026-09-22T15:00:30Z,3.0,4.0,True
2026-09-22,P,664299.0,Cristian Javier,Houston Astros,823089,Seattle Mariners,9.94,listed,FA,SP,True,2026-09-22T15:00:30Z,4.0,2.0,True
2026-09-22,P,669620.0,Brady Basso,Athletics,824953,Los Angeles Angels,6.17,listed,FA,SP,True,2026-09-22T15:00:30Z,-1.0,2.0,True
2026-09-22,P,579328.0,Yusei Kikuchi,Los Angeles Angels,824953,Athletics,8.59,listed,FA,SP,True,2026-09-22T15:00:30Z,5.333333333333333,5.3,True
2026-09-22,P,683627.0,Anthony Molina,San Francisco Giants,823166,Minnesota Twins,7.16,listed,FA,SP,True,2026-09-22T15:00:30Z,14.0,6.0,True
2026-09-22,P,671737.0,Taj Bradley,Minnesota Twins,823166,San Francisco Giants,11.7,listed,GLIZZY,SP,True,2026-09-22T15:00:30Z,15.0,6.0,True
2026-09-22,P,808967.0,Yoshinobu Yamamoto,Los Angeles Dodgers,823897,San Diego Padres,13.71,projected,BAMBI,SP,True,2026-09-22T15:00:30Z,,,False
2026-09-22,P,650633.0,Michael King,San Diego Padres,823897,Los Angeles Dodgers,9.27,listed,CS,SP,True,2026-09-22T15:00:30Z,4.0,4.0,True
