mlbam_id,name,team,bats,elig,owner,games,week_pts,avg_mult,base_rate,pa_g,woba_30,pa_30,rank
624413,Pete Alonso,Baltimore Orioles,R,1B,GK,6,99.5,1.03,1.045,4.4,0.4064912280701754,115.0,1
703520,Brett Bateman,Toronto Blue Jays,L,OF,THALER,6,92.2,1.058,0.966,4.3,0.3916831683168317,102.0,2
683002,Gunnar Henderson,Baltimore Orioles,L,SS,GK,6,89.0,1.049,0.943,4.28,0.3696039603960396,101.0,3
672386,Alejandro Kirk,Toronto Blue Jays,R,C,FA,6,84.5,1.012,0.972,4.09,0.3426506024096385,83.0,4
665489,Vladimir Guerrero Jr.,Toronto Blue Jays,R,1B,CJF,6,83.2,0.986,0.944,4.25,0.30918367346938774,98.0,5
672960,Kazuma Okamoto,Toronto Blue Jays,R,1B/3B,Dpf,6,83.0,1.021,0.955,4.05,0.37514851485148515,101.0,6
543807,George Springer,Toronto Blue Jays,R,OF,LTTA,6,79.7,1.004,0.961,3.94,0.2852941176470588,85.0,7
687637,Dylan Beavers,Baltimore Orioles,L,OF,FA,6,76.9,0.981,0.954,3.91,0.2476530612244898,98.0,8
664770,Nathan Lukes,Toronto Blue Jays,L,OF,FA,6,74.5,1.04,0.941,3.63,0.3271111111111111,91.0,9
665926,Andrés Giménez,Toronto Blue Jays,L,2B/SS,Dan,6,70.5,1.034,0.943,3.45,0.3038157894736842,76.0,10
691723,Coby Mayo,Baltimore Orioles,R,1B/3B,FA,6,70.3,0.89,0.98,3.84,0.3827,100.0,11
687952,Christian Encarnacion-Strand,Baltimore Orioles,R,1B/3B,FA,6,70.0,0.942,0.978,3.62,0.3638888888888889,90.0,12
694212,Samuel Basallo,Baltimore Orioles,L,C/1B,GK,6,69.1,1.007,0.967,3.38,0.2283050847457627,59.0,13
673357,Luis Robert Jr.,Baltimore Orioles,R,OF,Dpf,6,67.7,0.943,0.96,3.56,0.0,5.0,14
665750,Leody Taveras,Baltimore Orioles,S,OF,FA,6,62.1,1.019,0.932,3.12,0.23048387096774192,62.0,15
676391,Ernie Clement,Toronto Blue Jays,R,2B/3B/SS,CS,6,61.9,0.909,0.896,3.62,0.16263736263736264,91.0,16
681297,Colton Cowser,Baltimore Orioles,L,OF,FA,6,61.5,1.017,0.963,2.99,0.27887323943661974,71.0,17
669236,Jeremiah Jackson,Baltimore Orioles,R,2B/OF,FA,6,61.1,0.971,0.933,3.21,0.2537777777777777,45.0,18
678218,Brandon Valenzuela,Toronto Blue Jays,S,C,FA,6,60.0,1.035,0.968,2.85,0.32999999999999996,30.0,19
669701,Josh Smith,Toronto Blue Jays,L,1B/2B/3B/SS,FA,6,56.8,1.046,0.927,2.79,0.27267857142857144,56.0,20
677956,Rece Hinds,Baltimore Orioles,R,OF,FA,6,54.3,0.997,0.931,2.79,0.2393939393939394,33.0,21
664702,Myles Straw,Toronto Blue Jays,R,OF,FA,6,54.2,1.057,0.948,2.57,0.3453125,65.0,22
815873,Sean Keys,Toronto Blue Jays,L,UT,FA,6,51.4,1.041,0.951,2.47,0.30758620689655164,30.0,23
807727,Charles McAdoo,Toronto Blue Jays,R,2B/3B,FA,6,51.2,1.016,0.961,2.5,0.3339393939393939,33.0,24
676914,Davis Schneider,Toronto Blue Jays,R,2B/OF,FA,6,47.9,1.067,0.941,2.27,0.47374999999999995,16.0,25
665966,Carlos Narváez,Baltimore Orioles,R,C,FA,6,46.1,0.951,0.903,2.56,0.1703030303030303,34.0,26
700250,Ben Rice,New York Yankees,L,C/1B,CS,7,33.8,1.054,1.026,4.47,0.4109734513274336,113.0,27
672515,Gabriel Moreno,Arizona Diamondbacks,R,C,THALER,6,31.8,1.193,1.024,4.33,0.429047619047619,105.0,28
664983,Jake McCarthy,Colorado Rockies,L,OF,MMM,6,31.2,1.156,1.038,4.34,0.35152542372881357,120.0,29
650968,Yohel Pozo,Baltimore Orioles,R,C,FA,6,30.9,0.96,0.96,1.6,0.22,12.0,30
641355,Cody Bellinger,New York Yankees,L,OF,LTTA,7,30.5,1.031,0.995,4.25,0.3425471698113208,106.0,31
665487,Fernando Tatis Jr.,San Diego Padres,R,2B/OF,BB,6,30.1,1.035,1.074,4.51,0.41230769230769226,118.0,32
691718,Pete Crow-Armstrong,Chicago Cubs,L,OF,GLIZZY,6,30.0,0.982,1.115,4.56,0.4284552845528455,124.0,33
686948,Drake Baldwin,Atlanta Braves,L,C,BAMBI,6,29.6,1.071,1.015,4.54,0.3600840336134454,119.0,34
605141,Mookie Betts,Los Angeles Dodgers,R,SS,Dpf,6,29.4,1.124,0.971,4.48,0.44815789473684203,114.0,35
665833,Oneil Cruz,Pittsburgh Pirates,L,OF,CJF,6,29.2,1.071,1.071,4.24,0.3999009900990098,101.0,36
805808,Kevin McGonigle,Detroit Tigers,L,3B/SS,GLIZZY,6,29.0,1.053,0.986,4.65,0.36901639344262294,122.0,37
664040,Brandon Lowe,Pittsburgh Pirates,L,2B,BB,6,29.0,1.152,0.98,4.29,0.43861386138613856,102.0,38
660670,Ronald Acuña Jr.,Atlanta Braves,R,OF,GK,6,28.6,1.061,1.037,4.34,0.40305555555555556,108.0,39
672695,Geraldo Perdomo,Arizona Diamondbacks,S,SS,CS,6,28.5,1.14,0.959,4.34,0.3552727272727273,113.0,40
668930,Brice Turang,Milwaukee Brewers,L,2B,CH,6,28.5,1.083,1.014,4.33,0.4248245614035087,115.0,41
682829,Elly De La Cruz,Cincinnati Reds,S,SS,MMM,6,28.4,1.033,1.063,4.31,0.48043859649122805,115.0,42
677951,Bobby Witt Jr.,Kansas City Royals,R,SS,BB,6,28.4,1.0,1.077,4.39,0.2948181818181818,114.0,43
695600,Carter Jensen,Kansas City Royals,L,C,BB,6,28.4,1.116,0.989,4.29,0.4628712871287129,101.0,44
606466,Ketel Marte,Arizona Diamondbacks,S,2B,GK,6,28.4,1.07,0.976,4.52,0.29718446601941745,105.0,45
681198,TJ Rumfield,Colorado Rockies,L,1B,BB,6,28.3,1.193,0.956,4.14,0.4129,100.0,46
694249,Cole Carrigg,Colorado Rockies,S,SS/OF,BB,6,28.2,1.179,0.997,4.0,0.37411214953271027,108.0,47
670541,Yordan Alvarez,Houston Astros,L,OF,MMM,6,28.2,0.996,1.088,4.34,0.4080582524271844,108.0,48
703607,Henry Bolte,Athletics,R,OF,CS,6,28.2,1.083,0.988,4.4,0.3934146341463415,123.0,49
678246,Miguel Vargas,Chicago White Sox,R,1B/3B,GLIZZY,6,28.2,1.017,1.035,4.47,0.326198347107438,121.0,50
571448,Nolan Arenado,Arizona Diamondbacks,R,3B,FA,6,28.1,1.206,0.957,4.07,0.4454205607476635,107.0,51
665862,Jazz Chisholm Jr.,New York Yankees,L,2B/3B,MMM,7,27.8,1.044,1.011,3.77,0.34068181818181825,44.0,52
696100,Hunter Goodman,Colorado Rockies,R,C,CJF,6,27.7,1.076,1.013,4.23,0.2872164948453608,98.0,53
694192,Jackson Chourio,Milwaukee Brewers,R,OF,BAMBI,6,27.7,0.971,1.058,4.49,0.3921487603305785,121.0,54
547180,Bryce Harper,Philadelphia Phillies,L,1B/OF,BAMBI,6,27.6,1.054,1.01,4.32,0.3337606837606838,117.0,55
681624,Andy Pages,Los Angeles Dodgers,R,OF,CS,6,27.4,1.068,1.026,4.18,0.4779166666666666,24.0,56
666018,Jonathan Aranda,Tampa Bay Rays,L,1B,BAMBI,7,27.3,0.976,0.963,4.15,0.3609183673469388,98.0,57
682985,Riley Greene,Detroit Tigers,L,OF,CH,6,27.3,1.052,1.003,4.31,0.41409999999999997,100.0,58
802415,Chandler Simpson,Tampa Bay Rays,L,OF,BAMBI,7,26.9,0.946,0.99,4.1,0.2736633663366337,103.0,59
807712,Luke Keaschall,Minnesota Twins,R,2B/OF,Dpf,6,26.9,1.052,0.979,4.36,0.40982608695652184,116.0,60
646240,Rafael Devers,San Francisco Giants,L,1B,Dan,6,26.8,1.005,0.993,4.47,0.5615517241379311,60.0,61
682987,Spencer Jones,New York Yankees,L,OF,FA,7,26.8,1.018,0.994,3.79,0.3366326530612244,99.0,62
661388,William Contreras,Milwaukee Brewers,R,C,GLIZZY,6,26.8,1.007,1.002,4.42,0.3809375,98.0,63
805811,Bryce Eldridge,San Francisco Giants,L,1B,CH,6,26.8,1.024,0.979,4.46,0.41518072289156627,83.0,64
695578,James Wood,Washington Nationals,L,OF,BB,6,26.7,0.961,1.07,4.33,0.3065517241379311,88.0,65
656941,Kyle Schwarber,Philadelphia Phillies,L,OF,CS,6,26.5,0.972,1.001,4.54,0.31073170731707317,123.0,66
592518,Manny Machado,San Diego Padres,R,3B,CS,6,26.4,1.062,0.952,4.36,0.3320175438596491,114.0,67
691406,Junior Caminero,Tampa Bay Rays,R,3B,BAMBI,7,26.4,0.882,1.009,4.25,0.3451754385964912,118.0,68
606192,Teoscar Hernández,Los Angeles Dodgers,R,OF,CJF,6,26.4,1.096,0.983,4.09,0.4162616822429907,108.0,69
701807,Carson Benge,New York Mets,L,OF,GK,6,26.3,0.975,1.021,4.4,0.3639669421487604,121.0,70
650490,Yandy Díaz,Tampa Bay Rays,R,1B,LTTA,7,26.3,0.849,0.983,4.5,0.2811711711711712,113.0,71
666176,Jo Adell,Cleveland Guardians,R,OF,FA,6,26.2,1.063,0.971,4.23,0.31808695652173913,115.0,72
660271,Shohei Ohtani,Los Angeles Dodgers,L,UT,BB,6,26.2,0.935,1.046,4.47,0.23844444444444446,45.0,73
800050,Chase DeLauter,Cleveland Guardians,L,OF,GK,6,26.2,1.018,0.996,4.3,0.37069767441860463,87.0,74
608324,Alex Bregman,Chicago Cubs,R,3B,CH,6,26.2,1.041,0.965,4.34,0.5051020408163265,98.0,75
672640,Otto Lopez,Miami Marlins,R,2B/SS,Dan,6,26.2,0.957,1.015,4.49,0.34794871794871796,118.0,76
680869,Zack Gelof,Athletics,R,2B/3B/OF,LTTA,6,26.2,1.051,1.005,4.14,0.3658771929824561,114.0,77
608070,José Ramírez,Cleveland Guardians,S,3B,MMM,6,26.0,0.981,1.004,4.4,0.24971698113207547,106.0,78
671739,Michael Harris II,Atlanta Braves,L,OF,CS,6,25.9,1.05,1.021,4.03,0.33653846153846156,105.0,79
701538,Jackson Merrill,San Diego Padres,L,OF,CH,6,25.8,0.971,1.044,4.25,0.36833333333333335,111.0,80
682998,Corbin Carroll,Arizona Diamondbacks,L,OF,Dan,6,25.8,1.015,1.015,4.18,0.24979591836734694,99.0,81
664034,Ty France,San Diego Padres,R,1B,BB,6,25.7,1.047,0.975,4.19,0.38419047619047614,105.0,82
682928,CJ Abrams,Washington Nationals,L,SS,BAMBI,6,25.5,0.954,1.041,4.27,0.28391752577319584,98.0,83
671732,Lawrence Butler,Athletics,L,OF,FA,6,25.5,1.081,0.965,4.08,0.35043478260869565,116.0,84
701350,Roman Anthony,Boston Red Sox,L,OF,CJF,6,25.4,0.99,0.96,4.46,0.34187499999999993,112.0,85
592450,Aaron Judge,New York Yankees,R,OF,MMM,7,25.4,0.903,1.018,3.95,0.22416666666666665,24.0,86
668804,Bryan Reynolds,Pittsburgh Pirates,S,OF,MMM,6,25.4,1.016,0.992,4.2,0.3379439252336449,108.0,87
687263,Zach Neto,Los Angeles Angels,R,SS,LTTA,6,25.4,0.942,0.988,4.55,0.37546218487394956,119.0,88
671277,Luis García Jr.,New York Yankees,L,1B/2B,Dan,7,25.3,0.962,1.008,3.73,0.26453488372093026,86.0,89
673548,Seiya Suzuki,Chicago Cubs,R,OF,BAMBI,6,25.3,0.935,0.998,4.51,0.3528813559322034,118.0,90
686469,Vinnie Pasquantino,Kansas City Royals,L,1B,FA,6,25.3,1.062,0.969,4.09,0.38144329896907214,97.0,91
665742,Juan Soto,New York Mets,L,OF,THALER,6,25.2,0.899,1.041,4.5,0.33179487179487177,123.0,92
691720,Kyle Karros,Colorado Rockies,R,3B,FA,6,25.2,1.093,0.957,4.01,0.29013888888888884,72.0,93
683748,Victor Mesa Jr.,Tampa Bay Rays,L,OF,FA,7,25.1,1.019,1.0,3.52,0.4316867469879518,83.0,94
701398,Sal Stewart,Cincinnati Reds,R,1B/3B,BB,6,25.1,0.978,1.008,4.25,0.28649122807017546,114.0,95
804606,Konnor Griffin,Pittsburgh Pirates,R,SS,THALER,6,25.1,0.963,1.0,4.33,0.3060869565217391,92.0,96
680757,Steven Kwan,Cleveland Guardians,L,OF,Dan,6,25.0,1.003,0.953,4.37,0.3705263157894737,115.0,97
593428,Xander Bogaerts,San Diego Padres,R,SS,FA,6,25.0,1.106,0.96,3.93,0.3769072164948454,98.0,98
805300,Jakob Marsee,Miami Marlins,L,OF,FA,6,25.0,1.056,0.967,4.08,0.41330188679245283,107.0,99
677800,Wilyer Abreu,Boston Red Sox,L,OF,GLIZZY,6,24.9,0.986,0.995,4.23,0.2880733944954128,109.0,100
681393,Connor Norby,Colorado Rockies,R,1B/2B/3B,FA,6,24.9,1.158,0.95,3.78,0.35945652173913045,92.0,101
808959,Munetaka Murakami,Chicago White Sox,L,1B/3B,CJF,6,24.9,0.987,0.984,4.28,0.3016101694915254,119.0,102
668227,Randy Arozarena,Seattle Mariners,R,OF,GLIZZY,6,24.8,0.887,1.041,4.47,0.42677685950413224,122.0,103
607208,Trea Turner,Philadelphia Phillies,R,SS,CS,6,24.8,0.976,0.947,4.48,0.3055371900826446,121.0,104
806146,George Lombard Jr.,New York Yankees,R,SS,THALER,7,24.8,0.935,0.952,3.98,0.29771084337349396,84.0,105
672580,Maikel Garcia,Kansas City Royals,R,3B,CS,6,24.8,1.071,0.951,4.05,0.35485714285714287,35.0,106
665161,Jeremy Peña,Houston Astros,R,SS,CS,6,24.8,0.966,0.995,4.3,0.32370689655172413,116.0,107
805367,Chase Meidroth,Chicago White Sox,R,2B/SS,LTTA,6,24.7,1.092,0.936,4.02,0.3724242424242425,99.0,108
596019,Francisco Lindor,New York Mets,S,SS,Dpf,6,24.6,0.906,0.954,4.75,0.3129007633587786,131.0,109
621566,Matt Olson,Atlanta Braves,L,1B,MMM,6,24.5,0.982,1.0,4.16,0.26054054054054054,111.0,110
643289,Mauricio Dubón,Atlanta Braves,R,2B/3B/SS/OF,LTTA,6,24.4,1.042,0.954,4.1,0.3425490196078431,103.0,111
521692,Salvador Perez,Kansas City Royals,R,C/1B,Dan,6,24.4,1.089,0.944,3.95,0.3289,101.0,112
691182,Adael Amador,Colorado Rockies,S,2B,FA,6,24.4,1.136,0.979,3.66,0.34312499999999996,82.0,113
671218,Heliot Ramos,New York Yankees,R,OF,GLIZZY,7,24.4,0.982,0.965,3.68,0.3901408450704225,71.0,114
681715,Heriberto Hernández,Miami Marlins,R,OF,FA,6,24.4,0.922,1.0,4.4,0.2980645161290323,124.0,115
666182,Bo Bichette,New York Mets,R,3B/SS,GLIZZY,6,24.4,0.957,0.941,4.53,0.3151612903225806,124.0,116
669127,Shea Langeliers,Athletics,R,C,CS,6,24.4,0.971,1.014,4.13,0.2621568627450981,51.0,117
676475,Alec Burleson,St. Louis Cardinals,L,1B/OF,LTTA,6,24.3,0.975,1.018,4.08,0.3083168316831683,101.0,118
686611,Dylan Crews,Washington Nationals,R,OF,FA,6,24.3,1.013,0.973,4.11,0.29363636363636364,99.0,119
663457,Lars Nootbaar,Arizona Diamondbacks,L,OF,FA,6,24.2,1.168,0.962,3.59,0.35686746987951806,85.0,120
663656,Kyle Tucker,Los Angeles Dodgers,L,OF,MMM,6,24.2,1.036,0.974,3.99,0.37196261682242987,107.0,121
545361,Mike Trout,Los Angeles Angels,R,OF,THALER,6,24.2,0.894,1.006,4.49,0.34269565217391307,117.0,122
553993,Eugenio Suárez,Cincinnati Reds,R,3B,FA,6,24.2,1.082,0.939,3.96,0.40566265060240964,83.0,123
699024,Leo Bernal,St. Louis Cardinals,S,C,BB,6,24.2,0.971,0.98,4.25,0.34852941176470587,102.0,124
670623,Isaac Paredes,Houston Astros,R,1B/3B,Dan,6,24.2,1.003,0.945,4.26,0.3897391304347826,115.0,125
803011,Sam Antonacci,Chicago White Sox,L,2B/3B/SS/OF,BAMBI,6,24.2,1.032,0.998,3.91,0.3564356435643564,101.0,126
701678,Hao-Yu Lee,Detroit Tigers,R,2B/3B,FA,6,24.1,1.035,0.951,4.08,0.3448648648648649,111.0,127
605137,Josh Bell,Minnesota Twins,S,1B,FA,6,24.0,0.982,0.968,4.2,0.32028301886792454,106.0,128
641343,Jake Bauers,Milwaukee Brewers,L,1B/OF,THALER,6,24.0,0.974,1.018,4.03,0.3495876288659793,97.0,129
673962,Josh Jung,Texas Rangers,R,3B,MMM,6,24.0,0.999,0.971,4.12,0.4377083333333333,48.0,130
681082,Bryson Stott,Philadelphia Phillies,L,2B/3B,CS,6,23.9,1.02,0.998,3.92,0.3115841584158416,102.0,131
805999,A.J. Ewing,New York Mets,L,OF,CH,6,23.9,0.994,0.995,4.03,0.36598039215686273,104.0,132
668939,Adley Rutschman,Boston Red Sox,S,C,BAMBI,6,23.8,1.007,0.982,4.01,0.3542666666666667,75.0,133
656811,Ryan O'Hearn,Pittsburgh Pirates,L,1B/OF,GK,6,23.8,1.049,0.964,3.92,0.2843396226415094,53.0,134
643446,Jeff McNeil,Athletics,L,1B/2B/OF,FA,6,23.8,1.064,0.938,3.98,0.30934579439252335,107.0,135
695506,Jac Caglianone,Kansas City Royals,L,1B/OF,CH,6,23.7,1.033,1.022,3.75,0.36628571428571427,70.0,136
575929,Willson Contreras,Boston Red Sox,R,1B,LTTA,6,23.7,0.991,1.006,3.95,0.34933333333333333,30.0,137
669065,Kyle Stowers,Miami Marlins,L,1B/OF,GLIZZY,6,23.7,0.967,0.961,4.25,0.3378947368421053,98.0,138
608369,Corey Seager,Texas Rangers,L,SS,BB,6,23.7,0.939,0.969,4.34,0.328728813559322,118.0,139
694671,Wyatt Langford,Texas Rangers,R,OF,BAMBI,6,23.6,0.942,0.986,4.24,0.28522123893805307,114.0,140
703601,Max Clark,Detroit Tigers,L,OF,CS,6,23.6,0.987,0.966,4.12,0.3552884615384615,108.0,141
682657,Angel Martínez,Cleveland Guardians,S,2B/OF,GK,6,23.6,1.069,0.987,3.73,0.4174683544303797,79.0,142
694374,Tim Tawa,Arizona Diamondbacks,R,1B/2B/3B/OF,FA,6,23.6,1.121,0.959,3.65,0.27645161290322584,94.0,143
669224,Austin Wells,New York Yankees,L,C,FA,7,23.5,1.113,0.941,3.21,0.37999999999999995,74.0,144
518692,Freddie Freeman,Los Angeles Dodgers,L,1B,MMM,6,23.4,0.932,0.986,4.25,0.252258064516129,93.0,145
669257,Will Smith,Los Angeles Dodgers,R,C,LTTA,6,23.4,1.082,0.991,3.64,0.4041333333333333,75.0,146
650333,Luis Arraez,Philadelphia Phillies,L,1B/2B,GLIZZY,6,23.3,0.984,0.95,4.16,0.2730612244897959,98.0,147
693307,Dillon Dingler,Detroit Tigers,R,C,MMM,6,23.2,0.963,0.997,4.03,0.21144578313253012,83.0,148
596115,Trevor Story,Boston Red Sox,R,SS,CH,6,23.2,1.044,0.928,3.99,0.32617977528089886,90.0,149
650402,Gleyber Torres,Detroit Tigers,R,2B,FA,6,23.2,0.976,0.938,4.22,0.28987654320987655,83.0,150
691594,Javier Sanoja,Miami Marlins,R,2B/3B/SS/OF,CS,6,23.2,1.0,0.967,4.0,0.3998214285714286,114.0,151
683011,Anthony Volpe,New York Yankees,R,SS,FA,7,23.1,0.947,0.961,3.63,0.30365384615384616,52.0,152
691019,Kyle Teel,Chicago White Sox,L,C,FA,6,23.1,1.066,0.975,3.7,0.3623287671232876,74.0,153
669242,Tommy Edman,Los Angeles Dodgers,S,2B/OF,FA,6,23.0,0.971,0.958,4.12,0.2771296296296296,109.0,154
663728,Cal Raleigh,Seattle Mariners,S,C,CH,6,23.0,0.926,0.953,4.34,0.35174311926605506,110.0,155
693304,Nick Gonzales,Pittsburgh Pirates,R,2B/3B,CJF,6,22.9,1.0,0.954,4.0,0.3291566265060241,83.0,156
592885,Christian Yelich,Milwaukee Brewers,L,OF,LTTA,6,22.9,0.996,0.962,3.98,0.28586956521739126,93.0,157
665019,Kody Clemens,Minnesota Twins,L,1B/2B/OF,LTTA,6,22.9,0.97,0.99,3.98,0.31990566037735846,107.0,158
686527,Dominic Canzone,Seattle Mariners,L,OF,GK,6,22.8,0.889,1.0,4.28,0.35327868852459016,122.0,159
695734,Daylen Lile,Washington Nationals,L,OF,GK,6,22.8,0.983,0.993,3.88,0.28925531914893615,95.0,160
686797,Brooks Lee,Minnesota Twins,S,2B/3B/SS,BAMBI,6,22.7,0.964,0.94,4.17,0.28433628318584064,114.0,161
686765,Nick Sogard,Boston Red Sox,S,1B/2B/3B,FA,6,22.7,1.0,0.935,4.05,0.3039622641509434,108.0,162
679529,Spencer Torkelson,Detroit Tigers,R,1B,Dan,6,22.7,1.098,0.942,3.65,0.4443010752688172,93.0,163
680777,Ryan Jeffers,Minnesota Twins,R,C,CH,6,22.6,0.972,0.983,3.94,0.30777777777777776,82.0,164
689414,Liam Hicks,Tampa Bay Rays,L,C/1B,MMM,7,22.6,0.938,0.973,3.53,0.3224324324324324,74.0,165
663538,Nico Hoerner,Chicago Cubs,R,2B/SS,Dan,6,22.6,0.946,0.96,4.14,0.27981818181818185,110.0,166
669003,Garrett Mitchell,Milwaukee Brewers,L,OF,FA,6,22.5,1.0,1.006,3.72,0.32827586206896553,90.0,167
669394,Jake Burger,Texas Rangers,R,1B,CJF,6,22.5,0.955,0.955,4.11,0.30214285714285716,112.0,168
677594,Julio Rodríguez,Seattle Mariners,R,OF,BB,6,22.5,0.849,0.995,4.43,0.2935652173913043,116.0,169
828599,Lucas Spence,Houston Astros,L,OF,FA,6,22.5,1.052,0.972,3.68,0.6272727272727272,22.0,170
683737,Michael Busch,Chicago Cubs,L,1B,THALER,6,22.5,0.933,0.943,4.25,0.30666666666666664,113.0,171
669134,Luis Campusano,San Diego Padres,R,C,FA,6,22.4,0.992,0.982,3.83,0.293875,80.0,172
671056,Iván Herrera,St. Louis Cardinals,R,C,LTTA,6,22.4,0.888,0.956,4.4,0.32438596491228067,114.0,173
686681,Michael Massey,Kansas City Royals,L,2B,FA,6,22.4,1.013,0.949,3.89,0.2742352941176471,86.0,174
670764,Taylor Walls,Tampa Bay Rays,S,SS,FA,7,22.4,0.962,0.928,3.58,0.31285714285714283,51.0,175
668715,Spencer Steer,Cincinnati Reds,R,1B/2B/OF,CJF,6,22.2,0.975,0.969,3.92,,,176
800543,Josue De Paula,Los Angeles Dodgers,L,UT,MMM,6,22.2,0.99,0.981,3.82,0.46142857142857147,42.0,177
514888,Jose Altuve,Houston Astros,R,2B/OF,BAMBI,6,22.2,0.945,0.917,4.26,0.29153153153153155,111.0,178
607043,Brandon Nimmo,Texas Rangers,L,OF,Dan,6,22.2,0.915,0.963,4.2,0.2997247706422019,109.0,179
683953,Travis Bazzana,Cleveland Guardians,L,2B,THALER,6,22.2,0.999,0.965,3.84,0.3934831460674157,89.0,180
802139,JJ Wetherholt,St. Louis Cardinals,L,2B/SS,THALER,6,22.1,0.926,0.976,4.08,0.2189189189189189,37.0,181
673237,Yainer Diaz,Houston Astros,R,C,FA,6,22.1,1.022,0.988,3.65,0.4143956043956044,91.0,182
668904,Royce Lewis,Minnesota Twins,R,1B/2B/3B,Dpf,6,22.0,0.945,0.955,4.05,0.23069306930693068,101.0,183
806198,Cooper Pratt,Milwaukee Brewers,R,SS,CH,6,22.0,1.002,0.991,3.7,0.33785714285714286,86.0,184
677587,Brayan Rocchio,Cleveland Guardians,S,2B/SS,CJF,6,21.9,1.008,0.957,3.79,0.37089887640449437,90.0,185
669392,Samad Taylor,San Diego Padres,R,2B/OF,GLIZZY,6,21.9,1.034,0.994,3.56,0.34125,73.0,186
702332,Caleb Durbin,Boston Red Sox,R,3B,GK,6,21.8,0.977,0.948,3.93,0.3011111111111111,103.0,187
677649,Ezequiel Duran,Texas Rangers,R,1B/2B/3B/SS/OF,CJF,6,21.8,0.921,0.965,4.08,0.26482142857142854,112.0,188
641487,J.P. Crawford,Seattle Mariners,L,3B/SS,FA,6,21.8,0.907,0.915,4.37,0.3347321428571428,115.0,189
804668,Rafael Flores Jr.,Pittsburgh Pirates,R,C/1B,FA,6,21.8,0.982,0.99,3.73,0.3760493827160494,81.0,190
571970,Max Muncy,Los Angeles Dodgers,L,3B,Dpf,6,21.8,0.987,0.986,3.73,0.35065217391304343,93.0,191
669221,Sean Murphy,Atlanta Braves,R,C,FA,6,21.8,1.031,0.945,3.74,0.25779411764705884,68.0,192
699013,Esmerlyn Valdez,Pittsburgh Pirates,R,OF,LTTA,6,21.8,0.931,0.978,3.99,0.28093749999999995,32.0,193
669364,Xavier Edwards,Miami Marlins,S,2B/SS,LTTA,6,21.7,0.915,0.963,4.11,0.22428571428571425,28.0,194
695657,Colson Montgomery,Chicago White Sox,L,3B/SS,THALER,6,21.7,0.983,0.921,3.99,0.22886792452830187,106.0,195
663586,Austin Riley,Atlanta Braves,R,3B,CH,6,21.7,1.011,0.93,3.85,0.2831313131313131,99.0,196
680664,Eduardo Valencia,Detroit Tigers,R,C/1B,CH,6,21.7,1.008,1.002,3.59,0.42380952380952386,64.0,197
668709,JJ Bleday,Cincinnati Reds,L,OF,THALER,6,21.6,0.964,0.968,3.86,0.27918367346938777,98.0,198
543510,James McCann,Arizona Diamondbacks,R,C,FA,6,21.6,1.156,0.974,3.2,0.3021875,32.0,199
678882,Ceddanne Rafaela,Boston Red Sox,R,2B/OF,GK,6,21.6,0.952,0.986,3.83,0.19258064516129034,31.0,200
621020,Dansby Swanson,Chicago Cubs,R,SS,Dan,6,21.4,0.934,0.977,3.92,0.2414285714285714,28.0,201
699302,Héctor Rodríguez,Cincinnati Reds,L,OF,FA,6,21.4,0.99,0.942,3.83,0.2650537634408602,93.0,202
664761,Alec Bohm,Philadelphia Phillies,R,1B/3B,CS,6,21.4,0.95,0.937,4.02,0.3321153846153846,104.0,203
808982,Jung Hoo Lee,San Francisco Giants,L,OF,GLIZZY,6,21.4,0.901,0.968,4.08,0.24679012345679016,82.0,204
663886,Tyler Stephenson,Cincinnati Reds,R,C,FA,6,21.3,1.007,0.974,3.62,0.28965517241379307,87.0,205
645277,Ozzie Albies,Atlanta Braves,S,2B,Dpf,6,21.3,0.969,0.91,4.03,0.20962616822429905,107.0,206
666160,Mickey Moniak,Colorado Rockies,L,OF,Dpf,6,21.3,1.066,0.957,3.48,0.20527027027027026,74.0,207
687462,Spencer Horwitz,Pittsburgh Pirates,L,1B,FA,6,21.2,1.002,0.924,3.82,0.2439240506329114,79.0,208
687859,Troy Johnston,Colorado Rockies,L,1B/OF,FA,6,21.2,1.131,0.949,3.29,0.2785185185185185,54.0,209
687093,Vaughn Grissom,Los Angeles Angels,R,1B/2B/3B,FA,6,21.1,0.898,0.931,4.21,0.3,116.0,210
543760,Marcus Semien,New York Mets,R,2B,FA,6,21.1,0.932,0.927,4.07,0.2674747474747475,99.0,211
676356,Jonny DeLuca,Tampa Bay Rays,R,OF,FA,7,21.0,0.892,0.978,3.43,0.3027906976744186,87.0,212
665052,Griffin Conine,Miami Marlins,L,1B/OF,FA,6,21.0,0.955,1.0,3.66,0.3675247524752475,101.0,213
680700,Richie Palacios,Tampa Bay Rays,L,2B/OF,FA,7,21.0,1.008,0.971,3.07,0.39,69.0,214
624585,Jorge Soler,Los Angeles Angels,R,OF,Dan,6,20.9,0.892,0.931,4.2,,,215
670231,John Rave,Kansas City Royals,L,OF,FA,6,20.9,1.048,0.982,3.39,0.3459459459459459,74.0,216
663968,Jake Mangum,Pittsburgh Pirates,S,OF,FA,6,20.9,0.994,0.97,3.61,0.2587837837837838,76.0,217
701785,Kaelen Culpepper,Minnesota Twins,R,SS,FA,6,20.8,0.951,0.951,3.84,0.23754098360655737,61.0,218
572233,Christian Walker,Houston Astros,R,1B,FA,6,20.8,0.936,0.94,3.94,0.2761,101.0,219
647304,Josh Naylor,Seattle Mariners,L,1B,GLIZZY,6,20.8,0.84,0.969,4.26,0.2373913043478261,115.0,220
691781,Brady House,Washington Nationals,R,3B,FA,6,20.7,1.038,0.957,3.47,0.33805194805194805,77.0,221
701358,Cam Smith,Houston Astros,R,OF,FA,6,20.6,0.978,0.965,3.63,0.29846153846153844,91.0,222
630105,Jake Cronenworth,San Diego Padres,L,2B,FA,6,20.6,0.94,0.921,3.97,0.29203883495145627,104.0,223
800325,Luis Lara,Milwaukee Brewers,S,OF,FA,6,20.5,0.965,0.951,3.73,0.2262337662337662,77.0,224
664023,Ian Happ,Chicago Cubs,S,OF,CJF,6,20.5,0.988,0.96,3.59,0.2957142857142857,85.0,225
806367,Turner Hill,San Francisco Giants,L,OF,FA,6,20.5,0.94,0.955,3.8,0.25213483146067417,89.0,226
687957,Dustin Harris,San Diego Padres,L,OF,FA,6,20.4,0.951,0.989,3.62,0.3389247311827957,93.0,227
642708,Amed Rosario,New York Yankees,R,3B,FA,7,20.3,0.967,0.954,3.14,0.28341463414634144,41.0,228
678662,Ezequiel Tovar,Colorado Rockies,R,SS,FA,6,20.2,1.175,0.918,3.11,0.32171875,65.0,229
691023,Jordan Walker,St. Louis Cardinals,R,OF,CJF,6,20.2,0.805,1.039,4.03,0.2121359223300971,103.0,230
695731,Braden Montgomery,Chicago White Sox,S,OF,CJF,6,20.2,0.985,0.954,3.59,0.257,90.0,231
805805,Walker Jenkins,Minnesota Twins,L,OF,FA,6,20.1,0.978,0.961,3.56,0.2968181818181818,89.0,232
656775,Cedric Mullins,Tampa Bay Rays,L,OF,FA,7,20.0,0.944,0.941,3.22,0.2423728813559322,60.0,233
699393,Pedro Ramírez,Chicago Cubs,S,2B/3B/SS,FA,6,20.0,0.915,0.964,3.78,0.2621428571428572,84.0,234
680776,Jarren Duran,Boston Red Sox,L,OF,CH,6,20.0,0.985,0.967,3.49,0.2575,82.0,235
691011,Drew Romo,Chicago White Sox,S,C,FA,6,20.0,1.059,0.941,3.34,0.32307692307692304,13.0,236
814439,Ryan Waldschmidt,Arizona Diamondbacks,R,OF,FA,6,19.9,1.084,0.957,3.19,0.23097560975609757,42.0,237
813841,Jonah Cox,San Francisco Giants,R,OF,FA,6,19.8,0.918,0.983,3.66,0.27223300970873787,108.0,238
685133,Wade Meckler,Los Angeles Angels,L,OF,FA,6,19.8,0.914,0.966,3.74,0.3551456310679612,104.0,239
695336,Thomas Saggese,St. Louis Cardinals,R,2B/SS/OF,MMM,6,19.7,0.922,0.96,3.7,0.32663265306122446,98.0,240
502671,Paul Goldschmidt,New York Yankees,R,1B,FA,7,19.7,0.899,0.96,3.26,0.3252380952380952,42.0,241
592663,J.T. Realmuto,Philadelphia Phillies,R,C,Dpf,6,19.6,0.904,0.955,3.79,0.20827586206896548,87.0,242
702284,Cole Young,Seattle Mariners,L,2B,FA,6,19.5,0.895,0.936,3.89,0.30369999999999997,100.0,243
643376,Danny Jansen,Texas Rangers,R,C,FA,6,19.5,1.017,0.941,3.4,0.3576923076923077,68.0,244
656976,Pavin Smith,Arizona Diamondbacks,L,1B,FA,6,19.5,1.196,0.943,2.89,0.3751515151515152,33.0,245
682626,Francisco Alvarez,New York Mets,R,C,FA,6,19.4,0.895,0.96,3.76,0.28847222222222224,72.0,246
676609,José Caballero,New York Yankees,R,2B/3B/SS/OF,FA,7,19.4,0.946,0.981,2.99,0.28578125,65.0,247
677595,Ronny Mauricio,New York Mets,S,SS,FA,6,19.3,1.016,0.959,3.31,0.7608333333333333,12.0,248
701675,Nathan Church,St. Louis Cardinals,L,OF,FA,6,19.3,0.956,0.946,3.56,0.2823157894736842,95.0,249
691777,Max Muncy,Athletics,R,3B,FA,6,19.3,1.058,0.941,3.23,0.3254347826086957,46.0,250
695681,Christian Moore,Los Angeles Angels,R,2B,FA,6,19.3,0.9,0.93,3.85,0.2366,100.0,251
641857,Ryan McMahon,New York Yankees,L,3B,FA,7,19.3,1.005,0.927,2.97,0.2494444444444444,54.0,252
657757,Gavin Sheets,San Diego Padres,L,1B/OF,FA,6,19.2,0.983,0.949,3.42,0.37999999999999995,11.0,253
807726,John Peck,Detroit Tigers,R,SS,FA,6,19.1,1.012,0.944,3.33,0.22125,80.0,254
641680,Jonah Heim,Athletics,S,C,GK,6,19.1,0.927,0.94,3.65,0.2217105263157895,76.0,255
664954,Brett Sullivan,Colorado Rockies,L,C,FA,6,19.1,1.107,0.957,3.01,0.19513513513513514,38.0,256
667472,Dane Myers,Cincinnati Reds,R,OF,FA,6,18.9,1.014,0.961,3.23,0.33507692307692305,65.0,257
680574,Matt McLain,Cincinnati Reds,R,2B/SS,FA,6,18.9,0.93,0.948,3.58,0.20099999999999998,81.0,258
680779,Henry Davis,Pittsburgh Pirates,R,C,FA,6,18.9,1.073,0.954,3.08,0.3575,34.0,259
622268,Donovan Walton,Athletics,L,2B/3B/SS,FA,6,18.9,1.05,0.963,3.12,0.3473417721518987,80.0,260
694208,Moisés Ballesteros,Los Angeles Angels,L,C/1B,FA,6,18.7,0.927,0.922,3.64,0.29055555555555557,90.0,261
687401,Joey Ortiz,Milwaukee Brewers,R,3B/SS,FA,6,18.7,1.024,0.947,3.21,0.38066666666666665,75.0,262
608348,Carson Kelly,Chicago Cubs,R,C,FA,6,18.6,0.93,0.971,3.42,0.3184507042253521,71.0,263
665804,Miguel Amaya,Chicago Cubs,R,C,FA,6,18.6,0.974,0.958,3.31,0.3713513513513514,39.0,264
691783,Jordan Lawlar,Arizona Diamondbacks,R,3B/SS/OF,BAMBI,6,18.5,1.12,0.979,2.82,0.3301612903225806,62.0,265
702176,Alan Roden,Minnesota Twins,L,OF,FA,6,18.5,1.012,0.961,3.17,0.5926666666666667,15.0,266
682877,Juan Brito,Cincinnati Reds,S,2B/SS,FA,6,18.5,0.967,0.952,3.35,0.36067796610169495,59.0,267
811965,Joshua Kuroda-Grauer,Athletics,R,3B/SS,Dpf,6,18.4,1.004,0.97,3.15,0.13083333333333333,12.0,268
810938,Ben Williamson,Tampa Bay Rays,R,2B/3B/SS,FA,7,18.4,0.87,0.942,3.21,0.14125,16.0,269
696285,Jacob Young,Washington Nationals,R,OF,FA,6,18.3,1.002,0.984,3.09,0.3067241379310345,59.0,270
683766,Christian Koss,San Francisco Giants,R,2B/3B/SS,FA,6,18.3,0.953,0.918,3.49,0.26064516129032256,98.0,271
605170,Victor Caratini,Minnesota Twins,S,C/1B,FA,6,18.2,0.97,0.933,3.35,0.2502439024390244,41.0,272
665953,Andrés Chaparro,Washington Nationals,R,1B,FA,6,18.1,0.998,0.981,3.08,0.3801538461538461,65.0,273
671976,Tristan Peters,Chicago White Sox,L,OF,Dpf,6,18.1,0.969,0.97,3.2,0.2640229885057472,87.0,274
545121,Ildemaro Vargas,Arizona Diamondbacks,S,1B/2B,FA,6,17.9,1.043,0.94,3.04,0.25920634920634916,63.0,275
573262,Mike Yastrzemski,Atlanta Braves,L,OF,FA,6,17.9,1.044,0.941,3.04,0.28901408450704225,71.0,276
682927,Ronny Simon,Pittsburgh Pirates,S,OF,FA,6,17.9,1.018,0.969,3.02,0.2779411764705882,34.0,277
595978,Austin Hedges,Cleveland Guardians,R,C,FA,6,17.8,0.975,0.935,3.27,0.2753333333333333,45.0,278
681508,Mickey Gasper,Boston Red Sox,S,C/1B/2B,CS,6,17.8,0.961,0.971,3.17,0.3440845070422535,71.0,279
678391,Jorbit Vivas,Washington Nationals,L,2B/3B,FA,6,17.7,1.026,0.909,3.15,0.3134375,65.0,280
624431,Jose Trevino,Cincinnati Reds,R,C,FA,6,17.7,0.979,0.941,3.2,0.12941176470588237,34.0,281
682663,Agustín Ramírez,Miami Marlins,R,C,FA,6,17.7,0.958,0.945,3.26,0.30513888888888885,72.0,282
660688,Keibert Ruiz,Washington Nationals,S,C,FA,6,17.6,0.99,0.98,3.03,0.293125,48.0,283
596142,Gary Sánchez,Milwaukee Brewers,R,C,FA,6,17.5,0.97,0.966,3.12,0.36138888888888887,37.0,284
545341,Randal Grichuk,Chicago White Sox,R,OF,FA,6,17.5,1.038,0.993,2.82,0.39140845070422536,72.0,285
686555,Isaac Collins,Kansas City Royals,S,OF,FA,6,17.5,0.958,0.925,3.3,0.1963888888888889,73.0,286
643217,Andrew Benintendi,Chicago White Sox,L,OF,FA,6,17.5,0.995,0.954,3.06,0.2732394366197183,71.0,287
640902,Jhonny Pereda,Seattle Mariners,R,C,FA,6,17.5,0.874,0.972,3.44,0.4621052631578947,19.0,288
675961,Alika Williams,Athletics,R,2B/3B/SS,FA,6,17.4,1.046,0.933,2.98,0.35090909090909095,66.0,289
661531,Brian Serven,Athletics,R,C,FA,6,17.4,1.018,0.962,2.97,0.21805555555555556,36.0,290
666310,Bo Naylor,Milwaukee Brewers,L,C,FA,6,17.4,1.021,0.933,3.05,0.45249999999999996,8.0,291
682674,Victor Bericoto,San Francisco Giants,R,1B/OF,FA,6,17.4,0.949,0.961,3.18,0.3193103448275862,29.0,292
672275,Patrick Bailey,Cleveland Guardians,S,C,FA,6,17.3,0.999,0.965,2.99,0.3122413793103448,59.0,293
686217,Sal Frelick,Milwaukee Brewers,L,OF,FA,6,17.3,0.949,0.927,3.27,0.1882142857142857,57.0,294
694203,Denzer Guzman,Los Angeles Angels,R,3B/SS,FA,6,17.3,0.893,0.916,3.53,0.2514285714285714,85.0,295
666126,Carlos Cortes,Athletics,L,OF,FA,6,17.2,1.019,0.943,2.99,0.274,65.0,296
702222,Justin Crawford,Philadelphia Phillies,L,OF,FA,6,17.2,1.022,0.952,2.95,0.2760294117647059,69.0,297
668723,Ryan Vilade,Tampa Bay Rays,R,1B/2B/OF,FA,7,17.2,0.856,0.969,2.96,0.25807017543859645,57.0,298
666152,David Hamilton,Milwaukee Brewers,L,2B/3B/SS,FA,6,17.1,0.989,0.971,2.97,0.26767857142857143,57.0,299
663993,Nathaniel Lowe,Cleveland Guardians,L,1B,FA,6,17.0,0.912,0.957,3.24,0.27499999999999997,76.0,300
669357,Nolan Gorman,St. Louis Cardinals,L,2B/3B,FA,6,17.0,0.933,0.912,3.33,0.2198360655737705,61.0,301
668901,Mark Vientos,New York Mets,R,1B/3B,FA,6,16.9,0.964,0.938,3.12,0.2973170731707317,41.0,302
695670,Harry Ford,Washington Nationals,R,C,FA,6,16.8,0.987,0.969,2.92,0.27476190476190476,42.0,303
624424,Michael Conforto,Chicago Cubs,L,OF,FA,6,16.8,0.961,0.971,2.99,0.3647142857142857,71.0,304
683146,Brett Baty,New York Mets,L,1B/2B/3B/OF,FA,6,16.7,1.004,0.944,2.94,0.43703125,64.0,305
695720,Tommy White,Athletics,R,1B/3B,FA,6,16.6,1.013,0.932,2.93,0.22471698113207547,53.0,306
691788,Joe Mack,Miami Marlins,L,C,FA,6,16.5,0.942,0.978,2.98,0.27015625,64.0,307
691785,Marcelo Mayer,San Francisco Giants,L,2B/3B/SS,FA,6,16.5,0.976,0.915,3.08,0.13294117647058823,17.0,308
691002,Yohandy Morales,Washington Nationals,R,1B,GK,6,16.3,0.998,0.983,2.76,0.3557446808510638,47.0,309
595879,Javier Báez,Detroit Tigers,R,2B/3B/SS/OF,FA,6,16.3,0.973,0.934,2.99,0.23526315789473684,38.0,310
553869,Elias Díaz,Texas Rangers,R,C,FA,6,16.2,0.98,0.951,2.9,0.33326923076923076,54.0,311
663604,Brandon Lockridge,Milwaukee Brewers,R,OF,FA,6,16.2,0.991,0.966,2.82,0.625,2.0,312
666211,Taylor Trammell,Houston Astros,L,OF,FA,6,16.2,0.97,0.932,2.97,0.24090909090909088,66.0,313
676439,Hunter Feduccia,Los Angeles Dodgers,L,C,FA,6,16.1,0.955,0.948,2.96,0.20545454545454545,44.0,314
657136,Connor Wong,Boston Red Sox,R,C,FA,6,16.1,0.947,0.947,3.0,0.170625,32.0,315
620443,Luis Torrens,New York Mets,R,C,FA,6,16.0,0.91,0.974,3.01,0.24868421052631576,39.0,316
691026,Masyn Winn,St. Louis Cardinals,R,SS,FA,6,16.0,0.858,0.919,3.38,0.20904761904761904,42.0,317
669016,Brandon Marsh,Philadelphia Phillies,L,OF,Dpf,6,15.9,0.969,0.962,2.85,0.19968750000000002,66.0,318
665877,José Fermín,St. Louis Cardinals,R,2B/3B/OF,FA,6,15.9,0.867,0.936,3.27,0.2667142857142857,70.0,319
663743,Nick Fortes,Tampa Bay Rays,R,C,FA,7,15.9,0.907,0.944,2.65,0.32,42.0,320
664728,Kyle Isbel,Kansas City Royals,L,OF,FA,6,15.9,0.955,0.913,3.04,0.18090909090909094,68.0,321
663494,Bryan Torres,St. Louis Cardinals,L,C/2B/OF,FA,6,15.8,0.929,0.938,3.02,0.23396226415094337,53.0,322
668885,Austin Martin,Minnesota Twins,R,OF,FA,6,15.8,0.93,0.953,2.96,0.12956521739130433,23.0,323
699912,Jose Fernandez,Arizona Diamondbacks,R,1B/3B/SS,FA,6,15.7,1.105,0.951,2.5,0.155,17.0,324
673490,Ha-Seong Kim,Atlanta Braves,R,SS,FA,6,15.7,0.941,0.907,3.07,0.2443396226415094,54.0,325
621438,Tyrone Taylor,Chicago Cubs,R,OF,FA,6,15.7,0.954,0.982,2.79,0.40355555555555556,45.0,326
666023,Freddy Fermin,San Diego Padres,R,C,FA,6,15.6,1.054,0.95,2.59,0.27290322580645165,32.0,327
687597,Jordan Beck,Colorado Rockies,R,OF,FA,6,15.6,1.072,0.933,2.59,0.23113636363636364,44.0,328
694673,Abimelec Ortiz,Washington Nationals,L,1B/OF,FA,6,15.5,0.943,0.943,2.9,0.15054545454545457,56.0,329
665923,Esteury Ruiz,Miami Marlins,R,OF,FA,6,15.3,0.883,1.016,2.84,0.20603448275862069,59.0,330
694197,Angel Genao,Cleveland Guardians,S,2B/3B/SS,FA,6,15.3,0.942,0.936,2.89,0.19272727272727272,66.0,331
694378,Jacob Gonzalez,Pittsburgh Pirates,L,1B/2B/SS,FA,6,15.2,1.06,0.944,2.54,0.33210526315789474,38.0,332
656716,Zach McKinstry,Detroit Tigers,L,2B/3B/SS/OF,FA,6,15.1,0.974,0.911,2.83,0.1789090909090909,55.0,333
655316,Andruw Monasterio,Boston Red Sox,R,2B/SS,FA,6,15.1,0.921,0.933,2.93,0.10578947368421052,38.0,334
694376,Shay Whitcomb,San Francisco Giants,R,2B/3B/OF,FA,6,15.1,0.951,0.944,2.81,0.2653846153846154,79.0,335
694497,Evan Carter,Texas Rangers,L,OF,FA,6,15.0,0.898,0.935,2.98,0.22624999999999998,75.0,336
672724,Oswald Peraza,Los Angeles Angels,R,2B/3B/SS,FA,6,14.9,0.9,0.932,2.96,0.25977272727272727,44.0,337
650559,Bryan De La Cruz,Philadelphia Phillies,R,OF,FA,6,14.9,0.934,0.964,2.75,0.24921052631578944,38.0,338
678545,Osleivis Basabe,San Francisco Giants,R,2B/3B/SS,FA,6,14.8,0.932,0.941,2.8,0.29365384615384615,53.0,339
680728,Adrian Del Castillo,Arizona Diamondbacks,L,C,FA,6,14.8,1.115,0.929,2.39,0.0,5.0,340
701852,Drew Cavanaugh,San Francisco Giants,L,C,FA,6,14.8,0.974,0.948,2.67,0.2772,52.0,341
571771,Enrique Hernández,Los Angeles Dodgers,R,1B/3B/OF,FA,6,14.8,1.036,0.957,2.5,0.2746296296296296,54.0,342
543877,Christian Vázquez,Houston Astros,R,C,FA,6,14.8,0.933,0.932,2.84,0.14478260869565218,23.0,343
666139,Josh Lowe,Los Angeles Angels,L,OF,FA,6,14.7,0.904,0.953,2.85,0.28734375,64.0,344
686668,Brenton Doyle,Chicago White Sox,R,OF,FA,6,14.6,1.074,0.969,2.34,0.341063829787234,47.0,345
683083,Nasim Nuñez,Washington Nationals,S,2B/SS,FA,6,14.6,0.978,0.967,2.58,0.19791666666666666,49.0,346
624641,Edmundo Sosa,Philadelphia Phillies,R,2B/3B/SS/OF,FA,6,14.5,0.946,0.975,2.63,0.4172222222222222,36.0,347
643396,Isiah Kiner-Falefa,Boston Red Sox,R,2B/3B/SS,FA,6,14.5,0.928,0.958,2.71,0.21387755102040817,51.0,348
701162,Ben Malgeri,Detroit Tigers,R,OF,FA,6,14.3,1.048,0.977,2.33,0.35607142857142854,56.0,349
688363,Graham Pauley,Miami Marlins,L,1B/3B,FA,6,14.3,1.034,0.938,2.46,0.39289473684210524,39.0,350
668800,Andrew Knizner,San Francisco Giants,R,C,FA,6,14.3,0.918,0.95,2.73,0.27473684210526317,57.0,351
807713,Matt Shaw,Chicago Cubs,R,2B/3B/OF,FA,6,14.2,0.923,0.96,2.67,0.30519230769230765,54.0,352
687221,Dalton Rushing,Los Angeles Dodgers,L,C,FA,6,14.2,0.969,0.986,2.48,0.09,8.0,353
687551,Drew Gilbert,San Francisco Giants,L,OF,FA,6,14.1,0.923,0.959,2.66,0.33590163934426226,61.0,354
622761,Jorge Mateo,Tampa Bay Rays,R,2B/SS,FA,7,14.0,0.819,0.98,2.49,0.1345762711864407,60.0,355
621493,Taylor Ward,Seattle Mariners,R,OF,FA,6,13.9,0.82,0.925,3.06,0.21216216216216216,37.0,356
668942,Josh Rojas,Kansas City Royals,L,2B/3B,FA,6,13.9,1.044,0.935,2.37,0.2684615384615384,26.0,357
691728,Zac Veen,Colorado Rockies,L,OF,FA,6,13.9,1.143,0.969,2.09,0.29555555555555557,47.0,358
642086,Dominic Smith,Atlanta Braves,L,1B,FA,6,13.8,1.043,0.947,2.32,0.24499999999999997,14.0,359
682177,Daniel Schneemann,Cleveland Guardians,L,2B/3B/OF,FA,6,13.8,1.049,0.95,2.3,0.38099999999999995,10.0,360
806956,Ethan Salas,San Diego Padres,L,C,THALER,6,13.7,0.95,0.964,2.5,0.3135,40.0,361
518595,Travis d'Arnaud,Los Angeles Angels,R,C,FA,6,13.6,0.882,0.943,2.72,0.16899999999999998,20.0,362
669720,Austin Hays,San Diego Padres,R,OF,FA,6,13.6,1.008,0.96,2.35,0.42451612903225805,31.0,363
672356,Gabriel Arias,Chicago Cubs,R,2B/3B/SS,FA,6,13.5,1.037,0.952,2.28,0.49000000000000005,5.0,364
681807,David Fry,Cleveland Guardians,R,1B/OF,FA,6,13.4,1.012,0.932,2.36,0.3615555555555555,45.0,365
683227,Cody Freeman,Texas Rangers,R,2B/3B,FA,6,13.4,0.953,0.943,2.48,0.27384615384615385,40.0,366
642350,Jose Siri,Los Angeles Angels,R,OF,FA,6,13.4,0.892,0.986,2.55,0.29565217391304344,71.0,367
666624,Christopher Morel,New York Mets,R,1B/OF,FA,6,13.4,0.927,0.93,2.59,0.253,20.0,368
681987,Nate Eaton,Boston Red Sox,R,OF,FA,6,13.1,0.989,0.959,2.3,0.2661904761904762,21.0,369
660844,Leo Rivas,Seattle Mariners,S,2B/3B/SS,FA,6,13.1,0.886,0.918,2.68,0.19555555555555557,9.0,370
663330,Jahmai Jones,Boston Red Sox,R,OF,FA,6,13.1,0.99,0.959,2.31,0.27930232558139534,43.0,371
814430,Brett Callahan,Detroit Tigers,L,OF,FA,6,13.0,0.978,0.949,2.34,0.22490566037735849,53.0,372
679822,Justin Foscue,Texas Rangers,R,1B/2B,FA,6,12.8,0.934,0.966,2.35,0.370377358490566,53.0,373
677588,José Tena,Washington Nationals,L,2B/3B/OF,FA,6,12.7,0.983,0.949,2.27,0.16799999999999998,25.0,374
623168,Tyler Heineman,Los Angeles Angels,S,C,FA,6,12.7,0.909,0.93,2.51,0.21484848484848484,35.0,375
668952,Ryan Kreidler,Minnesota Twins,R,2B/3B/SS/OF,FA,6,12.7,1.009,0.95,2.21,0.31341463414634146,41.0,376
500743,Miguel Rojas,Los Angeles Dodgers,R,2B/3B/SS,FA,6,12.6,0.987,0.942,2.27,0.27591836734693875,49.0,377
696030,Alejandro Osuna,Texas Rangers,L,OF,FA,6,12.2,0.943,0.949,2.26,0.35461538461538467,13.0,378
686780,Pedro Pagés,St. Louis Cardinals,R,C,FA,6,12.1,0.953,0.953,2.23,0.37266666666666665,15.0,379
642215,Weston Wilson,Seattle Mariners,R,3B/OF,FA,6,12.1,0.851,0.944,2.51,0.23392156862745098,51.0,380
670032,Nicky Lopez,Texas Rangers,L,2B/3B/SS,FA,6,12.0,0.976,0.925,2.22,0.3587179487179487,44.0,381
664774,LaMonte Wade Jr.,Houston Astros,L,1B/OF,FA,6,11.7,0.975,0.943,2.11,0.27999999999999997,31.0,382
687529,Grant McCray,San Francisco Giants,L,OF,FA,6,11.6,1.003,0.965,2.01,0.2693939393939394,33.0,383
669743,Alex Call,Los Angeles Dodgers,R,OF,FA,6,11.6,0.993,0.935,2.08,0.23687499999999997,32.0,384
669326,Bryce Teodosio,Los Angeles Angels,R,OF,FA,6,11.4,0.897,0.958,2.2,0.23136363636363635,22.0,385
645305,Ali Sánchez,New York Yankees,R,C,FA,7,11.4,0.919,0.943,1.87,0.21333333333333335,25.0,386
690924,Braxton Fulford,Colorado Rockies,R,C,FA,6,11.3,1.144,0.955,1.72,0.26166666666666666,6.0,387
669707,Jared Triolo,Pittsburgh Pirates,R,1B/3B/SS,FA,6,11.3,0.935,0.931,2.17,0.2141666666666667,49.0,388
690984,Petey Halpin,Cleveland Guardians,L,OF,FA,6,11.2,0.979,0.973,1.95,0.28555555555555556,37.0,389
665561,Rafael Marchán,Philadelphia Phillies,S,C,FA,6,11.1,0.772,0.927,2.58,0.0,3.0,390
624428,Adam Frazier,Los Angeles Angels,L,2B/OF,FA,6,10.6,0.892,0.947,2.09,0.20285714285714285,24.0,391
676369,Nelson Velázquez,Houston Astros,R,OF,FA,6,10.2,0.98,0.96,1.81,0.3533333333333333,18.0,392
663647,Ke'Bryan Hayes,Cincinnati Reds,R,3B,FA,6,10.2,0.859,0.903,2.18,0.0567741935483871,31.0,393
672016,Denzel Clarke,Athletics,R,OF,FA,6,9.8,0.996,0.937,1.74,0.2,27.0,394
686475,Tyler Tolbert,Kansas City Royals,R,2B/SS/OF,FA,6,9.6,1.003,1.01,1.58,0.20047619047619047,21.0,395
682668,Luisangel Acuña,Chicago White Sox,R,2B/SS/OF,FA,6,9.6,1.027,0.966,1.61,0.21294117647058822,17.0,396
656537,Derek Hill,Philadelphia Phillies,R,OF,FA,6,9.1,0.945,0.996,1.62,0.3423333333333333,30.0,397
596117,Garrett Stubbs,Philadelphia Phillies,L,C,FA,6,8.7,0.85,0.953,1.8,0.18846153846153849,13.0,398
645302,Victor Robles,Seattle Mariners,R,OF,FA,6,8.6,0.838,0.968,1.77,0.0,4.0,399
640459,Brian Navarreto,Miami Marlins,R,C,FA,6,8.4,0.924,0.954,1.59,0.18777777777777777,19.0,400
669397,Nick Allen,Houston Astros,R,2B/3B/SS,FA,6,8.4,1.004,0.941,1.49,0.44538461538461543,26.0,401
823550,Sung-Mun Song,San Diego Padres,L,2B/SS,FA,6,8.0,0.91,0.965,1.53,0.12894736842105264,20.0,402
678489,Jorge Barrosa,Houston Astros,S,OF,FA,6,7.9,0.96,0.931,1.46,0.88,1.0,403
695508,Cam Cauley,Texas Rangers,R,OF,FA,6,6.7,0.982,0.954,1.19,,0.0,404
687363,Victor Scott II,St. Louis Cardinals,L,OF,FA,6,6.4,0.921,0.947,1.22,0.16,11.0,405
687749,Jase Bowen,San Diego Padres,R,OF,FA,6,5.0,0.895,0.957,0.98,0.12666666666666668,20.0,406
