mlbam_id,name,team,throws,owner,date,gamePk,home,opp,venue,sp_source,opp_woba_vs_hand,opp_k_vs_hand,opp_k_move,opp_k_30,opp_lineup_woba,opp_lineup_shift,park_runs,temp_f,wind_out,precip_prob,local_start,base_gs,pts_gs_2026,pts_all_gs,n_relief,GS,ip_mix,velo_30,dvelo,whiff_30,dwhiff,csw_30,last3_pts,ip_start_3,relief_after_start,days_since_start,dcsw,velo_st,csw_st,whiff_st,new_pitch,pitching_plus,stuff_plus,xera,k_percent,xwoba_against,k_start,woba_30,gs_30,role,ip_gs,n_starts,last5_pts,f_opp,f_park,f_wx,f_home,k_bonus,exp_pts,two_start,week_pts,pl_tier,pl_note,cbs,active,status
669358.0,Shane Baz,Baltimore Orioles,R,THALER,2026-09-21,824787,True,Toronto Blue Jays,Oriole Park at Camden Yards,listed,0.308,0.174,-0.138,0.167,0.316,0.0077,104,65.0,-5.3,52.0,Mon 09/21 06:35 PM,8.36,10.12,10.13,0,30,5.58,95.1,-0.8,14.5,-7.1,24.7,6.1,5.4,0,6.0,-1.5,95.9,26.3,21.6,,95.5,95.5,4.21,20.5,0.315,5.0,,5.0,starter,5.8,31,8.3,1.014,0.981,1.019,1.03,-0.92,7.8,True,16.84,,,,True,Active
702056.0,Trey Yesavage,Toronto Blue Jays,R,BAMBI,2026-09-21,824787,False,Baltimore Orioles,Oriole Park at Camden Yards,listed,0.313,0.261,0.152,0.281,0.31,-0.0031,104,65.0,-5.3,52.0,Mon 09/21 06:35 PM,7.76,9.13,9.7,0,18,3.67,93.1,-1.2,33.3,3.2,32.9,3.3,2.0,0,1.0,4.0,94.2,28.9,30.2,,104.6,106.0,3.4,23.6,0.285,4.8,,2.0,starter,4.9,20,6.7,0.997,0.981,1.019,1.0,0.74,8.46,True,17.380000000000003,,,,True,Active
689981.0,River Ryan,Detroit Tigers,,FA,2026-09-21,824221,True,Washington Nationals,Comerica Park,listed,0.317,0.218,0.081,0.233,0.31,-0.0065,100,57.0,6.0,1.0,Mon 09/21 06:40 PM,7.0,6.0,,0,0,4.65,96.5,0.0,33.3,0.0,32.6,6.0,3.0,0,6.0,0.0,96.5,32.6,33.3,,,,,,,3.0,,1.0,spot/relief,3.0,1,6.0,0.984,1.0,1.008,1.03,-0.07,7.08,True,13.76,,,,True,Active
687792.0,DJ Herz,Washington Nationals,,FA,2026-09-21,824221,False,Detroit Tigers,Comerica Park,listed,0.316,0.234,0.074,0.241,0.329,0.0129,100,57.0,6.0,1.0,Mon 09/21 06:40 PM,6.79,4.0,,0,0,4.9,93.0,0.0,27.6,0.0,28.6,4.0,4.0,0,6.0,0.0,93.0,28.6,27.6,,,,,,,4.0,,1.0,spot/relief,4.0,1,4.0,0.984,1.0,1.008,1.0,0.23,6.97,True,13.79,,,,True,Active
694918.0,Blade Tidwell,San Francisco Giants,R,FA,2026-09-21,823169,True,Minnesota Twins,Oracle Park,listed,0.32,0.208,0.012,0.214,0.326,0.0065,94,59.0,9.0,0.0,Mon 09/21 06:45 PM,7.95,6.74,9.04,8,8,4.91,95.0,0.1,16.9,-2.8,24.2,7.0,4.7,0,6.0,-2.0,94.9,26.2,19.7,,95.5,97.4,4.51,18.9,0.325,4.0,,5.0,starter,5.0,9,6.4,0.973,1.031,0.999,1.03,-0.24,7.96,False,7.96,,,,False,Injured 60-Day
805673.0,Zebby Matthews,Minnesota Twins,R,CH,2026-09-21,823169,False,San Francisco Giants,Oracle Park,listed,0.316,0.233,0.19,0.254,0.314,-0.0013,94,59.0,9.0,0.0,Mon 09/21 06:45 PM,7.99,9.54,9.56,0,22,5.07,95.3,0.1,22.7,0.1,24.7,8.8,4.4,0,6.0,-2.0,95.2,26.6,22.6,,93.9,93.8,4.48,20.5,0.324,5.0,,5.0,starter,5.7,23,9.5,0.987,1.031,0.999,1.0,0.21,8.33,False,8.33,,,,True,Active
607074.0,Carlos Rodón,New York Yankees,L,CJF,2026-09-22,823543,True,Tampa Bay Rays,Yankee Stadium,listed,0.297,0.186,0.058,0.196,0.3,0.0031,102,67.0,-13.0,3.0,Tue 09/22 01:05 PM,10.74,10.9,10.29,0,15,5.89,94.2,-0.2,33.9,4.4,31.2,16.8,6.8,0,5.0,3.7,94.3,27.5,29.5,,105.5,108.6,3.98,26.3,0.307,5.7,,5.0,starter,5.3,16,13.8,1.052,0.99,1.032,1.03,-0.75,11.14,False,11.14,,,,True,Active
607259.0,Nick Martinez,Tampa Bay Rays,R,Dpf,2026-09-22,823543,False,New York Yankees,Yankee Stadium,listed,0.311,0.246,-0.018,0.243,0.316,0.0053,102,67.0,-13.0,3.0,Tue 09/22 01:05 PM,9.24,10.04,9.87,0,29,5.79,92.2,-0.1,18.4,1.1,27.3,11.4,5.8,0,5.0,1.1,92.4,26.2,17.3,,94.3,91.4,4.04,14.8,0.309,3.6,,5.0,starter,5.9,30,11.3,1.004,0.99,1.032,1.0,0.36,9.84,True,19.09,,,,True,Active
605135.0,Chris Bassitt,Baltimore Orioles,R,FA,2026-09-22,824785,True,Toronto Blue Jays,Oriole Park at Camden Yards,listed,0.308,0.174,-0.138,0.167,0.316,0.0077,104,60.0,-8.0,64.0,Tue 09/22 06:35 PM,8.07,6.87,7.94,2,17,5.31,93.1,0.7,21.5,0.9,28.0,9.6,5.6,0,4.0,1.9,92.3,26.1,20.6,,89.6,90.8,4.96,16.4,0.339,3.6,,5.0,starter,5.1,18,8.4,1.014,0.981,1.032,1.03,-0.75,7.78,True,124.48,,,,True,Active
605135.0,Chris Bassitt,Baltimore Orioles,R,FA,2026-09-22,824785,True,Toronto Blue Jays,Oriole Park at Camden Yards,listed,0.308,0.174,-0.138,0.167,0.316,0.0077,104,60.0,-8.0,64.0,Tue 09/22 06:35 PM,8.07,6.87,7.94,2,17,5.31,93.1,0.7,21.5,0.9,28.0,9.6,5.6,0,4.0,1.9,92.3,26.1,20.6,,89.6,90.8,4.96,16.4,0.339,3.6,,5.0,starter,5.1,18,8.4,1.014,0.981,1.032,1.03,-0.75,7.78,True,124.48,,,,True,Active
605135.0,Chris Bassitt,Baltimore Orioles,R,FA,2026-09-22,824785,True,Toronto Blue Jays,Oriole Park at Camden Yards,listed,0.308,0.174,-0.138,0.167,0.316,0.0077,104,60.0,-8.0,64.0,Tue 09/22 06:35 PM,8.07,6.87,7.94,2,17,5.31,93.1,0.7,21.5,0.9,28.0,9.6,5.6,0,4.0,1.9,92.3,26.1,20.6,,89.6,90.8,4.96,16.4,0.339,3.6,,5.0,starter,5.1,18,8.4,1.014,0.981,1.032,1.03,-0.75,7.78,True,124.48,,,,True,Active
605135.0,Chris Bassitt,Baltimore Orioles,R,FA,2026-09-22,824785,True,Toronto Blue Jays,Oriole Park at Camden Yards,listed,0.308,0.174,-0.138,0.167,0.316,0.0077,104,60.0,-8.0,64.0,Tue 09/22 06:35 PM,8.07,6.87,7.94,2,17,5.31,93.1,0.7,21.5,0.9,28.0,9.6,5.6,0,4.0,1.9,92.3,26.1,20.6,,89.6,90.8,4.96,16.4,0.339,3.6,,5.0,starter,5.1,18,8.4,1.014,0.981,1.032,1.03,-0.75,7.78,True,124.48,,,,True,Active
605135.0,Chris Bassitt,Baltimore Orioles,R,FA,2026-09-22,824785,True,Toronto Blue Jays,Oriole Park at Camden Yards,listed,0.308,0.174,-0.138,0.167,0.316,0.0077,104,60.0,-8.0,64.0,Tue 09/22 06:35 PM,8.07,6.87,7.94,2,17,5.31,93.1,0.7,21.5,0.9,28.0,9.6,5.6,0,4.0,1.9,92.3,26.1,20.6,,89.6,90.8,4.96,16.4,0.339,3.6,,5.0,starter,5.1,18,8.4,1.014,0.981,1.032,1.03,-0.75,7.78,True,124.48,,,,True,Active
605135.0,Chris Bassitt,Baltimore Orioles,R,FA,2026-09-22,824785,True,Toronto Blue Jays,Oriole Park at Camden Yards,listed,0.308,0.174,-0.138,0.167,0.316,0.0077,104,60.0,-8.0,64.0,Tue 09/22 06:35 PM,8.07,6.87,7.94,2,17,5.31,93.1,0.7,21.5,0.9,28.0,9.6,5.6,0,4.0,1.9,92.3,26.1,20.6,,89.6,90.8,4.96,16.4,0.339,3.6,,5.0,starter,5.1,18,8.4,1.014,0.981,1.032,1.03,-0.75,7.78,True,124.48,,,,True,Active
605135.0,Chris Bassitt,Baltimore Orioles,R,FA,2026-09-22,824785,True,Toronto Blue Jays,Oriole Park at Camden Yards,listed,0.308,0.174,-0.138,0.167,0.316,0.0077,104,60.0,-8.0,64.0,Tue 09/22 06:35 PM,8.07,6.87,7.94,2,17,5.31,93.1,0.7,21.5,0.9,28.0,9.6,5.6,0,4.0,1.9,92.3,26.1,20.6,,89.6,90.8,4.96,16.4,0.339,3.6,,5.0,starter,5.1,18,8.4,1.014,0.981,1.032,1.03,-0.75,7.78,True,124.48,,,,True,Active
605135.0,Chris Bassitt,Baltimore Orioles,R,FA,2026-09-22,824785,True,Toronto Blue Jays,Oriole Park at Camden Yards,listed,0.308,0.174,-0.138,0.167,0.316,0.0077,104,60.0,-8.0,64.0,Tue 09/22 06:35 PM,8.07,6.87,7.94,2,17,5.31,93.1,0.7,21.5,0.9,28.0,9.6,5.6,0,4.0,1.9,92.3,26.1,20.6,,89.6,90.8,4.96,16.4,0.339,3.6,,5.0,starter,5.1,18,8.4,1.014,0.981,1.032,1.03,-0.75,7.78,True,124.48,,,,True,Active
453286.0,Max Scherzer,Toronto Blue Jays,R,FA,2026-09-22,824785,False,Baltimore Orioles,Oriole Park at Camden Yards,listed,0.313,0.261,0.152,0.281,0.31,-0.0031,104,60.0,-8.0,64.0,Tue 09/22 06:35 PM,6.83,5.98,5.85,0,16,4.85,92.4,-0.5,24.8,4.3,29.1,5.7,5.0,0,4.0,4.3,93.0,24.9,20.4,,87.1,86.4,4.36,17.1,0.32,3.6,,5.0,starter,4.6,17,8.5,0.997,0.981,1.032,1.0,0.62,7.51,True,127.99,,,,True,Active
453286.0,Max Scherzer,Toronto Blue Jays,R,FA,2026-09-22,824785,False,Baltimore Orioles,Oriole Park at Camden Yards,listed,0.313,0.261,0.152,0.281,0.31,-0.0031,104,60.0,-8.0,64.0,Tue 09/22 06:35 PM,6.83,5.98,5.85,0,16,4.85,92.4,-0.5,24.8,4.3,29.1,5.7,5.0,0,4.0,4.3,93.0,24.9,20.4,,87.1,86.4,4.36,17.1,0.32,3.6,,5.0,starter,4.6,17,8.5,0.997,0.981,1.032,1.0,0.62,7.51,True,127.99,,,,True,Active
453286.0,Max Scherzer,Toronto Blue Jays,R,FA,2026-09-22,824785,False,Baltimore Orioles,Oriole Park at Camden Yards,listed,0.313,0.261,0.152,0.281,0.31,-0.0031,104,60.0,-8.0,64.0,Tue 09/22 06:35 PM,6.83,5.98,5.85,0,16,4.85,92.4,-0.5,24.8,4.3,29.1,5.7,5.0,0,4.0,4.3,93.0,24.9,20.4,,87.1,86.4,4.36,17.1,0.32,3.6,,5.0,starter,4.6,17,8.5,0.997,0.981,1.032,1.0,0.62,7.51,True,127.99,,,,True,Active
453286.0,Max Scherzer,Toronto Blue Jays,R,FA,2026-09-22,824785,False,Baltimore Orioles,Oriole Park at Camden Yards,listed,0.313,0.261,0.152,0.281,0.31,-0.0031,104,60.0,-8.0,64.0,Tue 09/22 06:35 PM,6.83,5.98,5.85,0,16,4.85,92.4,-0.5,24.8,4.3,29.1,5.7,5.0,0,4.0,4.3,93.0,24.9,20.4,,87.1,86.4,4.36,17.1,0.32,3.6,,5.0,starter,4.6,17,8.5,0.997,0.981,1.032,1.0,0.62,7.51,True,127.99,,,,True,Active
453286.0,Max Scherzer,Toronto Blue Jays,R,FA,2026-09-22,824785,False,Baltimore Orioles,Oriole Park at Camden Yards,listed,0.313,0.261,0.152,0.281,0.31,-0.0031,104,60.0,-8.0,64.0,Tue 09/22 06:35 PM,6.83,5.98,5.85,0,16,4.85,92.4,-0.5,24.8,4.3,29.1,5.7,5.0,0,4.0,4.3,93.0,24.9,20.4,,87.1,86.4,4.36,17.1,0.32,3.6,,5.0,starter,4.6,17,8.5,0.997,0.981,1.032,1.0,0.62,7.51,True,127.99,,,,True,Active
453286.0,Max Scherzer,Toronto Blue Jays,R,FA,2026-09-22,824785,False,Baltimore Orioles,Oriole Park at Camden Yards,listed,0.313,0.261,0.152,0.281,0.31,-0.0031,104,60.0,-8.0,64.0,Tue 09/22 06:35 PM,6.83,5.98,5.85,0,16,4.85,92.4,-0.5,24.8,4.3,29.1,5.7,5.0,0,4.0,4.3,93.0,24.9,20.4,,87.1,86.4,4.36,17.1,0.32,3.6,,5.0,starter,4.6,17,8.5,0.997,0.981,1.032,1.0,0.62,7.51,True,127.99,,,,True,Active
453286.0,Max Scherzer,Toronto Blue Jays,R,FA,2026-09-22,824785,False,Baltimore Orioles,Oriole Park at Camden Yards,listed,0.313,0.261,0.152,0.281,0.31,-0.0031,104,60.0,-8.0,64.0,Tue 09/22 06:35 PM,6.83,5.98,5.85,0,16,4.85,92.4,-0.5,24.8,4.3,29.1,5.7,5.0,0,4.0,4.3,93.0,24.9,20.4,,87.1,86.4,4.36,17.1,0.32,3.6,,5.0,starter,4.6,17,8.5,0.997,0.981,1.032,1.0,0.62,7.51,True,127.99,,,,True,Active
453286.0,Max Scherzer,Toronto Blue Jays,R,FA,2026-09-22,824785,False,Baltimore Orioles,Oriole Park at Camden Yards,listed,0.313,0.261,0.152,0.281,0.31,-0.0031,104,60.0,-8.0,64.0,Tue 09/22 06:35 PM,6.83,5.98,5.85,0,16,4.85,92.4,-0.5,24.8,4.3,29.1,5.7,5.0,0,4.0,4.3,93.0,24.9,20.4,,87.1,86.4,4.36,17.1,0.32,3.6,,5.0,starter,4.6,17,8.5,0.997,0.981,1.032,1.0,0.62,7.51,True,127.99,,,,True,Active
683003.0,Jared Jones,Pittsburgh Pirates,R,Dan,2026-09-22,823328,True,St. Louis Cardinals,PNC Park,listed,0.302,0.236,0.166,0.241,0.306,0.0043,102,59.0,-5.7,12.0,Tue 09/22 06:40 PM,12.02,9.88,9.35,0,19,5.56,98.1,-0.2,36.8,4.3,35.8,16.7,6.3,0,5.0,4.5,98.2,31.2,32.5,,115.7,116.4,3.45,28.7,0.287,5.9,,5.0,starter,4.9,20,15.3,1.035,0.99,1.029,1.03,0.29,13.34,True,25.16,,,,True,Active
669467.0,Andre Pallante,St. Louis Cardinals,R,CS,2026-09-22,823328,False,Pittsburgh Pirates,PNC Park,listed,0.328,0.224,-0.088,0.222,0.334,0.006,102,59.0,-5.7,12.0,Tue 09/22 06:40 PM,9.32,8.57,8.48,0,27,5.44,95.7,0.4,20.8,-0.6,21.9,6.7,5.3,0,5.0,-4.9,95.2,26.7,21.4,,96.6,97.8,4.04,16.5,0.309,3.8,,4.0,starter,5.6,28,6.4,0.942,0.99,1.029,1.0,0.04,8.99,True,18.130000000000003,,,,True,Active
554430.0,Zack Wheeler,Philadelphia Phillies,R,GLIZZY,2026-09-22,823412,True,Milwaukee Brewers,Citizens Bank Park,listed,0.331,0.239,0.14,0.245,0.334,0.0025,104,62.0,-6.0,31.0,Tue 09/22 06:40 PM,13.18,13.15,13.13,0,26,6.07,95.5,0.3,31.6,0.7,29.2,16.2,6.6,0,5.0,-0.2,95.2,29.4,30.9,,114.6,112.8,2.99,29.5,0.268,7.0,,5.0,starter,5.8,27,16.3,0.932,0.981,1.025,1.03,0.42,13.13,True,25.57,,,,True,Active
669160.0,Dustin May,Milwaukee Brewers,R,THALER,2026-09-22,823412,False,Philadelphia Phillies,Citizens Bank Park,listed,0.306,0.2,-0.16,0.188,0.32,0.0143,104,62.0,-6.0,31.0,Tue 09/22 06:40 PM,7.03,9.15,9.51,0,29,3.72,96.5,-0.4,27.3,4.1,28.5,3.8,2.4,0,1.0,0.2,96.9,28.3,23.1,,102.2,101.9,4.42,22.9,0.322,4.6,,6.0,starter,4.7,31,6.8,1.021,0.981,1.025,1.0,-0.4,6.81,True,14.71,,,,True,Active
623454.0,Drew Anderson,Detroit Tigers,R,FA,2026-09-22,824222,True,Washington Nationals,Comerica Park,listed,0.317,0.218,0.081,0.233,0.31,-0.0065,100,62.0,2.2,0.0,Tue 09/22 06:40 PM,9.06,8.06,15.2,38,10,5.1,94.3,-0.7,24.6,-1.8,26.0,9.1,5.4,0,5.0,-2.0,95.0,28.1,26.4,,103.1,103.5,3.81,25.1,0.301,4.4,,5.0,starter,4.7,11,9.3,0.984,1.0,1.008,1.03,-0.06,9.19,False,9.19,,,,True,Active
683000.0,Riley Cornelio,Washington Nationals,R,FA,2026-09-22,824222,False,Detroit Tigers,Comerica Park,listed,0.316,0.234,0.074,0.241,0.329,0.0129,100,62.0,2.2,0.0,Tue 09/22 06:40 PM,6.99,6.56,22.5,14,2,3.88,90.0,0.0,50.0,0.0,37.3,6.6,2.6,0,5.0,0.0,90.0,37.3,50.0,,,,,,,4.0,,3.0,opener/bulk,2.6,3,6.6,0.984,1.0,1.008,1.0,0.22,7.16,False,7.16,,,,True,Active
801139.0,Payton Tolle,Boston Red Sox,L,BB,2026-09-22,824709,True,Cleveland Guardians,Fenway Park,listed,0.297,0.195,-0.175,0.177,0.294,-0.0037,106,57.0,-6.0,0.0,Tue 09/22 06:45 PM,13.41,12.37,12.52,0,25,5.74,96.2,0.1,33.1,5.0,34.3,15.6,5.9,0,5.0,5.0,96.1,29.2,28.1,,116.0,114.2,2.66,28.9,0.253,6.6,,4.0,starter,5.7,26,12.9,1.051,0.971,1.033,1.03,-0.63,13.92,False,13.92,,,,True,Active
800048.0,Parker Messick,Cleveland Guardians,L,BAMBI,2026-09-22,824709,False,Boston Red Sox,Fenway Park,listed,0.32,0.232,0.131,0.24,0.308,-0.0125,106,57.0,-6.0,0.0,Tue 09/22 06:45 PM,12.01,12.2,12.31,0,30,5.64,94.8,0.4,26.1,0.1,28.3,11.1,5.4,0,5.0,0.1,94.3,28.2,26.0,,108.7,108.3,3.11,26.2,0.273,6.2,,5.0,starter,5.9,31,13.3,0.971,0.971,1.033,1.0,0.22,11.9,True,23.98,,,,True,Active
608331.0,Max Fried,New York Yankees,L,GK,2026-09-22,823494,True,Tampa Bay Rays,Yankee Stadium,listed,0.297,0.186,0.058,0.196,0.3,0.0031,102,64.0,-7.4,0.0,Tue 09/22 07:05 PM,11.99,10.68,10.89,0,19,5.59,91.4,-0.5,26.7,1.7,28.4,10.7,5.7,0,5.0,-0.0,91.9,28.4,24.9,,109.1,109.5,2.5,24.6,0.245,5.2,,5.0,starter,5.6,20,9.5,1.052,0.99,1.024,1.03,-0.71,12.47,False,12.47,,,,True,Active
656876.0,Drew Rasmussen,Tampa Bay Rays,R,GLIZZY,2026-09-22,823494,False,New York Yankees,Yankee Stadium,listed,0.311,0.246,-0.018,0.243,0.316,0.0053,102,64.0,-7.4,0.0,Tue 09/22 07:05 PM,11.95,12.23,11.94,0,29,5.91,89.8,-0.2,23.0,-1.7,29.6,14.2,6.2,0,5.0,0.5,90.0,29.1,24.7,,110.1,108.7,3.13,25.3,0.274,5.8,,5.0,starter,5.7,30,14.7,1.004,0.99,1.024,1.0,0.52,12.69,False,12.69,,,,True,Active
702275.0,JR Ritchie,Atlanta Braves,R,FA,2026-09-22,824867,True,Cincinnati Reds,Truist Park,listed,0.303,0.263,0.055,0.267,0.309,0.0053,100,78.0,-1.5,9.0,Tue 09/22 07:15 PM,7.65,7.13,9.96,6,9,4.85,95.4,0.8,23.1,0.4,26.8,7.2,4.6,0,5.0,0.8,94.6,26.0,22.7,,93.0,96.0,5.3,20.9,0.349,4.9,,2.0,starter,4.9,10,6.7,1.031,1.0,0.991,1.03,0.78,8.82,True,16.07,,,,True,Active
682227.0,Brandon Williamson,Cincinnati Reds,L,FA,2026-09-22,824867,False,Atlanta Braves,Truist Park,listed,0.303,0.212,-0.02,0.213,0.293,-0.0101,100,78.0,-1.5,9.0,Tue 09/22 07:15 PM,6.83,6.42,7.38,3,7,4.94,91.0,2.1,25.6,1.2,29.9,7.4,4.8,0,5.0,4.4,88.9,25.5,24.3,,,,,,,3.2,,2.0,starter,4.9,8,6.2,1.032,1.0,0.991,1.0,-0.16,6.83,True,13.51,,,,True,Active
663738.0,Daniel Lynch IV,Kansas City Royals,L,FA,2026-09-22,824061,True,Chicago White Sox,Kauffman Stadium,listed,0.325,0.254,0.066,0.255,0.318,-0.0077,104,70.0,-6.9,0.0,Tue 09/22 06:40 PM,8.32,2.96,11.83,46,8,4.49,93.4,-0.1,14.4,-1.1,23.5,3.7,4.7,0,5.0,-1.3,93.5,24.8,15.5,,100.6,101.1,4.04,16.7,0.309,2.1,,5.0,starter,3.9,9,3.1,0.953,0.981,1.014,1.03,0.44,8.57,True,17.07,,,,True,Active
641743.0,Anthony Kay,Chicago White Sox,L,GK,2026-09-22,824061,False,Kansas City Royals,Kauffman Stadium,listed,0.303,0.218,-0.008,0.208,0.298,-0.0054,104,70.0,-6.9,0.0,Tue 09/22 06:40 PM,6.4,7.33,7.62,2,29,4.5,95.5,-0.4,19.6,-3.9,25.0,4.7,4.0,0,5.0,-1.4,95.9,26.4,23.5,,92.6,92.6,4.99,18.1,0.34,4.1,,5.0,starter,4.9,30,4.2,1.031,0.981,1.014,1.0,-0.07,6.49,True,13.67,,,,True,Active
684007.0,Shota Imanaga,Chicago Cubs,L,GK,2026-09-22,824624,True,Miami Marlins,Wrigley Field,listed,0.301,0.234,0.038,0.225,0.315,0.0143,96,60.0,-10.7,2.0,Tue 09/22 06:40 PM,10.68,10.59,10.58,0,30,5.59,91.6,0.0,33.2,3.4,29.6,13.3,5.7,0,5.0,0.5,91.6,29.1,29.8,,106.6,105.3,3.81,24.0,0.301,5.5,,5.0,starter,5.6,31,11.2,1.038,1.021,1.038,1.03,0.25,12.35,True,23.240000000000002,,,,True,Active
676083.0,Janson Junk,Miami Marlins,R,FA,2026-09-22,824624,False,Chicago Cubs,Wrigley Field,listed,0.329,0.194,-0.171,0.18,0.33,0.0002,96,60.0,-10.7,2.0,Tue 09/22 06:40 PM,5.91,6.54,6.39,1,23,4.39,93.7,-0.3,11.3,-3.4,22.0,4.0,3.7,0,5.0,-2.5,94.0,24.5,14.8,,85.0,83.8,4.42,16.0,0.322,3.5,,5.0,starter,4.9,24,5.1,0.939,1.021,1.038,1.0,-0.42,5.46,True,11.33,,,,True,Active
669022.0,MacKenzie Gore,Texas Rangers,L,GLIZZY,2026-09-22,822840,True,New York Mets,Globe Life Field,listed,0.299,0.217,-0.086,0.207,0.301,0.0013,88,91.0,0.0,3.0,Tue 09/22 07:05 PM,8.09,8.9,8.99,0,32,4.79,94.4,-0.8,13.8,-11.9,18.9,3.0,4.3,0,5.0,-7.6,95.2,26.5,25.6,,103.4,104.6,4.09,23.9,0.311,5.3,,5.0,starter,5.2,33,3.3,1.045,1.066,1.0,1.03,-0.1,9.19,True,17.479999999999997,,,,True,Active
640455.0,Sean Manaea,New York Mets,L,FA,2026-09-22,822840,False,Texas Rangers,Globe Life Field,listed,0.331,0.248,0.073,0.244,0.326,-0.0051,88,91.0,0.0,3.0,Tue 09/22 07:05 PM,7.97,9.7,13.04,14,17,5.5,91.8,-0.0,17.7,-4.0,26.5,10.4,5.4,0,5.0,-0.2,91.8,26.7,21.7,,92.4,92.0,4.89,22.0,0.337,5.3,,4.0,starter,5.6,18,7.3,0.933,1.066,1.0,1.0,0.52,8.44,True,16.28,,,,True,Active
607536.0,Kyle Freeland,Colorado Rockies,L,FA,2026-09-22,824302,True,Arizona Diamondbacks,Coors Field,listed,0.337,0.192,0.11,0.212,0.331,-0.0057,125,73.0,-4.4,31.0,Tue 09/22 06:40 PM,6.16,6.69,6.97,1,24,4.49,,,,,,2.2,3.6,0,5.0,,91.4,27.7,22.5,,89.7,87.9,5.33,18.1,0.35,4.2,,2.0,starter,5.3,25,5.2,0.912,0.894,1.005,1.03,-0.52,4.68,True,11.21,,,,True,Active
647336.0,Michael Soroka,Arizona Diamondbacks,R,FA,2026-09-22,824302,False,Colorado Rockies,Coors Field,listed,0.327,0.222,0.012,0.23,0.333,0.0068,125,73.0,-4.4,31.0,Tue 09/22 06:40 PM,9.02,10.37,10.18,1,19,5.23,,,,,,9.8,5.1,0,5.0,,93.5,27.1,22.0,,99.1,97.7,4.21,23.5,0.315,5.3,,2.0,starter,5.4,20,9.3,0.949,0.894,1.005,1.0,-0.01,7.68,True,16.560000000000002,,,,True,Active
669302.0,Logan Gilbert,Seattle Mariners,R,BB,2026-09-22,823089,True,Houston Astros,T-Mobile Park,listed,0.319,0.231,0.081,0.234,0.327,0.0084,85,64.0,0.0,1.0,Tue 09/22 06:40 PM,12.2,11.55,11.83,0,30,5.72,96.8,0.4,35.3,5.0,29.4,12.3,5.7,0,5.0,-0.5,96.3,29.9,30.3,,114.8,113.8,3.63,27.2,0.294,6.4,,5.0,starter,5.9,31,10.1,0.977,1.085,1.0,1.03,0.22,13.54,True,28.86,,,,True,Active
664299.0,Cristian Javier,Houston Astros,R,FA,2026-09-22,823089,False,Seattle Mariners,T-Mobile Park,listed,0.312,0.221,-0.04,0.223,0.317,0.0045,85,64.0,0.0,1.0,Tue 09/22 06:40 PM,8.44,5.64,8.18,5,11,4.47,93.4,0.3,33.1,4.7,28.8,7.8,4.4,0,5.0,2.2,93.1,26.6,28.4,,103.6,103.4,4.73,21.3,0.332,3.5,,4.0,starter,4.1,12,8.9,0.999,1.085,1.0,1.0,-0.01,9.14,False,9.14,,,,False,Injured 15-Day
669620.0,Brady Basso,Athletics,L,FA,2026-09-22,824953,True,Los Angeles Angels,Sutter Health Park,listed,0.304,0.257,0.065,0.268,0.293,-0.0107,100,76.0,4.8,0.0,Tue 09/22 06:40 PM,4.96,2.1,7.5,18,6,3.4,91.8,-0.3,20.0,1.0,23.1,1.9,2.9,0,5.0,-0.1,92.1,23.2,19.0,,,,,,,1.7,,4.0,opener/bulk,2.4,7,1.2,1.029,1.0,0.982,1.03,0.49,5.65,False,5.65,,,,True,Active
579328.0,Yusei Kikuchi,Los Angeles Angels,L,FA,2026-09-22,824953,False,Athletics,Sutter Health Park,listed,0.315,0.238,-0.038,0.217,0.328,0.0134,100,76.0,4.8,0.0,Tue 09/22 06:40 PM,8.15,7.74,7.94,0,12,4.78,95.8,0.2,23.3,-1.8,27.2,5.9,4.6,0,5.0,-0.2,95.6,27.3,25.1,,100.9,102.6,4.96,22.3,0.339,4.6,,5.0,starter,4.8,13,9.7,0.989,1.0,0.982,1.0,0.29,8.2,True,17.979999999999997,,,,True,Active
683627.0,Anthony Molina,San Francisco Giants,R,FA,2026-09-22,823166,True,Minnesota Twins,Oracle Park,listed,0.32,0.208,0.012,0.214,0.326,0.0065,94,59.0,11.0,0.0,Tue 09/22 06:45 PM,7.8,8.93,10.0,4,4,5.02,96.2,0.0,26.7,0.0,29.6,8.6,4.9,0,5.0,0.0,96.2,29.6,26.7,,,,,,,5.6,,5.0,starter,4.9,5,8.9,0.973,1.031,0.995,1.03,-0.28,7.74,False,7.74,,,,True,Active
671737.0,Taj Bradley,Minnesota Twins,R,GLIZZY,2026-09-22,823166,False,San Francisco Giants,Oracle Park,listed,0.316,0.233,0.19,0.254,0.314,-0.0013,94,59.0,11.0,0.0,Tue 09/22 06:45 PM,11.67,11.91,11.81,0,30,5.97,97.8,0.6,33.1,5.7,31.6,16.0,6.3,0,5.0,2.8,97.2,28.9,27.5,,108.0,109.5,3.98,27.5,0.307,6.6,,5.0,starter,5.8,31,14.8,0.987,1.031,0.995,1.0,0.26,12.08,False,12.08,,,,True,Active
592779.0,Brock Stewart,Los Angeles Dodgers,R,FA,2026-09-22,823897,True,San Diego Padres,UNIQLO Field at Dodger Stadium,listed,0.315,0.21,-0.047,0.207,0.318,0.0032,102,67.0,3.4,0.0,Tue 09/22 07:10 PM,6.58,2.0,,27,0,4.15,,,,,,2.0,1.0,1,5.0,,,,,,,,,,,1.0,,1.0,spot/relief,1.0,1,2.0,0.991,0.99,0.998,1.03,-0.21,6.43,False,6.43,,,,True,Active
650633.0,Michael King,San Diego Padres,R,CS,2026-09-22,823897,False,Los Angeles Dodgers,UNIQLO Field at Dodger Stadium,listed,0.333,0.202,-0.042,0.197,0.328,-0.0053,102,67.0,3.4,0.0,Tue 09/22 07:10 PM,10.24,10.94,11.16,0,31,5.68,93.8,0.6,22.8,-1.8,27.8,10.0,5.7,0,5.0,-0.4,93.2,28.2,24.6,,102.4,101.7,4.39,20.9,0.321,5.0,,5.0,starter,5.8,32,11.8,0.926,0.99,0.998,1.0,-0.38,8.99,False,8.99,,,,True,Active
664285.0,Framber Valdez,Detroit Tigers,L,LTTA,2026-09-23,824223,True,Washington Nationals,Comerica Park,listed,0.335,0.248,0.081,0.233,0.329,-0.0061,100,62.0,-1.4,19.0,Wed 09/23 01:10 PM,8.31,9.52,9.52,0,30,5.5,93.8,-0.0,24.0,3.4,27.3,10.4,5.4,0,4.0,0.3,93.8,27.0,20.6,,91.5,91.4,4.42,17.5,0.322,4.4,,5.0,starter,5.6,31,11.5,0.92,1.0,1.015,1.03,0.45,8.43,False,8.43,,,,True,Active
663992.0,Richard Lovelady,Washington Nationals,L,FA,2026-09-23,824223,False,Detroit Tigers,Comerica Park,listed,0.313,0.24,0.074,0.241,0.333,0.0202,100,62.0,-1.4,19.0,Wed 09/23 01:10 PM,5.21,2.28,7.93,32,5,2.7,89.7,-0.9,0.0,-15.0,15.8,2.4,1.4,1,4.0,-12.0,90.6,28.5,16.4,,,,,,,1.2,,1.0,opener/bulk,1.4,6,1.7,0.998,1.0,1.015,1.0,0.25,5.53,False,5.53,,,,True,Active
605135.0,Chris Bassitt,Baltimore Orioles,R,FA,2026-09-23,824785,True,Toronto Blue Jays,Oriole Park at Camden Yards,listed,0.308,0.174,-0.138,0.167,0.316,0.0077,104,60.0,-8.0,64.0,Tue 09/22 06:35 PM,8.07,6.87,7.94,2,17,5.31,93.1,0.7,21.5,0.9,28.0,9.6,5.6,0,4.0,1.9,92.3,26.1,20.6,,89.6,90.8,4.96,16.4,0.339,3.6,,5.0,starter,5.1,18,8.4,1.014,0.981,1.032,1.03,-0.75,7.78,True,124.48,,,,True,Active
605135.0,Chris Bassitt,Baltimore Orioles,R,FA,2026-09-23,824785,True,Toronto Blue Jays,Oriole Park at Camden Yards,listed,0.308,0.174,-0.138,0.167,0.316,0.0077,104,60.0,-8.0,64.0,Tue 09/22 06:35 PM,8.07,6.87,7.94,2,17,5.31,93.1,0.7,21.5,0.9,28.0,9.6,5.6,0,4.0,1.9,92.3,26.1,20.6,,89.6,90.8,4.96,16.4,0.339,3.6,,5.0,starter,5.1,18,8.4,1.014,0.981,1.032,1.03,-0.75,7.78,True,124.48,,,,True,Active
605135.0,Chris Bassitt,Baltimore Orioles,R,FA,2026-09-23,824785,True,Toronto Blue Jays,Oriole Park at Camden Yards,listed,0.308,0.174,-0.138,0.167,0.316,0.0077,104,60.0,-8.0,64.0,Tue 09/22 06:35 PM,8.07,6.87,7.94,2,17,5.31,93.1,0.7,21.5,0.9,28.0,9.6,5.6,0,4.0,1.9,92.3,26.1,20.6,,89.6,90.8,4.96,16.4,0.339,3.6,,5.0,starter,5.1,18,8.4,1.014,0.981,1.032,1.03,-0.75,7.78,True,124.48,,,,True,Active
605135.0,Chris Bassitt,Baltimore Orioles,R,FA,2026-09-23,824785,True,Toronto Blue Jays,Oriole Park at Camden Yards,listed,0.308,0.174,-0.138,0.167,0.316,0.0077,104,60.0,-8.0,64.0,Tue 09/22 06:35 PM,8.07,6.87,7.94,2,17,5.31,93.1,0.7,21.5,0.9,28.0,9.6,5.6,0,4.0,1.9,92.3,26.1,20.6,,89.6,90.8,4.96,16.4,0.339,3.6,,5.0,starter,5.1,18,8.4,1.014,0.981,1.032,1.03,-0.75,7.78,True,124.48,,,,True,Active
605135.0,Chris Bassitt,Baltimore Orioles,R,FA,2026-09-23,824785,True,Toronto Blue Jays,Oriole Park at Camden Yards,listed,0.308,0.174,-0.138,0.167,0.316,0.0077,104,60.0,-8.0,64.0,Tue 09/22 06:35 PM,8.07,6.87,7.94,2,17,5.31,93.1,0.7,21.5,0.9,28.0,9.6,5.6,0,4.0,1.9,92.3,26.1,20.6,,89.6,90.8,4.96,16.4,0.339,3.6,,5.0,starter,5.1,18,8.4,1.014,0.981,1.032,1.03,-0.75,7.78,True,124.48,,,,True,Active
605135.0,Chris Bassitt,Baltimore Orioles,R,FA,2026-09-23,824785,True,Toronto Blue Jays,Oriole Park at Camden Yards,listed,0.308,0.174,-0.138,0.167,0.316,0.0077,104,60.0,-8.0,64.0,Tue 09/22 06:35 PM,8.07,6.87,7.94,2,17,5.31,93.1,0.7,21.5,0.9,28.0,9.6,5.6,0,4.0,1.9,92.3,26.1,20.6,,89.6,90.8,4.96,16.4,0.339,3.6,,5.0,starter,5.1,18,8.4,1.014,0.981,1.032,1.03,-0.75,7.78,True,124.48,,,,True,Active
605135.0,Chris Bassitt,Baltimore Orioles,R,FA,2026-09-23,824785,True,Toronto Blue Jays,Oriole Park at Camden Yards,listed,0.308,0.174,-0.138,0.167,0.316,0.0077,104,60.0,-8.0,64.0,Tue 09/22 06:35 PM,8.07,6.87,7.94,2,17,5.31,93.1,0.7,21.5,0.9,28.0,9.6,5.6,0,4.0,1.9,92.3,26.1,20.6,,89.6,90.8,4.96,16.4,0.339,3.6,,5.0,starter,5.1,18,8.4,1.014,0.981,1.032,1.03,-0.75,7.78,True,124.48,,,,True,Active
605135.0,Chris Bassitt,Baltimore Orioles,R,FA,2026-09-23,824785,True,Toronto Blue Jays,Oriole Park at Camden Yards,listed,0.308,0.174,-0.138,0.167,0.316,0.0077,104,60.0,-8.0,64.0,Tue 09/22 06:35 PM,8.07,6.87,7.94,2,17,5.31,93.1,0.7,21.5,0.9,28.0,9.6,5.6,0,4.0,1.9,92.3,26.1,20.6,,89.6,90.8,4.96,16.4,0.339,3.6,,5.0,starter,5.1,18,8.4,1.014,0.981,1.032,1.03,-0.75,7.78,True,124.48,,,,True,Active
453286.0,Max Scherzer,Toronto Blue Jays,R,FA,2026-09-23,824785,False,Baltimore Orioles,Oriole Park at Camden Yards,listed,0.313,0.261,0.152,0.281,0.31,-0.0031,104,60.0,-8.0,64.0,Tue 09/22 06:35 PM,6.83,5.98,5.85,0,16,4.85,92.4,-0.5,24.8,4.3,29.1,5.7,5.0,0,4.0,4.3,93.0,24.9,20.4,,87.1,86.4,4.36,17.1,0.32,3.6,,5.0,starter,4.6,17,8.5,0.997,0.981,1.032,1.0,0.62,7.51,True,127.99,,,,True,Active
453286.0,Max Scherzer,Toronto Blue Jays,R,FA,2026-09-23,824785,False,Baltimore Orioles,Oriole Park at Camden Yards,listed,0.313,0.261,0.152,0.281,0.31,-0.0031,104,60.0,-8.0,64.0,Tue 09/22 06:35 PM,6.83,5.98,5.85,0,16,4.85,92.4,-0.5,24.8,4.3,29.1,5.7,5.0,0,4.0,4.3,93.0,24.9,20.4,,87.1,86.4,4.36,17.1,0.32,3.6,,5.0,starter,4.6,17,8.5,0.997,0.981,1.032,1.0,0.62,7.51,True,127.99,,,,True,Active
453286.0,Max Scherzer,Toronto Blue Jays,R,FA,2026-09-23,824785,False,Baltimore Orioles,Oriole Park at Camden Yards,listed,0.313,0.261,0.152,0.281,0.31,-0.0031,104,60.0,-8.0,64.0,Tue 09/22 06:35 PM,6.83,5.98,5.85,0,16,4.85,92.4,-0.5,24.8,4.3,29.1,5.7,5.0,0,4.0,4.3,93.0,24.9,20.4,,87.1,86.4,4.36,17.1,0.32,3.6,,5.0,starter,4.6,17,8.5,0.997,0.981,1.032,1.0,0.62,7.51,True,127.99,,,,True,Active
453286.0,Max Scherzer,Toronto Blue Jays,R,FA,2026-09-23,824785,False,Baltimore Orioles,Oriole Park at Camden Yards,listed,0.313,0.261,0.152,0.281,0.31,-0.0031,104,60.0,-8.0,64.0,Tue 09/22 06:35 PM,6.83,5.98,5.85,0,16,4.85,92.4,-0.5,24.8,4.3,29.1,5.7,5.0,0,4.0,4.3,93.0,24.9,20.4,,87.1,86.4,4.36,17.1,0.32,3.6,,5.0,starter,4.6,17,8.5,0.997,0.981,1.032,1.0,0.62,7.51,True,127.99,,,,True,Active
453286.0,Max Scherzer,Toronto Blue Jays,R,FA,2026-09-23,824785,False,Baltimore Orioles,Oriole Park at Camden Yards,listed,0.313,0.261,0.152,0.281,0.31,-0.0031,104,60.0,-8.0,64.0,Tue 09/22 06:35 PM,6.83,5.98,5.85,0,16,4.85,92.4,-0.5,24.8,4.3,29.1,5.7,5.0,0,4.0,4.3,93.0,24.9,20.4,,87.1,86.4,4.36,17.1,0.32,3.6,,5.0,starter,4.6,17,8.5,0.997,0.981,1.032,1.0,0.62,7.51,True,127.99,,,,True,Active
453286.0,Max Scherzer,Toronto Blue Jays,R,FA,2026-09-23,824785,False,Baltimore Orioles,Oriole Park at Camden Yards,listed,0.313,0.261,0.152,0.281,0.31,-0.0031,104,60.0,-8.0,64.0,Tue 09/22 06:35 PM,6.83,5.98,5.85,0,16,4.85,92.4,-0.5,24.8,4.3,29.1,5.7,5.0,0,4.0,4.3,93.0,24.9,20.4,,87.1,86.4,4.36,17.1,0.32,3.6,,5.0,starter,4.6,17,8.5,0.997,0.981,1.032,1.0,0.62,7.51,True,127.99,,,,True,Active
453286.0,Max Scherzer,Toronto Blue Jays,R,FA,2026-09-23,824785,False,Baltimore Orioles,Oriole Park at Camden Yards,listed,0.313,0.261,0.152,0.281,0.31,-0.0031,104,60.0,-8.0,64.0,Tue 09/22 06:35 PM,6.83,5.98,5.85,0,16,4.85,92.4,-0.5,24.8,4.3,29.1,5.7,5.0,0,4.0,4.3,93.0,24.9,20.4,,87.1,86.4,4.36,17.1,0.32,3.6,,5.0,starter,4.6,17,8.5,0.997,0.981,1.032,1.0,0.62,7.51,True,127.99,,,,True,Active
453286.0,Max Scherzer,Toronto Blue Jays,R,FA,2026-09-23,824785,False,Baltimore Orioles,Oriole Park at Camden Yards,listed,0.313,0.261,0.152,0.281,0.31,-0.0031,104,60.0,-8.0,64.0,Tue 09/22 06:35 PM,6.83,5.98,5.85,0,16,4.85,92.4,-0.5,24.8,4.3,29.1,5.7,5.0,0,4.0,4.3,93.0,24.9,20.4,,87.1,86.4,4.36,17.1,0.32,3.6,,5.0,starter,4.6,17,8.5,0.997,0.981,1.032,1.0,0.62,7.51,True,127.99,,,,True,Active
702885.0,Cesar Perdomo,San Francisco Giants,L,FA,2026-09-23,823168,True,Minnesota Twins,Oracle Park,listed,0.299,0.225,0.012,0.214,0.305,0.0052,94,74.0,-2.2,0.0,Wed 09/23 12:45 PM,6.92,6.42,9.11,1,3,5.1,93.0,0.0,16.1,0.0,23.1,3.9,4.9,0,4.0,0.0,93.0,23.1,16.1,,,,,,,2.5,,4.0,starter,5.2,4,6.4,1.044,1.031,0.998,1.03,0.05,7.71,False,7.71,,,,False,Reassigned to Minors
687570.0,Connor Prielipp,Minnesota Twins,L,FA,2026-09-23,823168,False,San Francisco Giants,Oracle Park,listed,0.288,0.26,0.19,0.254,0.256,-0.0324,94,74.0,-2.2,0.0,Wed 09/23 12:45 PM,8.66,8.39,9.3,2,21,5.55,94.7,-0.8,18.6,-4.9,27.1,9.6,5.9,0,4.0,-0.9,95.5,28.1,23.5,,97.1,97.1,4.01,24.4,0.308,5.4,,3.0,starter,5.3,22,8.6,1.083,1.031,0.998,1.0,0.76,10.42,False,10.42,,,,True,Active
694346.0,Trey Gibson,Baltimore Orioles,R,FA,2026-09-23,824784,True,Toronto Blue Jays,Oriole Park at Camden Yards,listed,0.308,0.174,-0.138,0.167,0.316,0.0077,104,62.0,-7.8,0.0,Wed 09/23 06:35 PM,6.79,6.33,5.14,1,7,4.75,95.3,0.8,14.3,-7.5,31.5,8.1,4.4,0,4.0,3.0,94.6,28.5,21.8,,,,,,,4.4,,1.0,starter,4.7,8,7.9,1.014,0.981,1.028,1.03,-0.87,6.28,False,6.28,,,,False,Reassigned to Minors
669310.0,CJ Van Eyk,Toronto Blue Jays,,FA,2026-09-23,824784,False,Baltimore Orioles,Oriole Park at Camden Yards,listed,0.313,0.261,0.152,0.281,0.31,-0.0031,104,62.0,-7.8,0.0,Wed 09/23 06:35 PM,6.69,3.0,,4,0,5.15,87.2,0.0,21.3,0.0,23.8,3.0,5.0,0,4.0,0.0,87.2,23.8,21.3,,,,,,,2.0,,1.0,spot/relief,5.0,1,3.0,0.997,0.981,1.028,1.0,0.71,7.44,False,7.44,,,,False,Reassigned to Minors
669199.0,Lake Bachar,Pittsburgh Pirates,R,FA,2026-09-23,823327,True,St. Louis Cardinals,PNC Park,listed,0.302,0.236,0.166,0.241,0.306,0.0043,102,62.0,-5.7,5.0,Wed 09/23 06:40 PM,7.86,3.92,12.21,40,11,2.5,94.0,0.0,34.9,3.9,34.3,2.2,1.6,0,4.0,4.2,94.0,30.1,31.0,,111.0,113.1,3.52,25.2,0.29,2.3,,6.0,opener/bulk,2.1,12,3.3,1.035,0.99,1.024,1.03,0.19,8.68,False,8.68,,,,True,Active
669461.0,Matthew Liberatore,St. Louis Cardinals,L,FA,2026-09-23,823327,False,Pittsburgh Pirates,PNC Park,listed,0.308,0.242,-0.088,0.222,0.324,0.016,102,62.0,-5.7,5.0,Wed 09/23 06:40 PM,6.89,7.97,7.88,0,30,5.17,93.4,-0.9,25.5,1.7,29.4,8.7,5.3,0,4.0,0.8,94.3,28.5,23.9,,93.0,93.7,5.03,22.7,0.341,5.0,,5.0,starter,5.0,31,8.0,1.015,0.99,1.024,1.0,0.37,7.46,False,7.46,,,,True,Active
605400.0,Aaron Nola,Philadelphia Phillies,R,Dpf,2026-09-23,823410,True,Milwaukee Brewers,Citizens Bank Park,listed,0.331,0.239,0.14,0.245,0.334,0.0025,104,66.0,-8.3,0.0,Wed 09/23 06:40 PM,8.4,9.37,9.72,0,31,5.01,92.1,-0.2,21.3,-5.7,27.0,7.7,4.7,0,1.0,-2.7,92.3,29.8,27.1,,97.4,96.1,4.12,23.7,0.312,5.4,,6.0,starter,5.3,33,9.9,0.932,0.981,1.023,1.03,0.34,8.43,True,16.23,,,,True,Active
701656.0,Logan Henderson,Milwaukee Brewers,R,BB,2026-09-23,823410,False,Philadelphia Phillies,Citizens Bank Park,listed,0.306,0.2,-0.16,0.188,0.32,0.0143,104,66.0,-8.3,0.0,Wed 09/23 06:40 PM,12.3,11.63,11.9,0,17,5.23,93.3,0.2,25.2,-1.3,27.7,9.3,5.0,0,4.0,-1.5,93.1,29.2,26.5,,114.1,113.2,2.75,30.7,0.257,6.1,,5.0,starter,5.5,18,12.2,1.021,0.981,1.023,1.0,-0.49,12.12,False,12.12,,,,True,Active
543037.0,Gerrit Cole,New York Yankees,R,MMM,2026-09-23,823492,True,Tampa Bay Rays,Yankee Stadium,listed,0.327,0.196,0.058,0.196,0.329,0.0027,102,62.0,-6.5,0.0,Wed 09/23 07:05 PM,10.28,11.59,11.59,0,21,5.51,96.6,-0.2,17.6,-3.7,25.3,9.7,5.3,0,4.0,-3.8,96.8,29.2,21.2,,107.2,105.4,3.84,24.7,0.302,6.0,,5.0,starter,5.8,22,8.5,0.949,0.99,1.026,1.03,-0.56,9.63,False,9.63,,,,True,Active
669438.0,Mason Englert,Tampa Bay Rays,R,FA,2026-09-23,823492,False,New York Yankees,Yankee Stadium,listed,0.311,0.246,-0.018,0.243,0.316,0.0053,102,62.0,-6.5,0.0,Wed 09/23 07:05 PM,6.56,5.25,16.56,11,3,4.88,91.6,0.1,26.7,2.4,29.1,6.1,4.8,0,4.0,-0.9,91.6,30.0,24.3,,,,,,,5.2,,1.0,starter,4.5,4,5.2,1.004,0.99,1.026,1.0,0.47,7.15,False,7.15,,,,False,Reassigned to Minors
543243.0,Sonny Gray,Boston Red Sox,R,Dan,2026-09-23,824710,True,Cleveland Guardians,Fenway Park,listed,0.31,0.188,-0.175,0.177,0.312,0.0023,106,54.0,-6.0,0.0,Wed 09/23 07:10 PM,9.75,11.97,11.93,0,28,5.9,91.5,-0.4,22.5,-0.5,26.0,12.8,6.1,0,4.0,-1.7,92.0,27.7,23.1,,99.3,98.5,3.84,22.1,0.302,5.1,,4.0,starter,5.8,29,12.9,1.008,0.971,1.037,1.03,-0.67,9.53,False,9.53,,,,True,Active
656492.0,Foster Griffin,Cleveland Guardians,L,Dan,2026-09-23,824710,False,Boston Red Sox,Fenway Park,listed,0.32,0.232,0.131,0.24,0.308,-0.0125,106,54.0,-6.0,0.0,Wed 09/23 07:10 PM,8.33,10.38,10.19,0,30,4.87,89.0,0.5,22.6,-0.4,27.9,7.1,4.1,0,4.0,-0.9,88.5,28.8,23.1,,94.4,93.8,4.36,21.8,0.32,5.1,,5.0,starter,5.6,31,7.7,0.971,0.971,1.037,1.0,0.19,8.33,False,8.33,,,,True,Active
519242.0,Chris Sale,Atlanta Braves,L,MMM,2026-09-23,824868,True,Cincinnati Reds,Truist Park,listed,0.313,0.261,0.055,0.267,0.312,-0.0014,100,72.0,-3.4,12.0,Wed 09/23 07:15 PM,13.64,15.47,15.5,0,26,6.03,96.5,0.3,31.5,1.1,31.6,14.6,6.2,0,4.0,-1.2,96.1,32.8,30.4,,119.9,117.4,3.06,30.3,0.271,7.4,,3.0,starter,6.0,27,19.9,0.996,1.0,1.004,1.03,1.01,15.05,False,15.05,,,,True,Active
671096.0,Andrew Abbott,Cincinnati Reds,L,CS,2026-09-23,824868,False,Atlanta Braves,Truist Park,listed,0.303,0.212,-0.02,0.213,0.293,-0.0101,100,72.0,-3.4,12.0,Wed 09/23 07:15 PM,6.28,8.12,7.9,0,31,4.9,92.0,-0.4,20.3,-2.1,28.1,6.2,4.6,0,4.0,1.2,92.4,26.8,22.4,,86.4,87.1,5.03,17.8,0.341,4.1,,5.0,starter,5.2,32,4.7,1.032,1.0,1.004,1.0,-0.16,6.34,False,6.34,,,,True,Active
607625.0,Seth Lugo,Kansas City Royals,R,FA,2026-09-23,824060,True,Chicago White Sox,Kauffman Stadium,listed,0.313,0.248,0.066,0.255,0.318,0.0046,104,70.0,-6.3,0.0,Wed 09/23 06:40 PM,6.64,8.23,8.42,0,31,4.94,91.6,0.2,17.9,-0.8,28.1,6.1,4.4,0,4.0,1.5,91.4,26.6,18.7,,85.7,85.7,5.09,17.9,0.343,4.2,,5.0,starter,5.4,32,3.6,0.995,0.981,1.013,1.03,0.44,7.2,False,7.2,,,,True,Active
663542.0,Bryan Hudson,Chicago White Sox,L,FA,2026-09-23,824060,False,Kansas City Royals,Kauffman Stadium,listed,0.303,0.218,-0.008,0.208,0.298,-0.0054,104,70.0,-6.3,0.0,Wed 09/23 06:40 PM,6.72,1.33,11.67,61,8,2.09,91.3,0.2,26.3,5.1,32.4,0.3,1.0,2,4.0,0.5,91.1,31.9,21.2,,100.6,100.9,3.11,21.9,0.273,0.9,,2.0,opener/bulk,1.1,9,1.1,1.031,0.981,1.013,1.0,-0.05,6.83,False,6.83,,,,True,Active
592332.0,Kevin Gausman,Chicago Cubs,R,LTTA,2026-09-23,824625,True,Miami Marlins,Wrigley Field,listed,0.324,0.218,0.038,0.225,0.325,0.0014,96,62.0,-7.9,0.0,Wed 09/23 06:40 PM,9.7,10.27,10.26,0,31,5.32,93.4,-0.5,32.5,4.7,33.5,8.1,5.1,0,4.0,3.9,93.9,29.6,27.7,ST 4%,104.8,103.3,4.01,24.3,0.308,5.8,,5.0,starter,5.6,32,10.1,0.958,1.021,1.029,1.03,-0.08,9.97,False,9.97,,,,True,Active
687473.0,Ryan Gusto,Miami Marlins,R,FA,2026-09-23,824625,False,Chicago Cubs,Wrigley Field,listed,0.329,0.194,-0.171,0.18,0.33,0.0002,96,62.0,-7.9,0.0,Wed 09/23 06:40 PM,7.65,6.43,7.16,5,17,4.85,95.0,0.3,20.1,-0.2,29.2,8.6,5.2,0,4.0,0.7,94.7,28.5,20.3,,94.0,93.4,4.96,18.7,0.339,3.6,,5.0,starter,4.4,18,7.5,0.939,1.021,1.029,1.0,-0.44,7.1,False,7.1,,,,True,Active
674003.0,Cody Bradford,Texas Rangers,L,FA,2026-09-23,822841,True,New York Mets,Globe Life Field,listed,0.299,0.217,-0.086,0.207,0.301,0.0013,88,85.0,0.0,44.0,Wed 09/23 07:05 PM,6.21,5.08,6.38,1,7,4.67,88.6,0.1,11.2,-5.6,23.0,2.4,4.1,0,4.0,-3.6,88.6,26.6,16.8,SI 5%,,,,,,2.2,,4.0,starter,4.8,8,3.3,1.045,1.066,1.0,1.03,-0.07,7.05,False,7.05,,,,True,Active
690997.0,Nolan McLean,New York Mets,R,Dpf,2026-09-23,822841,False,Texas Rangers,Globe Life Field,listed,0.304,0.235,0.073,0.244,0.297,-0.0065,88,85.0,0.0,44.0,Wed 09/23 07:05 PM,10.97,12.6,12.56,0,30,5.84,95.0,-0.0,18.1,-5.5,25.9,11.0,6.0,0,4.0,-3.3,95.0,29.2,23.6,,107.2,107.7,3.71,26.2,0.297,6.3,,5.0,starter,5.8,31,12.6,1.028,1.066,1.0,1.0,0.29,12.32,False,12.32,,,,True,Active
690279.0,Mason Adams,Colorado Rockies,R,FA,2026-09-23,824301,True,Arizona Diamondbacks,Coors Field,listed,0.305,0.211,0.11,0.212,0.32,0.0155,125,67.0,6.7,20.0,Wed 09/23 06:40 PM,7.7,8.5,6.6,0,5,5.05,93.1,0.0,23.1,-0.0,29.8,8.8,5.1,0,4.0,-0.2,93.1,29.9,23.1,,,,,,,5.2,,5.0,starter,4.8,6,8.6,1.025,0.894,0.991,1.03,-0.22,6.99,False,6.99,,,,True,Active
518876.0,Merrill Kelly,Arizona Diamondbacks,R,FA,2026-09-23,824301,False,Colorado Rockies,Coors Field,listed,0.327,0.222,0.012,0.23,0.333,0.0068,125,67.0,6.7,20.0,Wed 09/23 06:40 PM,6.11,8.0,8.1,0,28,5.18,92.3,0.1,22.1,0.5,25.5,7.4,4.8,0,4.0,1.1,92.1,24.4,21.6,,87.7,86.3,6.48,16.3,0.38,3.9,,5.0,starter,5.6,29,10.3,0.949,0.894,0.991,1.0,-0.0,5.14,False,5.14,,,,True,Active
605488.0,Jeffrey Springs,Athletics,L,FA,2026-09-23,824951,True,Los Angeles Angels,Sutter Health Park,listed,0.304,0.257,0.065,0.268,0.293,-0.0107,100,83.0,0.5,0.0,Wed 09/23 06:40 PM,6.25,6.09,6.15,0,28,4.63,91.2,-0.1,22.4,-0.5,25.8,3.2,4.2,0,4.0,-1.1,91.3,26.9,22.9,,86.8,86.8,4.83,17.8,0.335,3.9,,5.0,starter,4.9,29,6.1,1.029,1.0,0.98,1.03,0.55,7.04,False,7.04,,,,True,Active
700712.0,Walbert Ureña,Los Angeles Angels,R,THALER,2026-09-23,824951,False,Athletics,Sutter Health Park,listed,0.314,0.212,-0.038,0.217,0.304,-0.0103,100,83.0,0.5,0.0,Wed 09/23 06:40 PM,12.27,11.1,11.63,2,26,5.51,99.0,0.9,29.9,2.2,29.1,10.0,5.7,0,4.0,0.4,98.1,28.6,27.7,,110.8,111.7,3.3,23.1,0.281,5.2,,5.0,starter,5.4,27,14.6,0.992,1.0,0.98,1.0,-0.2,11.73,False,11.73,,,,True,Active
669923.0,George Kirby,Seattle Mariners,R,LTTA,2026-09-23,823086,True,Houston Astros,T-Mobile Park,listed,0.319,0.231,0.081,0.234,0.327,0.0084,85,57.0,0.0,0.0,Wed 09/23 07:10 PM,9.56,10.29,10.44,0,29,5.44,97.1,0.4,23.2,0.8,24.5,6.8,5.1,0,4.0,-1.9,96.7,26.4,22.4,,99.4,97.7,4.21,19.9,0.315,4.9,,5.0,starter,5.8,30,7.0,0.977,1.085,1.0,1.03,0.18,10.61,False,10.61,,,,True,Active
814490.0,Ethan Pecko,Houston Astros,R,FA,2026-09-23,823086,False,Seattle Mariners,T-Mobile Park,listed,0.312,0.221,-0.04,0.223,0.317,0.0045,85,57.0,0.0,0.0,Wed 09/23 07:10 PM,6.02,4.0,8.92,2,4,4.45,92.7,-0.2,18.8,-2.8,23.7,4.7,4.0,0,4.0,0.5,92.9,23.2,21.5,,,,,,,2.6,,3.0,starter,4.0,5,4.0,0.999,1.085,1.0,1.0,-0.01,6.52,False,6.52,,,,True,Active
808967.0,Yoshinobu Yamamoto,Los Angeles Dodgers,R,BAMBI,2026-09-23,823894,True,San Diego Padres,UNIQLO Field at Dodger Stadium,listed,0.315,0.21,-0.047,0.207,0.318,0.0032,102,71.0,2.8,0.0,Wed 09/23 07:10 PM,13.98,14.75,14.85,0,27,6.5,96.5,0.4,34.5,6.8,33.9,16.7,6.7,0,4.0,3.7,96.1,30.3,27.6,,114.4,112.7,2.95,26.1,0.266,6.5,,4.0,starter,6.6,28,15.7,0.991,0.99,0.993,1.03,-0.27,13.76,False,13.76,,,,True,Active
592662.0,Robbie Ray,San Diego Padres,L,Dan,2026-09-23,823894,False,Los Angeles Dodgers,UNIQLO Field at Dodger Stadium,listed,0.328,0.196,-0.042,0.197,0.317,-0.0105,102,71.0,2.8,0.0,Wed 09/23 07:10 PM,8.0,9.11,9.77,1,29,5.06,93.0,-0.2,22.3,-2.0,25.8,7.4,4.8,0,4.0,1.1,93.2,24.7,24.3,,97.3,99.9,4.79,20.1,0.334,4.4,,5.0,starter,5.3,30,6.7,0.944,0.99,0.993,1.0,-0.46,6.97,False,6.97,,,,True,Active
694973.0,Paul Skenes,Pittsburgh Pirates,R,Dpf,2026-09-24,823326,True,St. Louis Cardinals,PNC Park,listed,0.302,0.236,0.166,0.241,0.306,0.0043,102,64.0,-4.1,0.0,Thu 09/24 12:35 PM,12.3,11.01,10.81,0,31,5.88,96.6,-0.2,26.9,-1.4,28.3,12.8,6.4,0,3.0,0.4,96.8,27.9,28.2,,115.1,114.2,3.27,27.9,0.28,6.2,,5.0,starter,5.4,32,9.9,1.035,0.99,1.018,1.03,0.31,13.52,False,13.52,,,,True,Active
681517.0,Kyle Leahy,St. Louis Cardinals,R,GK,2026-09-24,823326,False,Pittsburgh Pirates,PNC Park,listed,0.328,0.224,-0.088,0.222,0.334,0.006,102,64.0,-4.1,0.0,Thu 09/24 12:35 PM,6.86,7.97,8.1,0,29,3.81,94.8,0.5,22.3,-0.4,30.6,3.0,2.7,0,3.0,3.0,94.3,27.6,22.7,,95.5,96.1,4.89,22.0,0.337,4.4,,5.0,starter,4.7,30,3.5,0.942,0.99,1.018,1.0,0.04,6.56,False,6.56,,,,True,Active
677976.0,Randy Dobnak,Kansas City Royals,R,FA,2026-09-24,824059,True,Chicago White Sox,Kauffman Stadium,listed,0.313,0.248,0.066,0.255,0.318,0.0046,104,75.0,-3.0,1.0,Thu 09/24 01:10 PM,6.67,7.28,9.0,2,12,4.44,91.3,-0.1,17.9,-2.3,25.3,1.9,3.6,0,3.0,-0.8,91.3,26.2,20.2,,90.9,90.1,4.67,15.6,0.33,3.5,,5.0,starter,5.0,13,4.7,0.995,0.981,0.999,1.03,0.41,7.11,False,7.11,,,,True,Active
689818.0,David Sandlin,Chicago White Sox,R,FA,2026-09-24,824059,False,Kansas City Royals,Kauffman Stadium,listed,0.316,0.204,-0.008,0.208,0.321,0.0048,104,75.0,-3.0,1.0,Thu 09/24 01:10 PM,8.15,9.61,10.27,2,5,5.23,96.2,-0.4,27.4,2.2,33.6,9.9,5.2,0,3.0,3.3,96.6,30.4,25.1,,,,,,,5.0,,3.0,starter,5.3,6,8.9,0.986,0.981,0.999,1.0,-0.34,7.52,False,7.52,,,,True,Active
571510.0,Matthew Boyd,Chicago Cubs,L,CJF,2026-09-24,824623,True,Miami Marlins,Wrigley Field,listed,0.301,0.234,0.038,0.225,0.315,0.0143,96,68.0,-9.0,0.0,Thu 09/24 01:20 PM,9.02,9.26,9.08,0,21,5.7,93.0,0.2,21.3,-1.1,26.5,8.4,5.8,0,3.0,-0.9,92.8,27.3,22.3,,97.2,96.0,4.73,18.9,0.332,4.4,,5.0,starter,5.8,22,9.1,1.038,1.021,1.022,1.03,0.21,10.27,False,10.27,,,,True,Active
663969.0,Tyler Phillips,Miami Marlins,R,GK,2026-09-24,824623,False,Chicago Cubs,Wrigley Field,listed,0.329,0.194,-0.171,0.18,0.33,0.0002,96,68.0,-9.0,0.0,Thu 09/24 01:20 PM,7.26,6.35,9.46,17,19,4.28,95.1,-0.2,26.1,0.7,29.5,5.8,3.8,0,3.0,-0.2,95.3,29.7,25.5,,98.6,99.3,4.67,19.0,0.33,3.4,,5.0,starter,4.5,20,6.3,0.939,1.021,1.022,1.0,-0.42,6.69,False,6.69,,,,True,Active
677958.0,Kumar Rocker,Texas Rangers,R,FA,2026-09-24,822842,True,New York Mets,Globe Life Field,listed,0.311,0.212,-0.086,0.207,0.322,0.0113,88,92.0,0.0,0.0,Thu 09/24 01:35 PM,7.95,7.72,8.73,3,26,4.69,94.2,-0.1,27.7,2.9,28.7,7.1,4.4,0,3.0,3.0,94.3,25.7,24.8,,98.5,99.8,4.6,21.4,0.328,4.4,,4.0,starter,4.8,27,8.2,1.004,1.066,1.0,1.03,-0.18,8.59,False,8.59,,,,True,Active
804267.0,Zac Thornton,New York Mets,L,CH,2026-09-24,822842,False,Texas Rangers,Globe Life Field,listed,0.331,0.248,0.073,0.244,0.326,-0.0051,88,92.0,0.0,0.0,Thu 09/24 01:35 PM,8.24,9.82,10.02,0,14,5.71,88.8,0.3,14.5,-3.3,23.9,10.7,6.0,0,3.0,-0.7,88.5,24.6,17.8,,88.3,87.6,4.63,18.6,0.329,4.2,,5.0,starter,5.6,15,9.0,0.933,1.066,1.0,1.0,0.45,8.65,False,8.65,,,,True,Active
685299.0,Tanner Gordon,Colorado Rockies,R,FA,2026-09-24,824298,True,Arizona Diamondbacks,Coors Field,listed,0.305,0.211,0.11,0.212,0.32,0.0155,125,72.0,-7.0,3.0,Thu 09/24 01:10 PM,6.99,4.19,11.03,12,11,4.26,92.3,-0.1,20.7,2.0,24.2,-0.6,3.4,0,3.0,-0.4,92.4,24.6,18.7,FC 8%,96.8,94.6,4.83,18.8,0.335,3.3,,5.0,starter,4.6,12,1.8,1.025,0.894,1.011,1.03,-0.18,6.5,False,6.5,,,,True,Active
593958.0,Eduardo Rodriguez,Arizona Diamondbacks,L,THALER,2026-09-24,824298,False,Colorado Rockies,Coors Field,listed,0.31,0.246,0.012,0.23,0.324,0.014,125,72.0,-7.0,3.0,Thu 09/24 01:10 PM,9.16,10.86,10.86,0,31,5.69,92.2,0.2,25.3,3.4,25.2,7.9,5.6,0,3.0,-0.6,92.1,25.7,21.9,,95.1,93.7,4.3,18.4,0.318,4.5,,5.0,starter,5.9,32,8.7,1.007,0.894,1.011,1.0,0.42,8.77,False,8.77,,,,True,Active
691725.0,Andrew Painter,Philadelphia Phillies,R,CH,2026-09-24,823411,True,Milwaukee Brewers,Citizens Bank Park,listed,0.331,0.239,0.14,0.245,0.334,0.0025,104,63.0,-5.2,0.0,Thu 09/24 06:05 PM,9.18,7.81,8.03,2,22,5.25,96.6,0.0,30.9,5.7,31.0,10.8,5.4,0,3.0,3.2,96.6,27.8,25.3,,101.5,101.0,4.51,20.3,0.325,4.6,,6.0,starter,5.1,23,11.1,0.932,0.981,1.021,1.03,0.3,9.13,False,9.13,,,,True,Active
675660.0,Shane Drohan,Milwaukee Brewers,L,LTTA,2026-09-24,823411,False,Philadelphia Phillies,Citizens Bank Park,listed,0.31,0.2,-0.16,0.188,0.312,0.0027,104,63.0,-5.2,0.0,Thu 09/24 06:05 PM,9.04,8.16,11.35,13,18,4.33,94.8,0.0,25.7,-1.2,29.2,3.1,3.4,0,3.0,-0.1,94.8,29.3,26.9,,106.1,105.9,3.84,23.7,0.302,4.9,,4.0,starter,4.9,19,5.5,1.008,0.981,1.021,1.0,-0.41,8.72,False,8.72,,,,True,Active
624133.0,Ranger Suarez,Boston Red Sox,L,Dpf,2026-09-24,824707,True,Cleveland Guardians,Fenway Park,listed,0.297,0.195,-0.175,0.177,0.294,-0.0037,106,57.0,-5.8,0.0,Thu 09/24 06:45 PM,9.64,9.69,9.72,0,27,5.56,90.1,-0.1,16.6,-5.1,28.2,12.2,5.9,0,3.0,0.2,90.3,27.9,21.7,,98.0,96.1,3.73,22.8,0.298,5.0,,5.0,starter,5.3,28,10.4,1.051,0.971,1.032,1.03,-0.51,9.94,False,9.94,,,,True,Active
682982.0,Daniel Espino,Cleveland Guardians,R,FA,2026-09-24,824707,False,Boston Red Sox,Fenway Park,listed,0.311,0.231,0.131,0.24,0.317,0.006,106,57.0,-5.8,0.0,Thu 09/24 06:45 PM,5.83,2.0,14.17,11,2,3.27,98.8,0.0,31.4,0.0,32.9,2.0,1.3,1,3.0,0.0,98.8,32.9,31.4,,,,,,,1.7,,3.0,opener/bulk,1.3,3,2.0,1.003,0.971,1.032,1.0,0.15,6.01,False,6.01,,,,True,Active
693645.0,Cam Schlittler,New York Yankees,R,MMM,2026-09-24,823493,True,Tampa Bay Rays,Yankee Stadium,listed,0.327,0.196,0.058,0.196,0.329,0.0027,102,63.0,-4.1,0.0,Thu 09/24 07:05 PM,13.36,14.26,14.49,0,32,5.41,98.3,0.3,32.4,3.0,32.2,13.3,5.0,0,3.0,2.1,98.0,30.1,29.4,,121.0,120.9,2.86,31.3,0.262,7.2,,6.0,starter,5.9,33,16.0,0.949,0.99,1.019,1.03,-0.67,12.5,False,12.5,,,,True,Active
693855.0,Ian Seymour,Tampa Bay Rays,L,BB,2026-09-24,823493,False,New York Yankees,Yankee Stadium,listed,0.318,0.241,-0.018,0.243,0.327,0.009,102,63.0,-4.1,0.0,Thu 09/24 07:05 PM,10.28,10.25,16.29,30,15,5.09,91.2,-0.0,31.1,0.5,31.3,10.7,5.3,0,3.0,-0.6,91.3,31.8,30.5,,107.8,106.7,3.65,29.0,0.295,6.3,,5.0,starter,4.8,16,10.3,0.981,0.99,1.019,1.0,0.43,10.6,False,10.6,,,,True,Active
641816.0,Tyler Mahle,Atlanta Braves,R,Dpf,2026-09-24,824866,True,Cincinnati Reds,Truist Park,listed,0.303,0.263,0.055,0.267,0.309,0.0053,100,66.0,-1.0,0.0,Thu 09/24 07:15 PM,10.54,9.63,9.85,0,26,5.7,93.2,0.4,23.9,1.0,28.1,10.7,6.0,0,3.0,0.2,92.8,28.0,22.9,,102.4,100.7,3.9,22.5,0.304,5.1,,5.0,starter,5.5,27,12.7,1.031,1.0,1.008,1.03,0.79,12.08,False,12.08,,,,True,Active
663903.0,Brady Singer,Cincinnati Reds,R,FA,2026-09-24,824866,False,Atlanta Braves,Truist Park,listed,0.317,0.215,-0.02,0.213,0.322,0.0044,100,66.0,-1.0,0.0,Thu 09/24 07:15 PM,4.77,7.13,7.4,0,30,4.34,90.3,-0.8,19.3,-4.6,25.6,-1.2,3.4,0,3.0,-2.4,91.1,28.0,23.9,,88.2,88.6,5.73,17.7,0.361,4.1,,5.0,starter,5.1,31,0.7,0.981,1.0,1.008,1.0,-0.11,4.6,False,4.6,,,,True,Active
693433.0,Bryan Woo,Seattle Mariners,R,BB,2026-09-24,823087,True,Los Angeles Angels,T-Mobile Park,listed,0.297,0.265,0.065,0.268,0.29,-0.0069,85,56.0,0.0,20.0,Thu 09/24 06:40 PM,11.26,11.17,11.23,0,29,5.62,96.3,0.2,27.7,2.5,30.4,10.2,5.6,0,3.0,2.8,96.1,27.6,25.2,,107.6,104.9,3.6,24.4,0.293,5.8,,5.0,starter,5.8,30,13.5,1.051,1.085,1.0,1.03,0.92,14.15,False,14.15,,,,True,Active
680570.0,Grayson Rodriguez,Los Angeles Angels,R,FA,2026-09-24,823087,False,Seattle Mariners,T-Mobile Park,listed,0.312,0.221,-0.04,0.223,0.317,0.0045,85,56.0,0.0,20.0,Thu 09/24 06:40 PM,7.36,6.48,6.67,0,19,5.29,96.0,-0.1,26.2,2.2,28.8,7.3,5.7,0,3.0,1.5,96.1,27.3,23.9,,93.7,94.5,5.58,19.7,0.357,4.2,,5.0,starter,4.9,20,6.6,0.999,1.085,1.0,1.0,-0.01,7.97,False,7.97,,,,True,Active
686930.0,Mason Barnett,Athletics,R,FA,2026-09-24,824950,True,Houston Astros,Sutter Health Park,listed,0.319,0.231,0.081,0.234,0.327,0.0084,100,82.0,7.0,0.0,Thu 09/24 06:40 PM,6.06,4.39,10.2,14,5,4.47,94.4,-0.3,22.9,-0.5,26.9,4.3,4.0,0,3.0,2.2,94.7,24.7,23.4,,,,,,,4.5,,2.0,starter,4.2,6,3.7,0.977,1.0,0.969,1.03,0.17,6.08,False,6.08,,,,True,Active
663567.0,Peter Lambert,Houston Astros,R,GLIZZY,2026-09-24,824950,False,Athletics,Sutter Health Park,listed,0.314,0.212,-0.038,0.217,0.304,-0.0103,100,82.0,7.0,0.0,Thu 09/24 06:40 PM,9.7,10.02,10.22,0,27,5.09,93.8,-0.1,24.5,-1.0,30.0,8.3,4.7,0,3.0,2.2,93.9,27.8,25.5,,102.3,102.0,3.68,22.9,0.296,5.5,,5.0,starter,5.5,28,9.5,0.992,1.0,0.969,1.0,-0.21,9.11,True,18.31,,,,True,Active
607192.0,Tyler Glasnow,Los Angeles Dodgers,R,BB,2026-09-24,823895,True,San Diego Padres,UNIQLO Field at Dodger Stadium,listed,0.315,0.21,-0.047,0.207,0.318,0.0032,102,70.0,3.2,0.0,Thu 09/24 07:10 PM,12.61,13.15,12.72,0,12,5.5,95.7,0.1,35.0,2.9,35.9,14.4,5.4,0,3.0,2.2,95.5,33.7,32.1,,115.2,116.8,2.95,33.0,0.266,7.5,,5.0,starter,5.7,13,13.9,0.991,0.99,0.994,1.03,-0.29,12.37,False,12.37,,,,True,Active
601713.0,Nick Pivetta,San Diego Padres,R,FA,2026-09-24,823895,False,Los Angeles Dodgers,UNIQLO Field at Dodger Stadium,listed,0.333,0.202,-0.042,0.197,0.328,-0.0053,102,70.0,3.2,0.0,Thu 09/24 07:10 PM,7.67,8.21,7.71,0,7,4.65,93.8,-0.2,19.6,-3.3,29.5,8.9,4.6,0,3.0,0.3,93.9,29.2,22.8,,,,,,,5.2,,4.0,starter,4.3,8,8.1,0.926,0.99,0.994,1.0,-0.39,6.6,False,6.6,,,,True,Active
687941.0,Alec Gamboa,Boston Red Sox,L,FA,2026-09-25,824703,True,Chicago Cubs,Fenway Park,listed,0.344,0.19,-0.171,0.18,0.353,0.0084,106,66.0,-15.0,0.0,Fri 09/25 01:05 PM,5.71,1.56,23.33,18,2,3.38,94.0,-0.5,12.9,2.4,20.7,1.6,1.6,0,2.0,-0.1,94.4,20.8,10.5,,,,,,,1.0,,2.0,opener/bulk,1.6,3,1.6,0.887,0.971,1.038,1.03,-0.5,4.76,False,4.76,,,,True,Active
605280.0,Clay Holmes,Chicago Cubs,R,CJF,2026-09-25,824703,False,Boston Red Sox,Fenway Park,listed,0.311,0.231,0.131,0.24,0.317,0.006,106,66.0,-15.0,0.0,Fri 09/25 01:05 PM,9.02,9.46,9.71,0,17,5.35,92.4,-0.6,25.3,3.4,29.8,6.1,5.1,0,2.0,1.8,93.1,27.9,21.9,,99.4,100.1,3.9,18.8,0.304,4.3,,5.0,starter,5.6,18,6.9,1.003,0.971,1.038,1.0,0.16,9.29,False,9.29,,,,True,Active
694341.0,Brendan Beck,New York Yankees,,FA,2026-09-25,823491,True,Baltimore Orioles,Yankee Stadium,listed,0.313,0.261,0.152,0.281,0.31,-0.0031,102,70.0,-4.4,1.0,Fri 09/25 04:05 PM,6.51,3.83,,2,0,4.85,92.5,-0.1,38.6,-0.9,34.0,3.8,4.3,0,2.0,2.0,92.6,32.1,39.5,,,,,,,5.5,,1.0,spot/relief,4.3,2,3.8,0.997,0.99,1.009,1.03,0.77,7.45,False,7.45,,,,False,Reassigned to Minors
669432.0,Trevor Rogers,Baltimore Orioles,L,BB,2026-09-25,823491,False,New York Yankees,Yankee Stadium,listed,0.318,0.241,-0.018,0.243,0.327,0.009,102,70.0,-4.4,1.0,Fri 09/25 04:05 PM,10.93,10.36,10.47,0,29,5.77,94.0,0.2,28.2,3.7,31.5,11.7,6.0,0,2.0,2.5,93.8,29.1,24.4,,102.5,99.5,3.55,22.4,0.291,5.2,,5.0,starter,5.7,30,14.2,0.981,0.99,1.009,1.0,0.38,11.09,False,11.09,,,,True,Active
642232.0,Ryan Yarbrough,New York Yankees,L,FA,2026-09-25,823489,True,Baltimore Orioles,Yankee Stadium,listed,0.306,0.285,0.152,0.281,0.298,-0.0076,102,70.0,-4.4,1.0,Fri 09/25 04:10 PM,6.82,5.5,79.0,36,1,4.12,85.0,-0.4,51.9,14.9,38.8,5.5,2.5,0,2.0,4.7,85.4,34.1,37.0,,,,3.3,17.1,0.281,3.0,,1.0,spot/relief,2.5,2,5.5,1.022,0.99,1.009,1.03,1.12,8.29,False,8.29,,,,True,Active
687064.0,Brandon Young,Baltimore Orioles,R,GK,2026-09-25,823489,False,New York Yankees,Yankee Stadium,listed,0.311,0.246,-0.018,0.243,0.316,0.0053,102,70.0,-4.4,1.0,Fri 09/25 04:10 PM,9.09,9.99,9.99,0,27,5.44,94.6,0.2,28.9,4.6,29.4,12.3,5.3,0,2.0,2.6,94.4,26.8,24.3,,96.0,95.4,4.33,19.5,0.319,4.8,,6.0,starter,5.6,28,10.3,1.004,0.99,1.009,1.0,0.44,9.56,False,9.56,,,,True,Active
678394.0,Brayan Bello,Boston Red Sox,R,FA,2026-09-25,824706,True,Chicago Cubs,Fenway Park,listed,0.329,0.194,-0.171,0.18,0.33,0.0002,106,63.0,-12.7,10.0,Fri 09/25 05:35 PM,9.6,5.52,15.43,15,10,5.22,96.0,0.9,28.7,3.6,29.1,13.3,5.7,0,2.0,2.8,95.1,26.3,25.1,,103.2,102.4,4.99,18.4,0.34,3.8,,3.0,starter,4.8,11,8.0,0.939,0.971,1.037,1.03,-0.47,8.9,False,8.9,,,,True,Active
656849.0,David Peterson,Chicago Cubs,L,FA,2026-09-25,824706,False,Boston Red Sox,Fenway Park,listed,0.32,0.232,0.131,0.24,0.308,-0.0125,106,63.0,-12.7,10.0,Fri 09/25 05:35 PM,8.75,7.93,9.79,9,22,5.34,92.9,0.9,24.7,1.2,28.7,14.3,5.7,0,2.0,1.6,92.0,27.1,23.4,,92.7,92.6,4.79,20.3,0.334,4.8,,6.0,starter,5.1,23,10.4,0.971,0.971,1.037,1.0,0.18,8.74,False,8.74,,,,True,Active
650911.0,Cristopher Sánchez,Philadelphia Phillies,L,CS,2026-09-25,823409,True,Tampa Bay Rays,Citizens Bank Park,listed,0.297,0.186,0.058,0.196,0.3,0.0031,104,71.0,-14.0,0.0,Fri 09/25 06:40 PM,13.31,14.45,14.31,0,32,6.31,95.1,0.1,24.5,-6.9,29.3,13.2,6.6,0,2.0,-2.8,95.1,32.1,31.4,,119.6,118.2,3.4,26.6,0.285,7.0,,6.0,starter,6.3,33,10.9,1.052,0.981,1.028,1.03,-0.9,13.63,False,13.63,,,,True,Active
642547.0,Freddy Peralta,Tampa Bay Rays,R,CJF,2026-09-25,823409,False,Philadelphia Phillies,Citizens Bank Park,listed,0.306,0.2,-0.16,0.188,0.32,0.0143,104,71.0,-14.0,0.0,Fri 09/25 06:40 PM,10.47,8.56,8.54,0,31,5.3,95.3,1.0,25.8,-0.4,24.7,9.7,5.3,0,2.0,-1.2,94.3,25.8,26.1,,101.7,102.8,3.84,21.5,0.302,4.9,,5.0,starter,5.3,32,11.2,1.021,0.981,1.028,1.0,-0.42,10.36,False,10.36,,,,True,Active
695549.0,Jackson Jobe,Detroit Tigers,R,THALER,2026-09-25,824220,True,Pittsburgh Pirates,Comerica Park,listed,0.328,0.224,-0.088,0.222,0.334,0.006,100,61.0,1.5,1.0,Fri 09/25 06:40 PM,8.31,9.44,9.21,0,8,5.42,97.3,-0.3,30.0,4.6,30.8,14.9,5.9,0,2.0,3.5,97.6,27.4,25.3,,,,,,,5.7,,5.0,starter,5.1,9,11.9,0.942,1.0,1.011,1.03,0.05,8.2,False,8.2,,,,True,Active
696149.0,Bubba Chandler,Pittsburgh Pirates,R,FA,2026-09-25,824220,False,Detroit Tigers,Comerica Park,listed,0.316,0.234,0.074,0.241,0.329,0.0129,100,61.0,1.5,1.0,Fri 09/25 06:40 PM,7.67,7.49,8.15,1,29,4.54,97.4,-0.9,20.0,-2.3,27.0,3.7,4.0,0,2.0,0.7,98.3,26.3,22.3,,100.9,102.0,4.24,21.0,0.316,4.4,,5.0,starter,5.0,30,6.6,0.984,1.0,1.011,1.0,0.22,7.84,False,7.84,,,,True,Active
674841.0,Andrew Alvarez,Washington Nationals,L,BAMBI,2026-09-25,822681,True,New York Mets,Nationals Park,listed,0.299,0.217,-0.086,0.207,0.301,0.0013,104,70.0,-4.5,0.0,Fri 09/25 06:45 PM,9.15,9.18,12.06,8,16,5.43,92.1,0.0,27.1,1.1,30.1,14.6,5.9,0,2.0,1.1,92.1,29.0,26.0,,96.5,98.8,4.07,23.8,0.31,5.1,,5.0,starter,5.1,17,13.2,1.045,0.981,1.009,1.03,-0.1,9.65,False,9.65,,,,True,Active
642376.0,Jefry Yan,New York Mets,L,FA,2026-09-25,822681,False,Washington Nationals,Nationals Park,listed,0.335,0.248,0.081,0.233,0.329,-0.0061,104,70.0,-4.5,0.0,Fri 09/25 06:45 PM,6.45,0.67,,17,0,4.32,96.6,0.0,25.0,0.0,24.3,0.7,1.7,0,2.0,0.0,96.6,24.3,25.0,,,,,,,1.0,,1.0,spot/relief,1.7,1,0.7,0.92,0.981,1.009,1.0,0.46,6.32,False,6.32,,,,False,Reassigned to Minors
667755.0,José Soriano,Toronto Blue Jays,R,GLIZZY,2026-09-25,822760,True,Cincinnati Reds,Rogers Centre,listed,0.303,0.263,0.055,0.267,0.309,0.0053,102,60.0,0.0,0.0,Fri 09/25 07:07 PM,10.03,9.79,10.11,0,31,5.16,96.4,0.1,20.5,-8.1,28.7,5.1,4.8,0,2.0,-1.0,96.3,29.6,28.6,,110.0,110.2,4.39,22.9,0.321,5.3,,6.0,starter,5.5,32,6.2,1.031,0.99,1.0,1.03,0.82,11.36,False,11.36,,,,True,Active
666157.0,Nick Lodolo,Cincinnati Reds,L,CJF,2026-09-25,822760,False,Toronto Blue Jays,Rogers Centre,listed,0.289,0.183,-0.138,0.167,0.292,0.0036,102,60.0,0.0,0.0,Fri 09/25 07:07 PM,6.67,7.22,7.28,0,20,5.68,93.3,-0.5,19.8,-1.7,24.8,7.3,6.3,0,2.0,-1.2,93.8,26.1,21.5,,92.1,92.4,6.44,17.3,0.379,4.0,,5.0,starter,5.2,21,8.5,1.082,0.99,1.0,1.0,-0.64,6.5,False,6.5,,,,True,Active
691587.0,Eury Pérez,Miami Marlins,R,BAMBI,2026-09-25,823816,True,Atlanta Braves,loanDepot park,listed,0.317,0.215,-0.02,0.213,0.322,0.0044,100,79.0,0.0,19.0,Fri 09/25 07:10 PM,10.92,11.1,10.11,1,28,5.78,97.8,-0.4,28.3,-0.3,24.9,16.6,6.2,0,2.0,-1.8,98.2,26.7,28.6,,114.3,116.1,4.27,25.3,0.317,5.8,,6.0,starter,5.4,29,11.1,0.981,1.0,1.0,1.03,-0.15,10.89,False,10.89,,,,True,Active
678061.0,Ray Kerr,Atlanta Braves,L,FA,2026-09-25,823816,False,Miami Marlins,loanDepot park,listed,0.301,0.234,0.038,0.225,0.315,0.0143,100,79.0,0.0,19.0,Fri 09/25 07:10 PM,6.69,3.0,,8,0,4.65,94.2,0.0,11.1,0.0,21.9,3.0,3.0,0,2.0,0.0,94.2,21.9,11.1,,,,,,,0.0,,1.0,spot/relief,3.0,1,3.0,1.038,1.0,1.0,1.0,0.21,7.15,False,7.15,,,,True,Active
688107.0,Robert Gasser,Milwaukee Brewers,L,FA,2026-09-25,823735,True,St. Louis Cardinals,American Family Field,listed,0.307,0.218,0.166,0.241,0.314,0.0069,96,59.0,0.0,0.0,Fri 09/25 06:40 PM,8.75,8.95,9.02,1,19,5.55,93.3,0.5,23.1,0.7,26.9,13.3,6.0,0,2.0,-0.5,92.8,27.4,22.4,,91.3,90.9,4.42,21.3,0.322,4.8,,5.0,starter,5.2,20,11.0,1.018,1.021,1.0,1.03,-0.08,9.28,False,9.28,,,,True,Active
700241.0,Michael McGreevy,St. Louis Cardinals,R,Dan,2026-09-25,823735,False,Milwaukee Brewers,American Family Field,listed,0.331,0.239,0.14,0.245,0.334,0.0025,96,59.0,0.0,0.0,Fri 09/25 06:40 PM,7.32,8.83,9.03,0,30,5.17,92.7,0.8,25.5,5.4,27.1,6.9,4.9,0,2.0,1.6,91.9,25.5,20.1,,86.6,86.7,5.33,16.7,0.35,3.7,,5.0,starter,5.4,31,7.7,0.932,1.021,1.0,1.0,0.26,7.23,False,7.23,,,,True,Active
702070.0,Noah Cameron,Kansas City Royals,L,CJF,2026-09-25,824058,True,Cleveland Guardians,Kauffman Stadium,listed,0.297,0.195,-0.175,0.177,0.294,-0.0037,104,65.0,-3.9,23.0,Fri 09/25 06:40 PM,7.4,10.04,10.84,1,29,5.63,89.9,-2.6,23.4,-1.9,24.7,7.7,5.7,0,2.0,-2.3,92.5,27.0,25.3,,99.0,99.3,4.07,21.6,0.31,5.0,,5.0,starter,5.7,30,9.6,1.051,0.981,1.016,1.03,-0.51,7.46,False,7.46,,,,True,Active
668909.0,Gavin Williams,Cleveland Guardians,R,Dan,2026-09-25,824058,False,Kansas City Royals,Kauffman Stadium,listed,0.316,0.204,-0.008,0.208,0.321,0.0048,104,65.0,-3.9,23.0,Fri 09/25 06:40 PM,12.54,12.6,12.9,0,31,5.42,98.3,0.7,39.8,7.0,36.2,11.1,5.1,0,2.0,2.7,97.6,33.5,32.8,,119.6,120.2,3.76,33.5,0.299,7.8,,5.0,starter,5.8,32,15.3,0.986,0.981,1.016,1.0,-0.49,11.82,False,11.82,,,,True,Active
680732.0,Sean Burke,Chicago White Sox,R,GK,2026-09-25,824544,True,Colorado Rockies,Rate Field,listed,0.327,0.222,0.012,0.23,0.333,0.0068,98,59.0,-0.9,0.0,Fri 09/25 06:40 PM,8.85,10.46,12.54,5,26,4.79,93.9,-0.8,24.6,0.1,27.4,7.2,4.2,0,2.0,-1.6,94.7,29.1,24.5,,106.1,105.5,3.87,25.6,0.303,5.7,,4.0,starter,5.3,27,7.5,0.949,1.01,1.019,1.03,-0.01,8.89,False,8.89,,,,True,Active
608372.0,Tomoyuki Sugano,Colorado Rockies,R,FA,2026-09-25,824544,False,Chicago White Sox,Rate Field,listed,0.313,0.248,0.066,0.255,0.318,0.0046,98,59.0,-0.9,0.0,Fri 09/25 06:40 PM,6.01,6.56,6.52,0,28,5.42,93.2,0.6,24.4,4.8,24.3,5.9,5.6,0,2.0,0.7,92.6,23.7,19.6,,80.8,81.2,6.52,14.4,0.381,3.3,,6.0,starter,5.3,29,6.9,0.995,1.01,1.019,1.0,0.38,6.52,False,6.52,,,,True,Active
657746.0,Joe Ryan,Minnesota Twins,R,MMM,2026-09-25,823652,True,Texas Rangers,Target Field,listed,0.304,0.235,0.073,0.244,0.297,-0.0065,106,65.0,-4.0,0.0,Fri 09/25 07:10 PM,10.21,10.77,10.56,0,26,5.18,93.6,0.2,28.2,2.4,31.0,8.3,5.0,0,2.0,1.0,93.5,30.0,25.8,,104.9,102.9,3.73,25.7,0.298,5.9,,4.0,starter,5.4,27,7.7,1.028,0.971,1.016,1.03,0.27,10.95,False,10.95,,,,True,Active
594798.0,Jacob deGrom,Texas Rangers,R,MMM,2026-09-25,823652,False,Minnesota Twins,Target Field,listed,0.32,0.208,0.012,0.214,0.326,0.0065,106,65.0,-4.0,0.0,Fri 09/25 07:10 PM,11.74,10.83,11.16,0,30,4.88,97.4,0.1,32.0,-1.1,29.0,5.1,4.4,0,2.0,-1.4,97.3,30.4,33.1,,120.3,118.6,3.37,30.4,0.284,6.5,,6.0,starter,5.2,31,10.5,0.973,0.971,1.016,1.0,-0.33,10.93,False,10.93,,,,True,Active
663554.0,Casey Mize,San Diego Padres,R,THALER,2026-09-25,823248,True,Arizona Diamondbacks,Petco Park,listed,0.305,0.211,0.11,0.212,0.32,0.0155,94,73.0,-3.7,0.0,Fri 09/25 06:40 PM,8.37,8.4,8.81,0,25,4.6,92.8,-0.5,16.8,-6.4,22.5,0.3,4.0,0,2.0,-4.9,93.3,27.4,23.2,,101.5,101.0,3.73,20.6,0.298,4.2,,6.0,starter,5.1,26,2.9,1.025,1.031,1.003,1.03,-0.19,8.94,False,8.94,,,,True,Injured 15-Day (cleared in Fantrax)
694297.0,Brandon Pfaadt,Arizona Diamondbacks,R,Dpf,2026-09-25,823248,False,San Diego Padres,Petco Park,listed,0.315,0.21,-0.047,0.207,0.318,0.0032,94,73.0,-3.7,0.0,Fri 09/25 06:40 PM,9.92,9.35,10.8,10,18,6.0,93.3,0.2,21.7,1.5,25.6,8.2,6.2,0,2.0,-0.7,93.1,26.3,20.2,,94.6,93.1,3.87,16.4,0.303,3.9,,5.0,starter,6.0,19,9.0,0.991,1.031,1.003,1.0,-0.19,9.98,False,9.98,,,,True,Active
682052.0,Jacob Lopez,Athletics,L,FA,2026-09-25,824947,True,Houston Astros,Sutter Health Park,listed,0.308,0.22,0.081,0.234,0.312,0.0038,100,75.0,8.0,0.0,Fri 09/25 06:40 PM,7.86,7.07,7.28,3,23,4.53,90.0,-0.3,21.5,-2.8,25.6,2.8,4.1,0,2.0,-1.5,90.3,27.1,24.2,,94.5,94.7,3.68,20.4,0.296,4.3,,6.0,starter,4.8,24,5.3,1.013,1.0,0.977,1.03,-0.04,7.97,False,7.97,,,,True,Active
686613.0,Hunter Brown,Houston Astros,R,MMM,2026-09-25,824947,False,Athletics,Sutter Health Park,listed,0.314,0.212,-0.038,0.217,0.304,-0.0103,100,75.0,8.0,0.0,Fri 09/25 06:40 PM,10.67,11.07,11.21,0,19,5.23,96.1,-0.1,28.7,2.7,31.0,12.4,5.1,0,2.0,1.6,96.2,29.4,26.0,FC 5%,105.4,106.9,3.25,28.1,0.279,6.2,,6.0,starter,5.4,20,12.1,0.992,1.0,0.977,1.0,-0.23,10.11,False,10.11,,,,True,Active
682243.0,Bryce Miller,Seattle Mariners,R,CJF,2026-09-25,823085,True,Los Angeles Angels,T-Mobile Park,listed,0.297,0.265,0.065,0.268,0.29,-0.0069,85,54.0,0.0,9.0,Fri 09/25 07:10 PM,10.57,8.94,9.33,1,20,5.4,95.6,-0.3,22.3,-2.5,23.5,9.1,5.4,0,2.0,-2.9,95.9,26.3,24.8,,109.7,108.2,3.65,24.4,0.295,5.5,,5.0,starter,5.4,21,7.9,1.051,1.085,1.0,1.03,0.87,13.28,False,13.28,,,,True,Active
672282.0,Reid Detmers,Los Angeles Angels,L,LTTA,2026-09-25,823085,False,Seattle Mariners,T-Mobile Park,listed,0.289,0.234,-0.04,0.223,0.316,0.0275,85,54.0,0.0,9.0,Fri 09/25 07:10 PM,11.84,12.22,12.06,0,31,5.68,94.1,0.0,28.1,-1.0,31.7,12.7,5.7,0,2.0,0.7,94.1,31.0,29.0,,110.7,109.6,3.25,28.4,0.279,6.6,,6.0,starter,5.8,32,15.0,1.081,1.085,1.0,1.0,0.29,14.17,False,14.17,,,,True,Active
805074.0,Yunior Marte,San Francisco Giants,R,FA,2026-09-25,823167,True,Los Angeles Dodgers,Oracle Park,listed,0.333,0.202,-0.042,0.197,0.328,-0.0053,94,61.0,11.8,0.0,Fri 09/25 07:15 PM,6.54,4.78,10.17,2,2,4.99,93.1,0.0,19.5,0.0,21.9,4.8,4.8,0,2.0,0.0,93.1,21.9,19.5,,,,,,,3.0,,3.0,starter,4.8,3,4.8,0.926,1.031,0.991,1.03,-0.35,6.02,False,6.02,,,,False,Reassigned to Minors
669373.0,Tarik Skubal,Los Angeles Dodgers,L,CH,2026-09-25,823167,False,San Francisco Giants,Oracle Park,listed,0.288,0.26,0.19,0.254,0.256,-0.0324,94,61.0,11.8,0.0,Fri 09/25 07:15 PM,13.75,13.87,13.59,0,25,6.11,96.8,0.1,29.5,-2.2,32.1,15.0,6.3,0,2.0,0.2,96.8,31.9,31.7,,121.5,118.9,3.06,29.5,0.271,7.2,,6.0,starter,6.1,26,13.8,1.083,1.031,0.991,1.0,0.95,16.16,False,16.16,,,,True,Active
813349.0,Connelly Early,Washington Nationals,L,GK,2026-09-26,822678,True,New York Mets,Nationals Park,listed,0.299,0.217,-0.086,0.207,0.301,0.0013,104,65.0,-9.5,31.0,Sat 09/26 12:35 PM,7.21,10.09,10.45,0,17,4.85,92.6,-1.4,14.3,-9.2,26.5,10.0,4.3,0,1.0,-1.9,94.0,28.3,23.5,,99.3,100.0,4.36,23.8,0.32,5.2,,1.0,starter,5.3,18,9.5,1.045,0.981,1.027,1.03,-0.1,7.72,False,7.72,,,,True,Active
804636.0,Jonah Tong,New York Mets,R,FA,2026-09-26,822678,False,Washington Nationals,Nationals Park,listed,0.317,0.218,0.081,0.233,0.31,-0.0065,104,65.0,-9.5,31.0,Sat 09/26 12:35 PM,8.25,10.67,14.22,3,3,5.2,94.6,0.0,34.1,0.0,31.1,11.6,5.2,0,1.0,0.0,94.6,31.1,34.1,,,,,,,6.8,,4.0,starter,5.2,4,10.7,0.984,0.981,1.027,1.0,-0.07,8.1,False,8.1,,,,True,Active
434378.0,Justin Verlander,Detroit Tigers,,FA,2026-09-26,824219,True,Pittsburgh Pirates,Comerica Park,listed,0.328,0.224,-0.088,0.222,0.334,0.006,100,71.0,5.1,0.0,Sat 09/26 01:10 PM,6.64,4.5,,0,0,4.92,92.6,-0.3,21.3,2.7,22.0,4.5,4.5,0,1.0,-1.4,92.9,23.4,18.6,,,,,,,3.5,,1.0,spot/relief,4.5,2,4.5,0.942,1.0,0.988,1.03,0.04,6.41,False,6.41,,,,True,Active
489446.0,Kirby Yates,Pittsburgh Pirates,R,FA,2026-09-26,824219,False,Detroit Tigers,Comerica Park,listed,0.316,0.234,0.074,0.241,0.329,0.0129,100,71.0,5.1,0.0,Sat 09/26 01:10 PM,6.65,2.67,,45,0,4.32,90.2,0.0,15.4,0.0,21.4,2.7,1.7,0,1.0,0.0,90.2,21.4,15.4,,,,,,,1.0,,1.0,spot/relief,1.7,1,2.7,0.984,1.0,0.988,1.0,0.22,6.69,False,6.69,,,,True,Active
702056.0,Trey Yesavage,Toronto Blue Jays,R,BAMBI,2026-09-26,822759,True,Cincinnati Reds,Rogers Centre,listed,0.303,0.263,0.055,0.267,0.309,0.0053,102,70.0,0.0,0.0,Sat 09/26 03:07 PM,7.76,9.13,9.7,0,18,3.67,93.1,-1.2,33.3,3.2,32.9,3.3,2.0,0,1.0,4.0,94.2,28.9,30.2,,104.6,106.0,3.4,23.6,0.285,4.8,,2.0,starter,4.9,20,6.7,1.031,0.99,1.0,1.03,0.77,8.92,True,17.380000000000003,,,,True,Active
695076.0,Rhett Lowder,Cincinnati Reds,R,FA,2026-09-26,822759,False,Toronto Blue Jays,Rogers Centre,listed,0.308,0.174,-0.138,0.167,0.316,0.0077,102,70.0,0.0,0.0,Sat 09/26 03:07 PM,6.47,6.55,6.69,3,25,4.81,93.9,0.8,15.3,-3.1,23.8,6.3,4.7,0,1.0,-2.1,93.1,25.9,18.4,,85.4,86.2,5.51,17.4,0.355,3.8,,6.0,starter,4.9,26,3.9,1.014,0.99,1.0,1.0,-0.77,5.73,False,5.73,,,,True,Active
683363.0,Matt Wilkinson,San Francisco Giants,L,FA,2026-09-26,823165,True,Los Angeles Dodgers,Oracle Park,listed,0.328,0.196,-0.042,0.197,0.317,-0.0105,94,69.0,7.0,1.0,Sat 09/26 01:05 PM,6.41,5.28,7.33,2,5,4.21,90.3,-0.0,19.0,2.3,27.9,5.3,3.7,0,1.0,2.4,90.3,25.6,16.8,,,,,,,2.7,,4.0,opener/bulk,3.8,6,5.9,0.944,1.031,0.988,1.03,-0.41,5.94,False,5.94,,,,True,Active
605483.0,Blake Snell,Los Angeles Dodgers,L,BAMBI,2026-09-26,823165,False,San Francisco Giants,Oracle Park,listed,0.288,0.26,0.19,0.254,0.256,-0.0324,94,69.0,7.0,1.0,Sat 09/26 01:05 PM,9.39,11.63,12.33,0,8,4.41,96.0,-0.0,32.8,-2.0,31.2,6.9,3.6,0,1.0,-1.1,96.0,32.3,34.8,,,,,,,6.1,,5.0,starter,4.7,9,10.3,1.083,1.031,0.988,1.0,0.8,11.16,False,11.16,,,,True,Active
641927.0,Bailey Ober,Minnesota Twins,R,FA,2026-09-26,823653,True,Texas Rangers,Target Field,listed,0.304,0.235,0.073,0.244,0.297,-0.0065,106,59.0,-7.8,64.0,Sat 09/26 03:10 PM,7.13,8.25,8.7,1,23,5.12,88.0,-0.0,24.4,3.8,26.4,6.2,4.9,0,1.0,0.6,88.0,25.8,20.5,,85.6,85.6,4.51,17.0,0.325,3.9,,4.0,starter,5.3,24,6.9,1.028,0.971,1.033,1.03,0.2,7.79,False,7.79,,,,True,Active
543135.0,Nathan Eovaldi,Texas Rangers,R,LTTA,2026-09-26,823653,False,Minnesota Twins,Target Field,listed,0.32,0.208,0.012,0.214,0.326,0.0065,106,59.0,-7.8,64.0,Sat 09/26 03:10 PM,9.07,11.22,11.88,4,22,5.4,88.7,-1.6,17.6,-12.5,23.9,5.6,4.9,0,1.0,-6.6,90.3,30.5,30.1,,112.1,110.2,4.24,24.0,0.316,6.1,,1.0,starter,6.0,23,7.3,0.973,0.971,1.033,1.0,-0.31,8.54,False,8.54,,,,True,Active
667652.0,Jack Ralston,Miami Marlins,R,FA,2026-09-26,823813,True,Atlanta Braves,loanDepot park,listed,0.317,0.215,-0.02,0.213,0.322,0.0044,100,84.0,0.0,5.0,Sat 09/26 04:10 PM,6.41,0.33,,15,0,4.23,93.5,0.0,7.1,0.0,27.3,0.3,1.3,0,1.0,0.0,93.5,27.3,7.1,,,,,,,2.0,,1.0,spot/relief,1.3,1,0.3,0.981,1.0,1.0,1.03,-0.13,6.35,False,6.35,,,,True,Active
608718.0,Brent Suter,Atlanta Braves,L,FA,2026-09-26,823813,False,Miami Marlins,loanDepot park,listed,0.301,0.234,0.038,0.225,0.315,0.0143,100,84.0,0.0,5.0,Sat 09/26 04:10 PM,5.91,3.17,41.33,50,3,3.48,90.0,2.5,40.0,11.0,39.5,3.2,2.2,0,1.0,7.2,87.5,32.4,29.0,,,,4.01,20.3,0.308,1.8,,1.0,opener/bulk,2.2,4,3.2,1.038,1.0,1.0,1.0,0.19,6.32,False,6.32,,,,True,Active
669160.0,Dustin May,Milwaukee Brewers,R,THALER,2026-09-26,823733,True,St. Louis Cardinals,American Family Field,listed,0.302,0.236,0.166,0.241,0.306,0.0043,96,57.0,0.0,0.0,Sat 09/26 06:10 PM,7.03,9.15,9.51,0,29,3.72,96.5,-0.4,27.3,4.1,28.5,3.8,2.4,0,1.0,0.2,96.9,28.3,23.1,,102.2,101.9,4.42,22.9,0.322,4.6,,6.0,starter,4.7,31,6.8,1.035,1.021,1.0,1.03,0.25,7.9,True,14.71,,,,True,Active
687273.0,Quinn Mathews,St. Louis Cardinals,L,FA,2026-09-26,823733,False,Milwaukee Brewers,American Family Field,listed,0.311,0.227,0.14,0.245,0.313,0.0027,96,57.0,0.0,0.0,Sat 09/26 06:10 PM,8.39,9.59,9.67,0,8,5.69,93.2,-0.2,27.1,0.5,28.5,12.6,6.2,0,1.0,0.2,93.4,28.3,26.6,,,,,,,5.1,,6.0,starter,5.5,9,11.5,1.005,1.021,1.0,1.0,0.1,8.7,False,8.7,,,,True,Active
608379.0,Michael Wacha,Kansas City Royals,R,CJF,2026-09-26,824057,True,Cleveland Guardians,Kauffman Stadium,listed,0.31,0.188,-0.175,0.177,0.312,0.0023,104,71.0,-1.0,22.0,Sat 09/26 06:10 PM,10.45,11.52,11.49,0,31,6.06,93.7,0.5,25.8,3.9,29.2,8.3,6.0,0,1.0,2.4,93.2,26.9,21.9,,96.6,96.3,3.98,19.6,0.307,4.9,,6.0,starter,6.3,32,10.6,1.008,0.981,1.001,1.03,-0.65,10.0,False,10.0,,,,True,Active
676440.0,Tanner Bibee,Cleveland Guardians,R,CJF,2026-09-26,824057,False,Kansas City Royals,Kauffman Stadium,listed,0.316,0.204,-0.008,0.208,0.321,0.0048,104,71.0,-1.0,22.0,Sat 09/26 06:10 PM,12.79,9.73,9.62,0,32,5.69,93.9,4.0,21.6,-2.0,25.7,9.8,5.8,0,1.0,-2.1,85.8,27.8,23.6,,100.5,100.3,4.3,18.8,0.318,4.5,,6.0,starter,5.7,33,6.5,0.986,0.981,1.001,1.0,-0.32,12.06,False,12.06,,,,True,Active
663436.0,Davis Martin,Chicago White Sox,R,CH,2026-09-26,824543,True,Colorado Rockies,Rate Field,listed,0.327,0.222,0.012,0.23,0.333,0.0068,98,59.0,-1.7,0.0,Sat 09/26 06:10 PM,6.51,8.56,9.05,1,27,4.28,93.3,-0.6,23.5,-0.4,25.5,5.0,3.3,0,1.0,-1.5,93.8,27.0,23.9,,95.0,95.8,4.67,19.8,0.33,4.4,,4.0,starter,5.0,28,5.1,0.949,1.01,1.02,1.03,-0.0,6.55,False,6.55,,,,True,Active
500779.0,Jose Quintana,Colorado Rockies,L,FA,2026-09-26,824543,False,Chicago White Sox,Rate Field,listed,0.325,0.254,0.066,0.255,0.318,-0.0077,98,59.0,-1.7,0.0,Sat 09/26 06:10 PM,5.68,4.36,4.4,0,10,3.92,89.1,-0.6,20.0,-0.9,23.8,0.8,2.8,0,1.0,1.3,89.7,22.6,20.9,,,,,,,2.3,,2.0,starter,4.4,11,2.6,0.953,1.01,1.02,1.0,0.43,6.01,False,6.01,,,,True,Active
605400.0,Aaron Nola,Philadelphia Phillies,R,Dpf,2026-09-26,823407,True,Tampa Bay Rays,Citizens Bank Park,listed,0.327,0.196,0.058,0.196,0.329,0.0027,104,60.0,-9.5,37.0,Sat 09/26 07:15 PM,8.4,9.37,9.72,0,31,5.01,92.1,-0.2,21.3,-5.7,27.0,7.7,4.7,0,1.0,-2.7,92.3,29.8,27.1,,97.4,96.1,4.12,23.7,0.312,5.4,,6.0,starter,5.3,33,9.9,0.949,0.981,1.035,1.03,-0.53,7.8,True,16.23,,,,True,Active
643377.0,Griffin Jax,Tampa Bay Rays,R,FA,2026-09-26,823407,False,Philadelphia Phillies,Citizens Bank Park,listed,0.306,0.2,-0.16,0.188,0.32,0.0143,104,60.0,-9.5,37.0,Sat 09/26 07:15 PM,9.12,7.88,8.29,11,22,4.5,94.9,-0.3,22.9,-7.1,28.6,8.7,4.3,0,1.0,-2.5,95.2,31.1,29.9,,112.7,112.4,4.36,25.6,0.32,4.6,,5.0,starter,4.5,23,5.9,1.021,0.981,1.035,1.0,-0.4,9.05,False,9.05,,,,True,Active
621111.0,Walker Buehler,San Diego Padres,R,CS,2026-09-26,823245,True,Arizona Diamondbacks,Petco Park,listed,0.305,0.211,0.11,0.212,0.32,0.0155,94,77.0,-0.2,0.0,Sat 09/26 05:40 PM,8.13,7.3,7.42,0,31,4.93,90.7,0.2,16.1,-3.6,25.2,7.0,5.0,0,1.0,-1.1,90.4,26.3,19.7,,93.0,93.1,4.21,20.2,0.315,4.1,,6.0,starter,4.8,32,7.1,1.025,1.031,0.99,1.03,-0.18,8.57,False,8.57,,,,True,Active
664199.0,Taylor Clarke,Arizona Diamondbacks,R,FA,2026-09-26,823245,False,San Diego Padres,Petco Park,listed,0.315,0.21,-0.047,0.207,0.318,0.0032,94,77.0,-0.2,0.0,Sat 09/26 05:40 PM,6.01,1.17,88.33,69,1,3.59,95.2,0.0,33.3,0.0,28.9,1.2,1.2,0,1.0,0.0,95.2,28.9,33.3,,,,4.36,16.0,0.32,0.5,,2.0,spot/relief,1.2,2,1.2,0.991,1.031,0.99,1.0,-0.19,5.89,False,5.89,,,,True,Active
807739.0,Kade Anderson,Seattle Mariners,L,BAMBI,2026-09-26,823083,True,Los Angeles Angels,T-Mobile Park,listed,0.304,0.257,0.065,0.268,0.293,-0.0107,85,54.0,0.0,0.0,Sat 09/26 06:40 PM,7.83,8.67,8.89,0,6,5.05,93.5,-0.0,23.7,-0.4,25.7,9.9,4.9,0,1.0,-0.2,93.5,25.9,24.0,,,,,,,4.6,,6.0,starter,5.1,7,9.5,1.029,1.085,1.0,1.03,0.64,9.65,False,9.65,,,,True,Active
696270.0,Ryan Johnson,Los Angeles Angels,R,FA,2026-09-26,823083,False,Seattle Mariners,T-Mobile Park,listed,0.312,0.221,-0.04,0.223,0.317,0.0045,85,54.0,0.0,0.0,Sat 09/26 06:40 PM,7.58,7.53,7.72,3,18,5.12,90.0,0.2,21.2,-1.7,26.9,9.2,5.2,0,1.0,-0.4,89.8,27.3,22.9,,91.1,91.5,4.89,18.5,0.337,4.0,,6.0,starter,5.0,19,10.9,0.999,1.085,1.0,1.0,-0.01,8.21,False,8.21,,,,True,Active
678022.0,Jack Perkins,Athletics,R,FA,2026-09-26,824949,True,Houston Astros,Sutter Health Park,listed,0.319,0.231,0.081,0.234,0.327,0.0084,100,77.0,3.7,0.0,Sat 09/26 06:40 PM,7.45,7.25,10.81,20,16,5.32,93.1,-2.3,29.7,2.8,29.2,13.2,5.9,0,1.0,0.1,95.5,29.1,26.9,,99.5,99.1,4.04,25.2,0.309,5.6,,6.0,starter,4.8,17,10.1,0.977,1.0,0.983,1.03,0.19,7.55,False,7.55,,,,True,Active
669713.0,Hayden Wesneski,Houston Astros,R,GLIZZY,2026-09-26,824949,False,Athletics,Sutter Health Park,listed,0.314,0.212,-0.038,0.217,0.304,-0.0103,100,77.0,3.7,0.0,Sat 09/26 06:40 PM,8.48,9.55,9.0,0,10,5.3,93.3,-0.2,19.6,-4.0,28.9,8.1,5.1,0,1.0,1.2,93.5,27.7,23.6,,,,3.9,18.7,0.304,4.2,,5.0,starter,5.5,11,10.1,0.992,1.0,0.983,1.0,-0.18,8.09,False,8.09,,,,True,Active
687792.0,DJ Herz,Washington Nationals,,FA,2026-09-27,822679,True,New York Mets,Nationals Park,listed,0.311,0.212,-0.086,0.207,0.322,0.0113,104,61.0,-2.5,49.0,Sun 09/27 01:05 PM,6.79,4.0,,0,0,4.9,93.0,0.0,27.6,0.0,28.6,4.0,4.0,0,6.0,0.0,93.0,28.6,27.6,,,,,,,4.0,,1.0,spot/relief,4.0,1,4.0,1.004,0.981,1.019,1.03,-0.2,6.82,True,13.79,,,,True,Active
640455.0,Sean Manaea,New York Mets,L,FA,2026-09-27,822679,False,Washington Nationals,Nationals Park,listed,0.335,0.248,0.081,0.233,0.329,-0.0061,104,61.0,-2.5,49.0,Sun 09/27 01:05 PM,7.97,9.7,13.04,14,17,5.5,91.8,-0.0,17.7,-4.0,26.5,10.4,5.4,0,5.0,-0.2,91.8,26.7,21.7,,92.4,92.0,4.89,22.0,0.337,5.3,,4.0,starter,5.6,18,7.3,0.92,0.981,1.019,1.0,0.51,7.84,True,16.28,,,,True,Active
695684.0,Elmer Rodríguez,New York Yankees,R,THALER,2026-09-27,823490,True,Baltimore Orioles,Yankee Stadium,listed,0.313,0.261,0.152,0.281,0.31,-0.0031,102,63.0,-10.3,37.0,Sun 09/27 01:05 PM,6.68,5.94,5.94,0,6,4.73,96.2,0.5,37.1,7.8,31.9,7.6,4.6,0,27.0,1.9,95.8,30.0,29.3,,,,,,,3.5,,1.0,starter,4.4,6,6.1,0.997,0.99,1.032,1.03,0.67,7.68,False,7.68,,,,True,Reassigned to Minors (cleared in Fantrax)
669358.0,Shane Baz,Baltimore Orioles,R,THALER,2026-09-27,823490,False,New York Yankees,Yankee Stadium,listed,0.311,0.246,-0.018,0.243,0.316,0.0053,102,63.0,-10.3,37.0,Sun 09/27 01:05 PM,8.36,10.12,10.13,0,30,5.58,95.1,-0.8,14.5,-7.1,24.7,6.1,5.4,0,6.0,-1.5,95.9,26.3,21.6,,95.5,95.5,4.21,20.5,0.315,5.0,,5.0,starter,5.8,31,8.3,1.004,0.99,1.032,1.0,0.46,9.04,True,16.84,,,,True,Active
693313.0,Carson Seymour,San Francisco Giants,R,FA,2026-09-27,823164,True,Los Angeles Dodgers,Oracle Park,listed,0.333,0.202,-0.042,0.197,0.328,-0.0053,94,65.0,12.0,1.0,Sun 09/27 12:05 PM,7.1,,,24,0,5.2,,,,,,,,0,,,,,,,,,,,,,,0.0,spot/relief,,0,,0.926,1.031,0.984,1.03,-0.38,6.5,False,6.5,,,,True,Active
554430.0,Zack Wheeler,Philadelphia Phillies,R,GLIZZY,2026-09-27,823408,True,Tampa Bay Rays,Citizens Bank Park,listed,0.327,0.196,0.058,0.196,0.329,0.0027,104,63.0,-12.1,42.0,Sun 09/27 03:05 PM,13.18,13.15,13.13,0,26,6.07,95.5,0.3,31.6,0.7,29.2,16.2,6.6,0,5.0,-0.2,95.2,29.4,30.9,,114.6,112.8,2.99,29.5,0.268,7.0,,5.0,starter,5.8,27,16.3,0.949,0.981,1.036,1.03,-0.64,12.44,True,25.57,,,,True,Active
607259.0,Nick Martinez,Tampa Bay Rays,R,Dpf,2026-09-27,823408,False,Philadelphia Phillies,Citizens Bank Park,listed,0.306,0.2,-0.16,0.188,0.32,0.0143,104,63.0,-12.1,42.0,Sun 09/27 03:05 PM,9.24,10.04,9.87,0,29,5.79,92.2,-0.1,18.4,1.1,27.3,11.4,5.8,0,5.0,1.1,92.4,26.2,17.3,,94.3,91.4,4.04,14.8,0.309,3.6,,5.0,starter,5.9,30,11.3,1.021,0.981,1.036,1.0,-0.34,9.25,True,19.09,,,,True,Active
684007.0,Shota Imanaga,Chicago Cubs,L,GK,2026-09-27,824705,False,Boston Red Sox,Tropicana Field,listed,0.32,0.232,0.131,0.24,0.308,-0.0125,94,84.0,0.0,0.0,Sun 09/27 03:05 PM,10.68,10.59,10.58,0,30,5.59,91.6,0.0,33.2,3.4,29.6,13.3,5.7,0,5.0,0.5,91.6,29.1,29.8,,106.6,105.3,3.81,24.0,0.301,5.5,,5.0,starter,5.6,31,11.2,0.971,1.031,1.0,1.0,0.2,10.89,True,23.240000000000002,,,,True,Active
686751.0,Seth Johnson,Athletics,R,FA,2026-09-27,824948,True,Houston Astros,Sutter Health Park,listed,0.319,0.231,0.081,0.234,0.327,0.0084,100,76.0,6.9,2.0,Sun 09/27 12:05 PM,7.1,,,27,0,5.2,,,,,,,,0,,,,,,,,,,,,,,0.0,spot/relief,,0,,0.977,1.0,0.978,1.03,0.18,7.17,False,7.17,,,,True,Active
663567.0,Peter Lambert,Houston Astros,R,GLIZZY,2026-09-27,824948,False,Athletics,Sutter Health Park,listed,0.314,0.212,-0.038,0.217,0.304,-0.0103,100,76.0,6.9,2.0,Sun 09/27 12:05 PM,9.7,10.02,10.22,0,27,5.09,93.8,-0.1,24.5,-1.0,30.0,8.3,4.7,0,3.0,2.2,93.9,27.8,25.5,,102.3,102.0,3.68,22.9,0.296,5.5,,5.0,starter,5.5,28,9.5,0.992,1.0,0.978,1.0,-0.21,9.2,True,18.31,,,,True,Active
453286.0,Max Scherzer,Toronto Blue Jays,R,FA,2026-09-27,822761,True,Cincinnati Reds,Rogers Centre,listed,0.303,0.263,0.055,0.267,0.309,0.0053,102,76.0,0.0,1.0,Sun 09/27 03:07 PM,6.83,5.98,5.85,0,16,4.85,92.4,-0.5,24.8,4.3,29.1,5.7,5.0,0,4.0,4.3,93.0,24.9,20.4,,87.1,86.4,4.36,17.1,0.32,3.6,,5.0,starter,4.6,17,8.5,1.031,0.99,1.0,1.03,0.65,7.83,True,127.99,,,,True,Active
682227.0,Brandon Williamson,Cincinnati Reds,L,FA,2026-09-27,822761,False,Toronto Blue Jays,Rogers Centre,listed,0.289,0.183,-0.138,0.167,0.292,0.0036,102,76.0,0.0,1.0,Sun 09/27 03:07 PM,6.83,6.42,7.38,3,7,4.94,91.0,2.1,25.6,1.2,29.9,7.4,4.8,0,5.0,4.4,88.9,25.5,24.3,,,,,,,3.2,,2.0,starter,4.9,8,6.2,1.082,0.99,1.0,1.0,-0.63,6.68,True,13.51,,,,True,Active
669302.0,Logan Gilbert,Seattle Mariners,R,BB,2026-09-27,823084,True,Los Angeles Angels,T-Mobile Park,listed,0.297,0.265,0.065,0.268,0.29,-0.0069,85,59.0,0.0,0.0,Sun 09/27 12:10 PM,12.2,11.55,11.83,0,30,5.72,96.8,0.4,35.3,5.0,29.4,12.3,5.7,0,5.0,-0.5,96.3,29.9,30.3,,114.8,113.8,3.63,27.2,0.294,6.4,,5.0,starter,5.9,31,10.1,1.051,1.085,1.0,1.03,0.99,15.32,True,28.86,,,,True,Active
579328.0,Yusei Kikuchi,Los Angeles Angels,L,FA,2026-09-27,823084,False,Seattle Mariners,T-Mobile Park,listed,0.289,0.234,-0.04,0.223,0.316,0.0275,85,59.0,0.0,0.0,Sun 09/27 12:10 PM,8.15,7.74,7.94,0,12,4.78,95.8,0.2,23.3,-1.8,27.2,5.9,4.6,0,5.0,-0.2,95.6,27.3,25.1,,100.9,102.6,4.96,22.3,0.339,4.6,,5.0,starter,4.8,13,9.7,1.081,1.085,1.0,1.0,0.22,9.78,True,17.979999999999997,,,,True,Active
681190.0,Randy Vásquez,San Diego Padres,R,FA,2026-09-27,823246,True,Arizona Diamondbacks,Petco Park,listed,0.305,0.211,0.11,0.212,0.32,0.0155,94,80.0,-2.0,9.0,Sun 09/27 12:10 PM,7.98,7.14,8.35,9,22,5.29,96.0,1.0,22.2,2.7,31.9,8.2,5.6,4,26.0,6.8,95.0,25.1,19.5,,89.8,89.8,5.62,15.0,0.358,3.1,,1.0,starter,5.0,22,7.9,1.025,1.031,0.989,1.03,-0.16,8.44,False,8.44,,,,True,Active
647336.0,Michael Soroka,Arizona Diamondbacks,R,FA,2026-09-27,823246,False,San Diego Padres,Petco Park,listed,0.315,0.21,-0.047,0.207,0.318,0.0032,94,80.0,-2.0,9.0,Sun 09/27 12:10 PM,9.02,10.37,10.18,1,19,5.23,,,,,,9.8,5.1,0,5.0,,93.5,27.1,22.0,,99.1,97.7,4.21,23.5,0.315,5.3,,2.0,starter,5.4,20,9.3,0.991,1.031,0.989,1.0,-0.23,8.88,True,16.560000000000002,,,,True,Active
665152.0,Dean Kremer,Minnesota Twins,R,CH,2026-09-27,823650,True,Texas Rangers,Target Field,listed,0.304,0.235,0.073,0.244,0.297,-0.0065,106,66.0,1.7,0.0,Sun 09/27 02:10 PM,8.62,8.46,8.46,0,16,5.35,92.3,-0.4,30.2,1.4,30.6,11.2,5.6,0,7.0,0.8,92.7,29.8,28.7,,99.0,99.5,4.48,24.0,0.324,5.1,,5.0,starter,5.2,16,8.1,1.028,0.971,1.003,1.03,0.25,9.14,False,9.14,,,,True,Active
669022.0,MacKenzie Gore,Texas Rangers,L,GLIZZY,2026-09-27,823650,False,Minnesota Twins,Target Field,listed,0.299,0.225,0.012,0.214,0.305,0.0052,106,66.0,1.7,0.0,Sun 09/27 02:10 PM,8.09,8.9,8.99,0,32,4.79,94.4,-0.8,13.8,-11.9,18.9,3.0,4.3,0,5.0,-7.6,95.2,26.5,25.6,,103.4,104.6,4.09,23.9,0.311,5.3,,5.0,starter,5.2,33,3.3,1.044,0.971,1.003,1.0,0.06,8.29,True,17.479999999999997,,,,True,Active
694819.0,Jacob Misiorowski,Milwaukee Brewers,R,MMM,2026-09-27,823731,True,St. Louis Cardinals,American Family Field,listed,0.302,0.236,0.166,0.241,0.306,0.0043,96,67.0,0.0,0.0,Sun 09/27 02:10 PM,16.03,16.25,16.25,0,29,5.3,100.8,0.2,33.6,-3.6,32.8,12.4,4.8,0,7.0,-2.7,100.6,35.5,37.3,,139.6,138.6,2.08,38.2,0.223,8.5,,4.0,starter,5.8,29,11.1,1.035,1.021,1.0,1.03,0.4,17.84,False,17.84,,,,True,Active
669467.0,Andre Pallante,St. Louis Cardinals,R,CS,2026-09-27,823731,False,Milwaukee Brewers,American Family Field,listed,0.331,0.239,0.14,0.245,0.334,0.0025,96,67.0,0.0,0.0,Sun 09/27 02:10 PM,9.32,8.57,8.48,0,27,5.44,95.7,0.4,20.8,-0.6,21.9,6.7,5.3,0,5.0,-4.9,95.2,26.7,21.4,,96.6,97.8,4.04,16.5,0.309,3.8,,4.0,starter,5.6,28,6.4,0.932,1.021,1.0,1.0,0.27,9.14,True,18.130000000000003,,,,True,Active
676083.0,Janson Junk,Miami Marlins,R,FA,2026-09-27,823814,True,Atlanta Braves,loanDepot park,listed,0.317,0.215,-0.02,0.213,0.322,0.0044,100,83.0,0.0,6.0,Sun 09/27 03:10 PM,5.91,6.54,6.39,1,23,4.39,93.7,-0.3,11.3,-3.4,22.0,4.0,3.7,0,5.0,-2.5,94.0,24.5,14.8,,85.0,83.8,4.42,16.0,0.322,3.5,,5.0,starter,4.9,24,5.1,0.981,1.0,1.0,1.03,-0.11,5.87,True,11.33,,,,True,Active
702275.0,JR Ritchie,Atlanta Braves,R,FA,2026-09-27,823814,False,Miami Marlins,loanDepot park,listed,0.324,0.218,0.038,0.225,0.325,0.0014,100,83.0,0.0,6.0,Sun 09/27 03:10 PM,7.65,7.13,9.96,6,9,4.85,95.4,0.8,23.1,0.4,26.8,7.2,4.6,0,5.0,0.8,94.6,26.0,22.7,,93.0,96.0,5.3,20.9,0.349,4.9,,2.0,starter,4.9,10,6.7,0.958,1.0,1.0,1.0,-0.07,7.25,True,16.07,,,,True,Active
663738.0,Daniel Lynch IV,Kansas City Royals,L,FA,2026-09-27,824055,True,Cleveland Guardians,Kauffman Stadium,listed,0.297,0.195,-0.175,0.177,0.294,-0.0037,104,74.0,-4.9,2.0,Sun 09/27 02:10 PM,8.32,2.96,11.83,46,8,4.49,93.4,-0.1,14.4,-1.1,23.5,3.7,4.7,0,5.0,-1.3,93.5,24.8,15.5,,100.6,101.1,4.04,16.7,0.309,2.1,,5.0,starter,3.9,9,3.1,1.051,0.981,1.004,1.03,-0.37,8.5,True,17.07,,,,True,Active
800048.0,Parker Messick,Cleveland Guardians,L,BAMBI,2026-09-27,824055,False,Kansas City Royals,Kauffman Stadium,listed,0.303,0.218,-0.008,0.208,0.298,-0.0054,104,74.0,-4.9,2.0,Sun 09/27 02:10 PM,12.01,12.2,12.31,0,30,5.64,94.8,0.4,26.1,0.1,28.3,11.1,5.4,0,5.0,0.1,94.3,28.2,26.0,,108.7,108.3,3.11,26.2,0.273,6.2,,5.0,starter,5.9,31,13.3,1.031,0.981,1.004,1.0,-0.1,12.08,True,23.98,,,,True,Active
689981.0,River Ryan,Detroit Tigers,,FA,2026-09-27,824217,True,Pittsburgh Pirates,Comerica Park,listed,0.328,0.224,-0.088,0.222,0.334,0.006,100,75.0,8.2,0.0,Sun 09/27 03:10 PM,7.0,6.0,,0,0,4.65,96.5,0.0,33.3,0.0,32.6,6.0,3.0,0,6.0,0.0,96.5,32.6,33.3,,,,,,,3.0,,1.0,spot/relief,3.0,1,6.0,0.942,1.0,0.977,1.03,0.04,6.68,True,13.76,,,,True,Active
683003.0,Jared Jones,Pittsburgh Pirates,R,Dan,2026-09-27,824217,False,Detroit Tigers,Comerica Park,listed,0.316,0.234,0.074,0.241,0.329,0.0129,100,75.0,8.2,0.0,Sun 09/27 03:10 PM,12.02,9.88,9.35,0,19,5.56,98.1,-0.2,36.8,4.3,35.8,16.7,6.3,0,5.0,4.5,98.2,31.2,32.5,,115.7,116.4,3.45,28.7,0.287,5.9,,5.0,starter,4.9,20,15.3,0.984,1.0,0.977,1.0,0.26,11.82,True,25.16,,,,True,Active
641743.0,Anthony Kay,Chicago White Sox,L,GK,2026-09-27,824542,True,Colorado Rockies,Rate Field,listed,0.31,0.246,0.012,0.23,0.324,0.014,98,64.0,-0.7,0.0,Sun 09/27 02:10 PM,6.4,7.33,7.62,2,29,4.5,95.5,-0.4,19.6,-3.9,25.0,4.7,4.0,0,5.0,-1.4,95.9,26.4,23.5,,92.6,92.6,4.99,18.1,0.34,4.1,,5.0,starter,4.9,30,4.2,1.007,1.01,1.011,1.03,0.4,7.18,True,13.67,,,,True,Active
607536.0,Kyle Freeland,Colorado Rockies,L,FA,2026-09-27,824542,False,Chicago White Sox,Rate Field,listed,0.325,0.254,0.066,0.255,0.318,-0.0077,98,64.0,-0.7,0.0,Sun 09/27 02:10 PM,6.16,6.69,6.97,1,24,4.49,,,,,,2.2,3.6,0,5.0,,91.4,27.7,22.5,,89.7,87.9,5.33,18.1,0.35,4.2,,2.0,starter,5.3,25,5.2,0.953,1.01,1.011,1.0,0.54,6.53,True,11.21,,,,True,Active
