year,rank,mlbam_id,pos,eta,name
2019,1,665489,3B,2019,
2019,2,665487,SS,2019,
2019,3,650391,OF,,
2019,4,645302,OF,,
2019,5,668904,SS,2023,
2019,6,669222,3B/2B/OF,,
2019,7,666215,RHP,2023,
2019,8,663656,OF,,
2019,9,666135,OF/1B,2021,
2019,10,663898,2B/SS,2020,
2019,11,666182,SS,,
2019,12,666200,LHP,2020,
2019,13,677551,SS,2021,
2019,14,666176,OF,2020,
2019,15,669022,LHP,2022,
2019,16,666211,OF,2021,
2019,17,663554,RHP,2021,
2019,18,656629,RHP,2021,
2019,19,656605,RHP,2020,
2019,20,669374,,,
2019,21,656302,RHP,,
2019,22,663698,C,2022,
2019,23,649966,INF,,
2019,24,647336,RHP,,
2019,25,666198,SS/2B,2020,
2019,26,642336,C/OF,,
2019,27,664350,RHP,2023,
2019,28,641703,RHP,2022,
2019,29,656713,LHP,2021,
2019,30,657140,RHP,2020,
2019,31,668881,RHP,2022,
2019,32,666120,RHP,2021,
2019,33,621052,RHP,,
2019,34,663978,RHP,,
2019,35,657077,OF,,
2019,36,660688,C,2021,
2019,37,665506,OF,2022,
2019,38,663586,3B,,
2019,39,660821,OF,2021,
2019,40,673357,OF,2020,
2019,41,663474,RHP,2021,
2019,42,640462,LHP,2022,
2019,43,656954,LHP,2020,
2019,44,670541,OF,,
2019,45,669221,C,2020,
2019,46,663647,3B,2021,
2019,47,663611,2B,2021,
2019,48,672715,RHP,2021,
2019,49,670970,LHP,2020,
2019,50,657053,RHP,,
2019,51,624413,1B,,
2019,52,666159,RHP,2021,
2019,53,663697,2B/3B,2021,
2019,54,663903,RHP,2020,
2019,55,669461,LHP,2023,
2019,56,672284,OF,2021,
2019,57,664314,OF,2022,
2019,58,665926,SS,2020,
2019,59,664761,3B/1B,2020,
2019,60,665862,SS/2B,2021,
2019,61,669357,2B/3B,2022,
2019,62,657624,RHP,,
2019,63,656288,RHP,2021,
2019,64,666783,OF,2021,
2019,65,643376,C,,
2019,66,642528,RHP,2023,
2019,67,666134,OF/3B,2023,
2019,68,660813,RHP,2020,
2019,69,669160,RHP,2020,
2019,70,666158,SS/2B,2020,
2019,71,663624,OF/1B,2021,
2019,72,673258,RHP,2020,
2019,73,641541,RHP,2021,
2019,74,663531,LHP,2020,
2019,75,671277,SS/2B,2021,
2019,76,663878,RHP,2021,
2019,77,658431,RHP,2021,
2019,78,658530,RHP,2022,
2019,79,656308,3B/1B,,
2019,80,641540,RHP,2021,
2019,81,656686,RHP,2022,
2019,82,669060,RHP,2020,
2019,83,642203,RHP,2022,
2019,84,660613,C,2022,
2019,85,668968,RHP,2023,
2019,86,671221,OF,2023,
2019,87,680552,OF,2023,
2019,88,679881,OF,2023,
2019,89,668390,RHP,2023,
2019,90,669084,LHP,2023,
2019,91,643290,RHP,2020,
2019,92,671218,OF,2023,
2019,93,677960,LHP,2021,
2019,94,665804,C,2023,
2019,95,666213,3B/1B,2022,
2019,96,665833,SS,2022,
2019,97,656266,RHP,2021,
2019,98,672078,RHP,2022,
2019,99,673516,OF,2021,
2019,100,663538,SS/2B/OF,2020,
2020,1,677551,SS,2021,
2020,2,666158,SS/2B,2020,
2020,3,673357,OF,2020,
2020,4,668939,C,2022,
2020,5,669022,LHP,2022,
2020,6,666176,OF,2020,
2020,7,663554,RHP,2021,
2020,8,663878,RHP,2021,
2020,9,668904,SS,2023,
2020,10,677951,SS/3B,2022,
2020,11,672284,OF,2021,
2020,12,666200,LHP,2020,
2020,13,665506,OF,2022,
2020,14,663698,C,2022,
2020,15,656713,LHP,2021,
2020,16,683734,1B/OF,2021,
2020,17,666185,OF,2021,
2020,18,677594,OF,2022,
2020,19,666215,RHP,2023,
2020,20,656629,RHP,2021,
2020,21,666198,SS/2B,2020,
2020,22,664350,RHP,2023,
2020,23,669160,RHP,2020,
2020,24,666159,RHP,2021,
2020,25,682928,SS,2022,
2020,26,671221,OF,2023,
2020,27,672715,RHP,2021,
2020,28,668709,OF,2022,
2020,29,663898,2B/SS,2020,
2020,30,664761,3B/1B,2020,
2020,31,682985,OF,2022,
2020,32,666135,OF/1B,2021,
2020,33,669221,C,2020,
2020,34,675921,RHP,2021,
2020,35,682617,SS,2024,
2020,36,680570,RHP,2023,
2020,37,666120,RHP,2021,
2020,38,669302,RHP,2021,
2020,39,656605,RHP,2020,
2020,40,663611,2B,2021,
2020,41,663647,3B,2021,
2020,42,666134,OF/3B,2023,
2020,43,677565,OF,2025,
2020,44,669023,SS,2022,
2020,45,660644,OF/2B/SS,2022,
2020,46,669373,LHP,2021,
2020,47,669357,2B/3B,2022,
2020,48,666157,LHP,2022,
2020,49,677950,OF,2022,
2020,50,669134,C,2022,
2020,51,663538,SS/2B/OF,2020,
2020,52,657140,RHP,2020,
2020,53,668881,RHP,2022,
2020,54,691176,OF,2025,
2020,55,673962,3B,2023,
2020,56,657108,1B,2020,
2020,57,666211,OF,2021,
2020,58,669461,LHP,2023,
2020,59,663903,RHP,2020,
2020,60,640462,LHP,2022,
2020,61,663738,LHP,2021,
2020,62,677595,2B/SS/OF,2025,
2020,63,682626,C,2023,
2020,64,665833,SS,2022,
2020,65,671218,OF,2023,
2020,66,665862,SS/2B,2021,
2020,67,680686,RHP,2021,
2020,68,666622,LHP,2023,
2020,69,669084,LHP,2023,
2020,70,669127,C,2022,
2020,71,666183,OF,2023,
2020,72,669364,2B/OF,2023,
2020,73,660688,C,2021,
2020,74,669087,C/1B,2022,
2020,75,677954,3B/SS,2023,
2020,76,662139,C,2020,
2020,77,671213,1B,2023,
2020,78,680695,OF,2025,
2020,79,669016,OF,2021,
2020,80,660821,OF,2021,
2020,81,663616,OF,2021,
2020,82,672695,SS,2022,
2020,83,660813,RHP,2020,
2020,84,665795,RHP,2022,
2020,85,666364,RHP,2023,
2020,86,681082,SS,2022,
2020,87,657376,RHP,2022,
2020,88,682998,OF,2023,
2020,89,669358,RHP,2022,
2020,90,641703,RHP,2022,
2020,91,665620,RHP,2022,
2020,92,683146,3B/OF,2023,
2020,93,663624,OF/1B,2021,
2020,94,665804,C,2023,
2020,95,671289,SS/2B,2022,
2020,96,677593,SS,2024,
2020,97,680573,RHP,2024,
2020,98,671288,LHP,2023,
2020,99,669923,RHP,2022,
2021,1,677551,SS,2021,
2021,2,668939,C,2022,
2021,3,679529,1B/3B,2022,
2021,4,672284,OF,2021,
2021,5,677594,OF,2022,
2021,6,669022,LHP,2022,
2021,7,677951,SS/3B,2022,
2021,8,682928,SS,2022,
2021,9,663647,3B,2021,
2021,10,663878,RHP,2021,
2021,11,663554,RHP,2021,
2021,12,665506,OF,2022,
2021,13,666185,OF,2021,
2021,14,683734,1B/OF,2021,
2021,15,664350,RHP,2023,
2021,16,682617,SS,2024,
2021,17,668904,SS,2023,
2021,18,666120,RHP,2021,
2021,19,672715,RHP,2021,
2021,20,668709,OF,2022,
2021,21,682985,OF,2022,
2021,22,668885,SS/OF/2B,2024,
2021,23,663698,C,2022,
2021,24,669373,LHP,2021,
2021,25,666159,RHP,2021,
2021,26,666135,OF/1B,2021,
2021,27,680570,RHP,2023,
2021,28,676974,RHP,2024,
2021,29,663738,LHP,2021,
2021,30,669370,LHP,2024,
2021,31,676106,RHP,2024,
2021,32,691176,OF,2025,
2021,33,669302,RHP,2021,
2021,34,668227,OF,2021,
2021,35,671221,OF,2023,
2021,36,666134,OF/3B,2023,
2021,37,669461,LHP,2023,
2021,38,669357,2B/3B,2022,
2021,39,656629,RHP,2021,
2021,40,663611,2B,2021,
2021,41,666215,RHP,2023,
2021,42,675921,RHP,2021,
2021,43,693304,2B/SS,2023,
2021,44,671213,1B,2023,
2021,45,669134,C,2022,
2021,46,677954,3B/SS,2023,
2021,47,682998,OF,2023,
2021,48,682626,C,2023,
2021,49,669023,SS,2022,
2021,50,660644,OF/2B/SS,2022,
2021,51,682990,RHP,2023,
2021,52,669016,OF,2021,
2021,53,691728,OF,2026,
2021,54,677565,OF,2025,
2021,55,676979,LHP,2021,
2021,56,660688,C,2021,
2021,57,680686,RHP,2021,
2021,58,666157,LHP,2022,
2021,59,666622,LHP,2023,
2021,60,680695,OF,2025,
2021,61,690987,OF,2025,
2021,62,673962,3B,2023,
2021,63,665833,SS,2022,
2021,64,669003,OF,2023,
2021,65,665862,SS/2B,2021,
2021,66,677595,2B/SS/OF,2025,
2021,67,665795,RHP,2022,
2021,68,677008,OF,2024,
2021,69,669084,LHP,2023,
2021,70,668881,RHP,2022,
2021,71,656713,LHP,2021,
2021,72,669127,C,2022,
2021,73,672282,LHP,2022,
2021,74,682929,RHP,2026,
2021,75,690953,RHP,2025,
2021,76,663624,OF/1B,2021,
2021,77,669087,C/1B,2022,
2021,78,672695,SS,2022,
2021,79,663616,OF,2021,
2021,80,677950,OF,2022,
2021,81,671218,OF,2023,
2021,82,666183,OF,2023,
2021,83,663556,LHP,2021,
2021,84,669364,2B/OF,2023,
2021,85,690988,OF,2025,
2021,86,680573,RHP,2024,
2021,87,657376,RHP,2022,
2021,88,665804,C,2023,
2021,89,669358,RHP,2022,
2021,90,641540,RHP,2021,
2021,91,669923,RHP,2022,
2021,92,666915,3B/1B,2021,
2021,93,683146,3B/OF,2023,
2021,94,663886,C,2021,
2021,95,668930,SS/2B/OF,2023,
2021,96,666364,RHP,2023,
2021,97,671289,SS/2B,2022,
2021,98,676917,RHP,2025,
2021,99,666211,OF,2021,
2022,1,677951,SS/3B,2022,
2022,2,668939,C,2022,
2022,3,677594,OF,2022,
2022,4,679529,1B/3B,2022,
2022,5,682985,OF,2022,
2022,6,680570,RHP,2023,
2022,7,672515,C,2022,
2022,8,683011,SS,2023,
2022,9,682928,SS,2022,
2022,10,682626,C,2023,
2022,11,682622,3B/SS,2024,
2022,12,669358,RHP,2022,
2022,13,682617,SS,2024,
2022,14,691785,INF,2025,
2022,15,680695,OF,2025,
2022,16,671213,1B,2023,
2022,17,683004,RHP,2025,
2022,18,677950,OF,2022,
2022,19,682998,OF,2023,
2022,20,693304,2B/SS,2023,
2022,21,672282,LHP,2022,
2022,22,668881,RHP,2022,
2022,23,691783,INF,2025,
2022,24,680779,C,2023,
2022,25,696135,OF,2026,
2022,26,665833,SS,2022,
2022,27,683146,3B/OF,2023,
2022,28,682616,C,2025,
2022,29,673962,3B,2023,
2022,30,691023,OF/3B,2023,
2022,31,663698,C,2022,
2022,32,669923,RHP,2022,
2022,33,669357,2B/3B,2022,
2022,34,665795,RHP,2022,
2022,35,676974,RHP,2024,
2022,36,691728,OF,2026,
2022,37,690987,OF,2025,
2022,38,682619,2B/3B,2026,
2022,39,676917,RHP,2025,
2022,40,695549,RHP,2025,
2022,41,691587,RHP,2023,
2022,42,666157,LHP,2022,
2022,43,669461,LHP,2023,
2022,44,669134,C,2022,
2022,45,681082,SS,2022,
2022,46,668904,SS,2023,
2022,47,671655,OF,2026,
2022,48,668390,RHP,2023,
2022,49,691781,3B,2025,
2022,50,666139,OF,2022,
2022,51,669004,C,2022,
2022,52,668885,SS/OF/2B,2024,
2022,53,682982,RHP,2026,
2022,54,682990,RHP,2023,
2022,55,694377,2B/OF,2026,
2022,56,691016,C/1B,2023,
2022,57,676272,RHP,2023,
2022,58,664350,RHP,2023,
2022,59,669127,C,2022,
2022,60,672724,SS/2B,2023,
2022,61,691176,OF,2025,
2022,62,668472,1B,2022,
2022,63,682641,OF,2023,
2022,64,683002,3B/SS,2023,
2022,65,671739,OF,2023,
2022,66,681297,OF,2024,
2022,67,683737,INF,2024,
2022,68,681624,OF,2024,
2022,69,668709,OF,2022,
2022,70,686217,OF,2023,
2022,71,672710,RHP,2022,
2022,72,669370,LHP,2024,
2022,73,672356,INF,2023,
2022,74,671737,RHP,2023,
2022,75,690986,LHP,2024,
2022,76,682829,SS/3B,2023,
2022,77,660644,OF/2B/SS,2022,
2022,78,677595,2B/SS/OF,2025,
2022,79,678894,SS,2023,
2022,80,677954,3B/SS,2023,
2022,81,690953,RHP,2025,
2022,82,676106,RHP,2024,
2022,83,677649,INF,2023,
2022,84,677587,SS/2B,2024,
2022,85,680776,OF,2022,
2022,86,669022,LHP,2022,
2022,87,680574,SS/2B,2024,
2022,88,671289,SS/2B,2022,
2022,89,679822,2B/1B,2025,
2022,90,669084,LHP,2023,
2022,91,675659,OF/SS,2024,
2022,92,694183,SS/2B,2027,
2022,93,695670,C,2026,
2022,94,678246,3B/OF/1B,2023,
2022,95,669304,3B/2B/1B,2022,
2022,96,669224,C,2024,
2022,97,657746,RHP,2022,
2022,98,666374,RHP,2022,
2022,99,686796,LHP,2025,
2022,100,686894,OF,2023,
2023,1,683002,3B/SS,2023,
2023,2,682998,OF,2023,
2023,3,682626,C,2023,
2023,4,691023,OF/3B,2023,
2023,5,683011,SS,2023,
2023,6,691725,RHP,2026,
2023,7,680570,RHP,2023,
2023,8,694192,OF,2024,
2023,9,691785,INF,2025,
2023,10,682829,SS/3B,2023,
2023,11,691783,INF,2025,
2023,12,702616,2B/SS,2024,
2023,13,691587,RHP,2023,
2023,14,682616,C,2025,
2023,15,702258,OF,2028,
2023,16,682982,RHP,2026,
2023,17,695578,OF,2024,
2023,18,690986,LHP,2024,
2023,19,701538,SS/OF,2024,
2023,20,671737,RHP,2023,
2023,21,683146,3B/OF,2023,
2023,22,682617,SS,2024,
2023,23,671213,1B,2023,
2023,24,676272,RHP,2023,
2023,25,678662,SS,2023,
2023,26,702261,2B,2027,
2023,27,691728,OF,2026,
2023,28,691718,OF,2024,
2023,29,682622,3B/SS,2024,
2023,30,686217,OF,2023,
2023,31,686797,INF,2024,
2023,32,694357,LHP,2026,
2023,33,678554,3B/2B,2024,
2023,34,673962,3B,2023,
2023,35,690987,OF,2025,
2023,36,691006,C,2025,
2023,37,678246,3B/OF/1B,2023,
2023,38,695657,SS/3B,2025,
2023,39,691016,C/1B,2023,
2023,40,681297,OF,2024,
2023,41,694497,OF,2024,
2023,42,668909,RHP,2023,
2023,43,686613,RHP,2023,
2023,44,695490,SS/2B,2026,
2023,45,668904,SS,2023,
2023,46,701327,OF,2027,
2023,47,691176,OF,2025,
2023,48,690953,RHP,2025,
2023,49,695670,C,2026,
2023,50,691026,SS,2024,
2023,51,671655,OF,2026,
2023,52,672724,SS/2B,2023,
2023,53,681351,C,2023,
2023,54,683737,INF,2024,
2023,55,682848,C/1B,2023,
2023,56,694813,RHP,2024,
2023,57,680779,C,2023,
2023,58,676917,RHP,2025,
2023,59,694297,RHP,2023,
2023,60,682990,RHP,2023,
2023,61,694351,OF/3B,2025,
2023,62,688457,OF,2026,
2023,63,695549,RHP,2025,
2023,64,666310,C,2023,
2023,65,676440,RHP,2023,
2023,66,669391,RHP,2024,
2023,67,676974,RHP,2024,
2023,68,691182,2B,2025,
2023,69,702253,3B/1B,2027,
2023,70,686752,RHP,2023,
2023,71,682668,SS/OF/2B,2025,
2023,72,700246,SS,2026,
2023,73,700932,1B,2024,
2023,74,676059,INF,2023,
2023,75,677587,SS/2B,2024,
2023,76,686610,LHP,2023,
2023,77,693311,RHP,2026,
2023,78,683004,RHP,2025,
2023,79,700669,RHP,2025,
2023,80,677008,OF,2024,
2023,81,681624,OF,2024,
2023,82,800050,OF,2026,
2023,83,690291,3B/2B,2025,
2023,84,691011,C,2025,
2023,85,693049,OF,2023,
2023,86,678882,OF/SS,2024,
2023,87,682634,OF,2026,
2023,88,691181,OF,2026,
2023,89,687263,SS,2023,
2023,90,686894,OF,2023,
2023,91,676475,OF,2023,
2023,92,680695,OF,2025,
2023,93,694194,OF,2027,
2023,94,702548,RHP,2026,
2023,95,695865,RHP,2024,
2023,96,691267,OF,2025,
2023,97,669084,LHP,2023,
2023,98,682243,RHP,2023,
2023,99,687401,INF,2024,
2023,100,702266,RHP,2027,
2024,1,702616,2B/SS,2024,
2024,2,694192,OF,2024,
2024,3,694973,RHP,2024,
2024,4,691406,3B/2B,2024,
2024,5,694497,OF,2024,
2024,6,694671,OF,2024,
2024,7,686611,OF,2025,
2024,8,806956,C,2026,
2024,9,695657,SS/3B,2025,
2024,10,805805,OF,2026,
2024,11,691783,INF,2025,
2024,12,701538,SS/OF,2024,
2024,13,703601,OF,2026,
2024,14,695578,OF,2024,
2024,15,691785,INF,2025,
2024,16,691718,OF,2024,
2024,17,694212,C/1B,2026,
2024,18,686797,INF,2024,
2024,19,681297,OF,2024,
2024,20,700246,SS,2026,
2024,21,682622,3B/SS,2024,
2024,22,690993,3B/2B,2024,
2024,23,690986,LHP,2024,
2024,24,701350,OF,2025,
2024,25,695549,RHP,2025,
2024,26,690990,RHP,2025,
2024,27,691725,RHP,2026,
2024,28,691182,2B,2025,
2024,29,694357,LHP,2026,
2024,30,691723,3B/1B,2025,
2024,31,800050,OF,2026,
2024,32,677008,OF,2024,
2024,33,694819,RHP,2025,
2024,34,695076,RHP,2026,
2024,35,691620,C,2026,
2024,36,702281,LHP,2026,
2024,37,702284,2B/SS,2025,
2024,38,695670,C,2026,
2024,39,682617,SS,2024,
2024,40,691019,C,2025,
2024,41,691176,OF,2025,
2024,42,691181,OF,2026,
2024,43,691026,SS,2024,
2024,44,702261,2B,2027,
2024,45,702518,3B/SS/OF,2026,
2024,46,672012,1B,2026,
2024,47,683357,OF,2026,
2024,48,691781,3B,2025,
2024,49,690953,RHP,2025,
2024,50,702273,LHP,2026,
2024,51,683737,INF,2024,
2024,52,801403,RHP,2025,
2024,53,687551,OF,2025,
2024,54,807713,INF,2025,
2024,55,678554,3B/2B,2024,
2024,56,702266,RHP,2027,
2024,57,800611,RHP,2027,
2024,58,800060,1B,2027,
2024,59,700932,1B,2024,
2024,60,690291,3B/2B,2025,
2024,61,805795,SS,2027,
2024,62,683003,RHP,2024,
2024,63,687401,INF,2024,
2024,64,693311,RHP,2026,
2024,65,682634,OF,2026,
2024,66,682668,SS/OF/2B,2025,
2024,67,695490,SS/2B,2026,
2024,68,805779,SS,2025,
2024,69,700363,RHP,2025,
2024,70,683175,RHP,2025,
2024,71,806964,SS/3B,2027,
2024,72,692585,OF,2025,
2024,73,701649,2B/3B/OF,2026,
2024,74,694371,2B/OF,2026,
2024,75,687221,C/OF,2025,
2024,76,678882,OF/SS,2024,
2024,77,702222,OF,2026,
2024,78,702258,OF,2028,
2024,79,694224,OF,2026,
2024,80,693308,RHP,2026,
2024,81,687597,OF,2024,
2024,82,696143,LHP,2026,
2024,83,687931,LHP,2026,
2024,84,682987,OF,2026,
2024,85,689672,RHP,2024,
2024,86,703149,SS,2027,
2024,87,806068,SS,2026,
2024,88,702548,RHP,2026,
2024,89,682619,2B/3B,2026,
2024,90,694462,RHP,2025,
2024,91,677587,SS/2B,2024,
2024,92,694633,RHP,2027,
2024,93,696149,RHP,2026,
2024,94,805810,C,2027,
2024,95,694384,1B,2024,
2024,96,805811,1B,2026,
2024,97,691775,1B/OF,2026,
2024,98,695534,RHP,2026,
2024,99,694358,RHP,2027,
2024,100,682982,RHP,2026,
2025,1,808963,RHP,2025,
2025,2,701350,OF,2025,
2025,3,805805,OF,2026,
2025,4,686611,OF,2025,
2025,5,695549,RHP,2025,
2025,6,703601,OF,2026,
2025,7,692225,2B/SS/OF,2025,
2025,8,691725,RHP,2026,
2025,9,700246,SS,2026,
2025,10,683953,2B,2026,
2025,11,691783,INF,2025,
2025,12,691785,INF,2025,
2025,13,694212,C/1B,2026,
2025,14,691723,3B/1B,2025,
2025,15,696149,RHP,2026,
2025,16,702273,LHP,2026,
2025,17,806964,SS/3B,2027,
2025,18,815888,SS/3B,2027,
2025,19,807713,INF,2025,
2025,20,806068,SS,2026,
2025,21,691176,OF,2025,
2025,22,695506,1B/OF,2025,
2025,23,802139,INF,2026,
2025,24,805811,1B,2026,
2025,25,801403,RHP,2025,
2025,26,695505,RHP,2025,
2025,27,805795,SS,2027,
2025,28,805808,SS,2026,
2025,29,809707,1B/OF,2026,
2025,30,687221,C/OF,2025,
2025,31,805779,SS,2025,
2025,32,691019,C,2025,
2025,33,806956,C,2026,
2025,34,696146,LHP,2026,
2025,35,695076,RHP,2026,
2025,36,800050,OF,2026,
2025,37,691181,OF,2026,
2025,38,701762,1B,2025,
2025,39,695657,SS/3B,2025,
2025,40,800543,OF,2026,
2025,41,806258,LHP,2026,
2025,42,703155,OF,2026,
2025,43,804606,SS,2026,
2025,44,677958,RHP,2025,
2025,45,687273,LHP,2026,
2025,46,687075,RHP,2026,
2025,47,691620,C,2026,
2025,48,805810,C,2027,
2025,49,702284,2B/SS,2025,
2025,50,691730,RHP,2028,
2025,51,800060,1B,2027,
2025,52,690990,RHP,2025,
2025,53,800614,SS,2028,
2025,54,683357,OF,2026,
2025,55,695731,OF,2026,
2025,56,815908,SS,2027,
2025,57,806198,SS,2026,
2025,58,702518,3B/SS/OF,2026,
2025,59,701358,3B,2025,
2025,60,702693,OF,2027,
2025,61,807712,2B/OF/1B,2025,
2025,62,694197,SS/3B,2026,
2025,63,686948,C,2025,
2025,64,702222,OF,2026,
2025,65,695670,C,2026,
2025,66,700337,C,2025,
2025,67,694966,3B/2B,2027,
2025,68,695681,2B,2025,
2025,69,694208,C,2026,
2025,70,805809,RHP,2028,
2025,71,701328,LHP,2026,
2025,72,690976,INF,2026,
2025,73,701649,2B/3B/OF,2026,
2025,74,806958,SS,2028,
2025,75,814307,OF,2027,
2025,76,808265,SS,2027,
2025,77,693311,RHP,2026,
2025,78,702674,RHP,2025,
2025,79,703186,RHP,2027,
2025,80,802419,RHP,2026,
2025,81,806965,SS/2B,2028,
2025,82,699073,C/1B,2027,
2025,83,702261,2B,2027,
2025,84,701398,INF,2026,
2025,85,800611,RHP,2027,
2025,86,695600,C,2026,
2025,87,805796,SS,2028,
2025,88,702056,RHP,2026,
2025,89,807284,LHP,2027,
2025,90,682634,OF,2026,
2025,91,702253,3B/1B,2027,
2025,92,695490,SS/2B,2026,
2025,93,806953,C,2028,
2025,94,691003,1B,2026,
2025,95,800522,C/1B,2027,
2025,96,806071,OF,2028,
2025,97,800473,3B/SS,2027,
2025,98,703197,OF/2B,2026,
2025,99,815394,OF,2028,
2025,100,694819,RHP,2025,
